location_id,year,month,price_all_actual,mom_chg_actual,price_all_prepan_trnd,mom_chg_prepan_trnd
-1,2017,1,1249.790153395685,NA,1249.790153395685,NA
-1,2017,2,1253.7521943252907,0.0029184186144128876,1253.7521943252907,0.0029184186144128876
-1,2017,3,1259.8104361428518,0.005114117250524686,1259.8104361428518,0.005114117250524686
-1,2017,4,1270.0165338497159,0.008287646238832824,1270.0165338497159,0.008287646238832824
-1,2017,5,1283.1207227253255,0.010252548938716854,1283.1207227253255,0.010252548938716854
-1,2017,6,1294.1086075157166,0.008367409511374824,1294.1086075157166,0.008367409511374824
-1,2017,7,1299.763012125677,0.004350603522854435,1299.763012125677,0.004350603522854435
-1,2017,8,1299.148592478092,-7.774870122414512e-4,1299.148592478092,-7.774870122414512e-4
-1,2017,9,1294.6074155073177,-0.003474578567208675,1294.6074155073177,-0.003474578567208675
-1,2017,10,1287.1125373313148,-0.005526234418319231,1287.1125373313148,-0.005526234418319231
-1,2017,11,1280.4264241948315,-0.004661980536957766,1280.4264241948315,-0.004661980536957766
-1,2017,12,1274.7253295508856,-0.0042046445247582165,1274.7253295508856,-0.0042046445247582165
-1,2018,1,1274.438010713311,-3.378274428447181e-4,1274.438010713311,-3.378274428447181e-4
-1,2018,2,1278.6802074664997,0.0028369164264332447,1278.6802074664997,0.0028369164264332447
-1,2018,3,1288.8088706716924,0.007511528527920142,1288.8088706716924,0.007511528527920142
-1,2018,4,1301.6303796487464,0.009868632709674863,1301.6303796487464,0.009868632709674863
-1,2018,5,1316.1110071655862,0.011241259610303533,1316.1110071655862,0.011241259610303533
-1,2018,6,1328.3406937249306,0.009329971727770836,1328.3406937249306,0.009329971727770836
-1,2018,7,1336.5481366746696,0.005968074819313385,1336.5481366746696,0.005968074819313385
-1,2018,8,1340.2186283810906,0.002544692264898174,1340.2186283810906,0.002544692264898174
-1,2018,9,1337.0512271670607,-0.0024023689695759076,1337.0512271670607,-0.0024023689695759076
-1,2018,10,1331.553143149424,-0.003992185029105255,1331.553143149424,-0.003992185029105255
-1,2018,11,1324.958410017786,-0.004862645498391771,1324.958410017786,-0.004862645498391771
-1,2018,12,1322.4101389739935,-0.0019963870510442128,1322.4101389739935,-0.0019963870510442128
-1,2019,1,1322.8505522765868,3.0037181738729046e-4,1322.8505522765868,3.0037181738729046e-4
-1,2019,2,1326.7804611456966,0.002928102384790021,1326.7804611456966,0.002928102384790021
-1,2019,3,1335.1364052504573,0.006518971954933228,1335.1364052504573,0.006518971954933228
-1,2019,4,1345.7155170447697,0.00815927190575838,1345.7155170447697,0.00815927190575838
-1,2019,5,1358.5624646410586,0.009757650237900428,1358.5624646410586,0.009757650237900428
-1,2019,6,1370.1996136989,0.008396348452126112,1370.1996136989,0.008396348452126112
-1,2019,7,1377.9644382564425,0.0055262913323279594,1377.9644382564425,0.0055262913323279594
-1,2019,8,1379.893949274765,0.0012457142962620793,1379.893949274765,0.0012457142962620793
-1,2019,9,1374.6847229749567,-0.003761253367321471,1374.6847229749567,-0.003761253367321471
-1,2019,10,1367.3948543703725,-0.005112197768947224,1367.3948543703725,-0.005112197768947224
-1,2019,11,1359.8718529987964,-0.005186596032022983,1359.8718529987964,-0.005186596032022983
-1,2019,12,1356.4089563652342,-0.00226157902473878,1356.4089563652342,-0.00226157902473878
-1,2020,1,1357.5416951547554,7.807140447515515e-4,1357.5416951547554,7.807140447515515e-4
-1,2020,2,1362.5209377798103,0.0036393159252552376,1362.5209377798103,0.0036393159252552376
-1,2020,3,1368.4987242674738,0.004479832228865499,1371.2159186156496,0.0063815392444593515
-1,2020,4,1363.052865091015,-0.003214603431178298,1383.2440193618195,0.008771850284755356
-1,2020,5,1354.652386225483,-0.0050317381969889885,1397.6534838495995,0.010417152928973605
-1,2020,6,1347.0859569599245,-0.0041110836698666775,1409.8101479194781,0.008697909897090591
-1,2020,7,1349.7132840757386,0.0033559870623967036,1417.256280933005,0.00528165655816526
-1,2020,8,1351.4005944673734,0.0029166903677382283,1418.6796406512221,0.0010043065163062674
-1,2020,9,1348.8315538255936,-2.584695298438744e-4,1414.1218008528351,-0.0032127336347020177
-1,2020,10,1343.2791976441558,-0.002785816273911168,1407.2253092643004,-0.004876872405457237
-1,2020,11,1336.9094306638808,-0.004000685126053893,1400.3246412564956,-0.004903740689124174
-1,2020,12,1331.9031272180619,-0.0032051862998537795,1396.374507205397,-0.002820870200180403
-1,2021,1,1333.8629166729686,0.0014605769460338536,1396.348356165127,-1.8727812728713822e-5
-1,2021,2,1343.3702410018138,0.006990871011370858,1400.3900573568437,0.0028944791418787177
-1,2021,3,1359.9414205875782,0.012064504213971539,1409.326701465417,0.0063815392444593515
-1,2021,4,1383.4555551299354,0.017223026478923043,1421.68910429298,0.008771850284755356
-1,2021,5,1414.3568852078172,0.022221519940149426,1436.4990571098554,0.010417152928973605
-1,2021,6,1453.2613593594501,0.027254410711001098,1448.9935964758522,0.008697909897090591
-1,2021,7,1494.397597835048,0.027828917172219247,1456.6466830074185,0.00528165655816526
-1,2021,8,1531.8741652135104,0.024388294707483604,1458.1096027631188,0.0010043065163062674
-1,2021,9,1558.0478311487998,0.01658821894047957,1453.4250849992397,-0.0032127336347020177
-1,2021,10,1568.532031496855,0.006604110897698856,1446.3369163088078,-0.004876872405457237
-1,2021,11,1569.3149545824958,6.460948697100122e-4,1439.2444551221217,-0.004903740689124174
-1,2021,12,1567.8406590716659,-9.736817757919347e-4,1435.184533327893,-0.002820870200180403
-1,2022,1,1570.9978428117863,0.0017126222759493714,1435.1576554607213,-1.8727812728713822e-5
-1,2022,2,1579.780207426028,0.0053429104056994525,1439.3116893597603,0.0028944791418787177
-1,2022,3,1594.8198608864138,0.009357993549845789,1448.4967133904183,0.0063815392444593515
-1,2022,4,1615.271147495555,0.013025561004192276,1461.2027096982392,0.008771850284755356
-1,2022,5,1639.8526572629407,0.015364958833642417,1476.4242817853965,0.010417152928973605
-1,2022,6,1664.8711754964631,0.015308292372976817,1489.2660871582425,0.008697909897090591
-1,2022,7,1681.297677764081,0.009675260578512868,1497.1318791543351,0.00528165655816526
-1,2022,8,1685.2287903735648,0.002300711019492363,1498.6354584563396,0.0010043065163062674
-1,2022,9,1675.6346974846479,-0.005630417138154931,1493.8207419128,-0.0032127336347020177
-1,2022,10,1656.6734703592601,-0.010954702558602869,1486.5355687578658,-0.004876872405457237
-1,2022,11,1634.9633882192215,-0.012677534839525606,1479.2459838035177,-0.004903740689124174
-1,2022,12,1618.0610941773086,-0.00986927373543467,1475.0732228890697,-0.002820870200180403
-1,2023,1,1612.923448578488,-0.0029944167313696868,1475.0455979939904,-1.8727812728713822e-5
-1,2023,2,1617.85452967665,0.002834293307386826,1479.3150867107042,0.0028944791418787177
-1,2023,3,1629.0763263408007,0.006687074135592663,1488.7553939914694,0.0063815392444593515
-1,2023,4,1640.4254480246507,0.0068414868121693395,1501.8145334181845,0.008771850284755356
-1,2023,5,1652.3029019792195,0.0074202031368082455,1517.459165083757,0.010417152928973605
-1,2023,6,1661.9136386841953,0.005907137789637362,1530.6578881741696,0.008697909897090591
-1,2023,7,1667.3320319027848,0.0033867080404808014,1538.7422974475523,0.00528165655816526
-1,2023,8,1666.3726990384005,-7.881334910805338e-4,1540.287666363795,0.0010043065163062674
-1,2023,9,1657.8143178303428,-0.0050734080418755045,1535.3391323709516,-0.0032127336347020177
-1,2023,10,1645.4403936205028,-0.007269830858875781,1527.8514793232732,-0.004876872405457237
-1,2023,11,1630.5013138355469,-0.00857553681030332,1520.3592918571771,-0.004903740689124174
-1,2023,12,1618.18479029263,-0.007084975806895044,1516.0705556372097,-0.002820870200180403
-1,2024,1,1614.5767879653754,-0.002161227611483185,1516.0421629517605,-1.8727812728713822e-5
-1,2024,2,1619.0375335625126,0.002679376554571622,1520.430315370633,0.0028944791418787177
-1,2024,3,1630.1849222481908,0.006567713296536715,1530.1330010966365,0.0063815392444593515
-1,2024,4,1641.5545785767404,0.006832395927298451,1543.5550986980195,0.008771850284755356
-1,2024,5,1653.6292010926875,0.007331567072768719,1559.6345482154536,0.010417152928973605
-1,2024,6,1663.6077805907294,0.006073005323349534,1573.200108988221,0.008697909897090591
-1,2024,7,1669.2614884465359,0.0034967410395128073,1581.5092116611652,0.00528165655816526
-1,2024,8,1668.6939303248762,-3.3762957524996473e-4,1583.097531668035,0.0010043065163062674
-1,2024,9,1660.9330900037098,-0.004600933238672833,1578.0114609810314,-0.0032127336347020177
-1,2024,10,1648.6533624842073,-0.007244905298835924,1570.3157004314778,-0.004876872405457237
-1,2024,11,1635.4327455919313,-0.007848340224422934,1562.6152794365016,-0.004903740689124174
-1,2024,12,1626.3794472651552,-0.0054810716316870955,1558.2073445603928,-0.002820870200180403
-1,2025,1,1627.2104172763766,2.1465970017686686e-4,1558.1781627450512,-1.8727812728713822e-5
-1,2025,2,1635.3831934660093,0.004624846471972255,1562.6882769364477,0.0028944791418787177
-1,2025,3,1648.365361293914,0.007632474733695993,1572.660633502574,0.0063815392444593515
-1,2025,4,1659.1988903084746,0.0063365458706214906,1586.4557771283871,0.008771850284755356
-1,2025,5,1668.16035947198,0.005417964739746095,1602.9821295737872,0.010417152928973605
-1,2025,6,1674.373381723785,0.0035510822929893937,1616.9247237034663,0.008697909897090591
-1,2025,7,1677.2134547943285,0.001727520396482607,1625.4647647744741,0.00528165655816526
-1,2025,8,1676.6728680445406,-5.14062170013263e-4,1627.0972296297634,0.0010043065163062674
-1,2025,9,1670.2231715822072,-0.003800849782635063,1621.8697996332016,-0.0032127336347020177
-1,2025,10,1658.6636484455735,-0.006931975553122638,1613.960147562126,-0.004876872405457237
-1,2025,11,1643.2218631511332,-0.00910895245929455,1606.0457055159009,-0.004903740689124174
-1,2025,12,1632.0638397217183,-0.006634323146177512,1601.5152590450832,-0.002820870200180403
-1,2026,1,1630.4874562594468,-0.0010270671234308137,1601.4852661672296,-1.8727812728713822e-5
-1,2026,2,1636.359393249903,0.0033921989695127053,1606.1207318661768,0.0028944791418787177
-1,2026,3,1646.1138453623773,0.005664987132760979,1616.3702543479203,0.0063815392444593515
-1,2026,4,1656.325133488517,0.006008343105784242,1630.5488122237923,0.008771850284755356
-1,2026,5,1667.2883803974926,0.006368476777887988,1647.5344885588838,0.010417152928973605
-1,2026,6,1676.4643903235997,0.005226673848877983,1661.864595092718,0.008697909897090591
-1,2026,7,1682.1105763424678,0.003035727528218235,1670.6419931301723,0.00528165655816526
-1,2026,8,1684.9698783010108,0.0013310378318032168,1672.319829770288,0.0010043065163062674
0,2017,1,1068.3222,NA,1068.3222,NA
0,2017,2,1068.84293,4.7954602975863736e-4,1068.84293,4.7954602975863736e-4
0,2017,3,1072.98062,0.0038744724193484625,1072.98062,0.0038744724193484625
0,2017,4,1080.64721,0.0071487307355633245,1080.64721,0.0071487307355633245
0,2017,5,1090.87352,0.009455206289423979,1090.87352,0.009455206289423979
0,2017,6,1099.51095,0.007918596308133852,1099.51095,0.007918596308133852
0,2017,7,1104.67379,0.004698299293313779,1104.67379,0.004698299293313779
0,2017,8,1104.88878,1.932367149757308e-4,1104.88878,1.932367149757308e-4
0,2017,9,1102.18823,-0.0024343122102008508,1102.18823,-0.0024343122102008508
0,2017,10,1097.48316,-0.004273669804134239,1097.48316,-0.004273669804134239
0,2017,11,1092.58294,-0.004460580912863055,1092.58294,-0.004460580912863055
0,2017,12,1087.87445,-0.004311243096801087,1087.87445,-0.004311243096801087
0,2018,1,1086.34878,-0.0013996991300935235,1086.34878,-0.0013996991300935235
0,2018,2,1088.66998,0.002135240640310121,1088.66998,0.002135240640310121
0,2018,3,1095.99473,0.006718866420046821,1095.99473,0.006718866420046821
0,2018,4,1106.08352,0.009205998831396611,1106.08352,0.009205998831396611
0,2018,5,1117.82073,0.010614482013277637,1117.82073,0.010614482013277637
0,2018,6,1127.68985,0.008835249334810058,1127.68985,0.008835249334810058
0,2018,7,1134.60042,0.00612041442146305,1134.60042,0.00612041442146305
0,2018,8,1137.59868,0.002646498093518135,1137.59868,0.002646498093518135
0,2018,9,1135.46758,-0.001876430778468663,1135.46758,-0.001876430778468663
0,2018,10,1130.99725,-0.003935379563599017,1130.99725,-0.003935379563599017
0,2018,11,1125.76186,-0.004630386914123874,1125.76186,-0.004630386914123874
0,2018,12,1123.54864,-0.0019593714841923404,1123.54864,-0.0019593714841923404
0,2019,1,1123.52442,-2.5331847198328816e-5,1123.52442,-2.5331847198328816e-5
0,2019,2,1126.65875,0.00278657378087388,1126.65875,0.00278657378087388
0,2019,3,1133.54056,0.006113426803082023,1133.54056,0.006113426803082023
0,2019,4,1142.64776,0.008034750295025983,1142.64776,0.008034750295025983
0,2019,5,1153.17425,0.00920367648890319,1153.17425,0.00920367648890319
0,2019,6,1162.69096,0.008255895746177355,1162.69096,0.008255895746177355
0,2019,7,1169.02903,0.005446623093682046,1169.02903,0.005446623093682046
0,2019,8,1170.51421,0.0012781964040073923,1170.51421,0.0012781964040073923
0,2019,9,1166.1836,-0.003695958760881246,1166.1836,-0.003695958760881246
0,2019,10,1160.06869,-0.005247229950700372,1160.06869,-0.005247229950700372
0,2019,11,1154.03536,-0.00520130523320006,1154.03536,-0.00520130523320006
0,2019,12,1151.58234,-0.002133326756603493,1151.58234,-0.002133326756603493
0,2020,1,1152.48937,7.908948233461555e-4,1152.48937,7.908948233461555e-4
0,2020,2,1156.73781,0.003692041736124141,1156.73781,0.003692041736124141
0,2020,3,1160.98187,0.0036661581615078376,1163.1795925004874,0.005568921880825768
0,2020,4,1156.18542,-0.0041308131695716455,1172.6360409162087,0.008129826620661973
0,2020,5,1150.04104,-0.005317250292325659,1184.0783751140498,0.009757788263868269
0,2020,6,1145.95616,-0.003551408807988876,1193.9495397627343,0.008336580463040422
0,2020,7,1150.92517,0.00433400392419836,1200.4228702282494,0.0054217789361529585
0,2020,8,1154.87013,0.003437403400309069,1202.0706231634204,0.0013726437375004192
0,2020,9,1154.46228,-3.57349697485021e-4,1198.8624161762316,-0.0026689005831835866
0,2020,10,1150.71928,-0.003241950594151999,1193.4850069974184,-0.004485426439477876
0,2020,11,1145.96593,-0.004130545009337072,1187.799135793003,-0.004764091020062329
0,2020,12,1142.80853,-0.002756839320973037,1184.4717377069853,-0.0028013137791989737
0,2021,1,1145.75513,0.0025776726231241387,1183.6277832480057,-7.125154886459262e-4
0,2021,2,1153.7141,0.006943064387917364,1185.7588500136967,0.001800453483647546
0,2021,3,1167.38017,0.011853807156689822,1192.3622484189204,0.005568921880825768
0,2021,4,1186.11822,0.01604251999219808,1202.055946767589,0.008129826620661973
0,2021,5,1211.72025,0.021584201180592233,1213.7853541774707,0.009757788263868269
0,2021,6,1244.05082,0.026683265411582502,1223.904173447431,0.008336580463040422
0,2021,7,1278.19888,0.0274539859755889,1230.539911314898,0.0054217789361529585
0,2021,8,1309.9104,0.024805442055689797,1232.2290042179086,0.0013726437375004192
0,2021,9,1332.64842,0.01736069616608904,1228.9403075099356,-0.0026689005831835866
0,2021,10,1343.80192,0.008372043355224568,1223.4279861620903,-0.004485426439477876
0,2021,11,1346.13779,0.0017367545986932686,1217.5994638795223,-0.004764091020062329
0,2021,12,1345.59444,-4.017210575836261e-4,1214.1885857238115,-0.0028013137791989737
0,2022,1,1348.36815,0.002062291787848336,1213.3234575503461,-7.125154886459262e-4
0,2022,2,1356.03536,0.005678100263852182,1215.5079899962839,0.001800453483647546
0,2022,3,1367.88542,0.008741919234321216,1222.2770590380928,0.005568921880825768
0,2022,4,1383.37932,0.01132947014700214,1232.213959610485,0.008129826620661973
0,2022,5,1402.37825,0.013733155025203336,1244.237642524147,0.009757788263868269
0,2022,6,1423.08615,0.014764828251052853,1254.6103297461932,0.008336580463040422
0,2022,7,1437.45731,0.010099999999999998,1261.4125496050913,0.0054217789361529585
0,2022,8,1441.99983,0.003158103158103165,1263.144019641711,0.0013726437375004192
0,2022,9,1435.52178,-0.004490323599364521,1259.7728138310445,-0.0026689005831835866
0,2022,10,1422.37336,-0.00915994210599358,1254.1221955441513,-0.004485426439477876
0,2022,11,1406.66614,-0.01104552276138071,1248.1474432542984,-0.004764091020062329
0,2022,12,1394.20439,-0.008862270602755795,1244.650990623038,-0.0028013137791989737
0,2023,1,1389.78535,-0.0031642339491680938,1243.764157514261,-7.125154886459262e-4
0,2023,2,1392.80808,0.0021707966414090674,1246.0034970244935,0.001800453483647546
0,2023,3,1400.47506,0.005507193068497562,1252.9423931626584,0.005568921880825768
0,2023,4,1407.50422,0.00501976405076654,1263.1285975847481,0.008129826620661973
0,2023,5,1415.24571,0.0055002274910267435,1275.453938990017,0.009757788263868269
0,2023,6,1421.41988,0.004364045892869761,1286.0868633793089,0.008336580463040422
0,2023,7,1425.01816,0.0025329635673738693,1293.0597420452418,0.0054217789361529585
0,2023,8,1423.60255,-9.986418470880887e-4,1294.834652402374,0.0013726437375004192
0,2023,9,1415.8846,-0.0054180495021790565,1291.378867443451,-0.0026689005831835866
0,2023,10,1405.43204,-0.007387380143526356,1285.586482528037,-0.004485426439477876
0,2023,11,1392.71611,-0.009042213874178584,1279.4618315111118,-0.004764091020062329
0,2023,12,1382.46111,-0.007367216397931808,1275.8776574525402,-0.0028013137791989737
0,2024,1,1378.88785,-0.0025837665345617156,1274.9685748599882,-7.125154886459262e-4
0,2024,2,1381.84478,0.002146675748756266,1277.264096472136,0.001800453483647546
0,2024,3,1390.1385,0.006003995798232742,1284.3770804465728,0.005568921880825768
0,2024,4,1397.48278,0.005282284895326894,1294.8188434261556,0.008129826620661973
0,2024,5,1405.31377,0.005600757629759423,1307.4534115403746,0.009757788263868269
0,2024,6,1410.9562,0.004020212453544891,1318.3531021073577,0.008336580463040422
0,2024,7,1414.46126,0.002481139306894864,1325.5009211867755,0.0054217789361529585
0,2024,8,1412.8094,-0.001167072459102192,1327.3203617252934,0.0013726437375004192
0,2024,9,1405.69244,-0.005036362537520933,1323.7778756378134,-0.0026689005831835866
0,2024,10,1395.34541,-0.007359938447832559,1317.8401673544315,-0.004485426439477876
0,2024,11,1383.73047,-0.008332398445706879,1311.561856847261,-0.004764091020062329
0,2024,12,1375.40064,-0.006016414011559723,1307.887760545403,-0.0028013137791989737
0,2025,1,1373.77446,-0.0011795259133564606,1306.9558702586037,-7.125154886459262e-4
0,2025,2,1378.23174,0.003242347335163487,1309.3089835081844,0.001800453483647546
0,2025,3,1387.06872,0.006412109697670587,1316.6004229552045,0.005568921880825768
0,2025,4,1394.2153,0.005150355497645531,1327.3041561225207,0.008129826620661973
0,2025,5,1399.73203,0.003960355615437283,1340.2557090397165,0.009757788263868269
0,2025,6,1402.48834,0.001972366534836789,1351.4288585991753,0.008336580463040422
0,2025,7,1403.10108,4.3631345570394053e-4,1358.7560071184378,0.0054217789361529585
0,2025,8,1400.84051,-0.0016126414864700012,1360.6210950424,0.0013726437375004192
0,2025,9,1393.72532,-0.005079390879445755,1356.9897326083494,-0.0026689005831835866
0,2025,10,1382.36517,-0.008148095204059791,1350.903054983608,-0.004485426439477876
0,2025,11,1368.67172,-0.00991362892350145,1344.4672298703856,-0.004764091020062329
0,2025,12,1358.74454,-0.007247130261187729,1340.7009552936681,-0.0028013137791989737
0,2026,1,1356.28654,-0.0018119167565643357,1339.7456850973788,-7.125154886459262e-4
0,2026,2,1359.24424,0.002182443917486898,1342.1578348833143,0.001800453483647546
0,2026,3,1365.62727,0.004690411876792977,1349.6322070175177,0.005568921880825768
0,2026,4,1372.35107,0.004929034409453692,1360.6044828622314,0.008129826620661973
0,2026,5,1379.88793,0.0054855602219110455,1373.8809733168712,0.009757788263868269
0,2026,6,1385.61725,0.004156181675673443,1385.3344425975674,0.008336580463040422
0,2026,7,1388.86575,0.00234165579713852,1392.84541969797,0.0054217789361529585
0,2026,8,1390.21384,9.734105230800871e-4,1394.7573002406248,0.0013726437375004192
12060,2017,1,1120.14405,NA,1120.14405,NA
12060,2017,2,1126.09273,0.005314236185117283,1126.09273,0.005314236185117283
12060,2017,3,1133.18675,0.0063037978261790695,1133.18675,0.0063037978261790695
12060,2017,4,1136.36351,0.0027950615896736863,1136.36351,0.0027950615896736863
12060,2017,5,1145.8374,0.008347806599809493,1145.8374,0.008347806599809493
12060,2017,6,1157.31498,0.010015001666851875,1157.31498,0.010015001666851875
12060,2017,7,1164.77048,0.006436263116636587,1164.77048,0.006436263116636587
12060,2017,8,1166.02124,0.0010795151747038378,1166.02124,0.0010795151747038378
12060,2017,9,1162.09263,-0.0033715533715534818,1162.09263,-0.0033715533715534818
12060,2017,10,1158.73745,-0.002889896319833385,1158.73745,-0.002889896319833385
12060,2017,11,1157.4104,-0.0011400785692701199,1157.4104,-0.0011400785692701199
12060,2017,12,1154.1459,-0.002819070669288659,1154.1459,-0.002819070669288659
12060,2018,1,1154.03337,-9.65330832667366e-5,1154.03337,-9.65330832667366e-5
12060,2018,2,1154.33357,2.4825189292054795e-4,1154.33357,2.4825189292054795e-4
12060,2018,3,1161.36466,0.006094450189589873,1161.36466,0.006094450189589873
12060,2018,4,1170.61725,0.007962503597516601,1170.61725,0.007962503597516601
12060,2018,5,1184.63631,0.011978571817044648,1184.63631,0.011978571817044648
12060,2018,6,1195.78046,0.009404936247967788,1195.78046,0.009404936247967788
12060,2018,7,1205.00254,0.007720054839010171,1205.00254,0.007720054839010171
12060,2018,8,1211.27361,0.005204136892575484,1211.27361,0.005204136892575484
12060,2018,9,1214.56447,0.002719997897586257,1214.56447,0.002719997897586257
12060,2018,10,1210.2674,-0.0035381994496134217,1210.2674,-0.0035381994496134217
12060,2018,11,1203.52701,-0.0055760126249341235,1203.52701,-0.0055760126249341235
12060,2018,12,1200.15771,-0.0028036394413880616,1200.15771,-0.0028036394413880616
12060,2019,1,1203.03591,0.0024004031616360333,1203.03591,0.0024004031616360333
12060,2019,2,1207.96853,0.004101342859032853,1207.96853,0.004101342859032853
12060,2019,3,1215.9135,0.006574873180051233,1215.9135,0.006574873180051233
12060,2019,4,1223.71547,0.006427206325104073,1223.71547,0.006427206325104073
12060,2019,5,1230.88899,0.005852897184106087,1230.88899,0.005852897184106087
12060,2019,6,1237.65958,0.005508501971940305,1237.65958,0.005508501971940305
12060,2019,7,1243.57456,0.004771029179151398,1243.57456,0.004771029179151398
12060,2019,8,1247.10053,0.00284134541545078,1247.10053,0.00284134541545078
12060,2019,9,1243.73787,-0.0026929065523139117,1243.73787,-0.0026929065523139117
12060,2019,10,1238.34967,-0.004338200478609777,1238.34967,-0.004338200478609777
12060,2019,11,1230.65258,-0.006220759858104885,1230.65258,-0.006220759858104885
12060,2019,12,1224.8889,-0.004681841696844269,1224.8889,-0.004681841696844269
12060,2020,1,1221.70744,-0.002598820135658375,1221.70744,-0.002598820135658375
12060,2020,2,1224.65676,0.002423200187602559,1224.65676,0.002423200187602559
12060,2020,3,1228.58344,0.0031971303805364837,1232.401947043587,0.006324373731940058
12060,2020,4,1222.24052,-0.005156108304184448,1239.461462334004,0.005728257170764787
12060,2020,5,1214.08666,-0.006667361183456677,1250.2775300737408,0.008726425200320076
12060,2020,6,1211.3252,-0.0022810697430519777,1260.6666861571441,0.008309479962253322
12060,2020,7,1224.09536,0.010537933934249732,1268.620378153868,0.006309115711599385
12060,2020,8,1240.56466,0.0134576376969886,1272.479097406266,0.0030416658275767006
12060,2020,9,1252.60825,0.009712225600759572,1271.0605113994288,-0.0011148206754270453
12060,2020,10,1258.64865,0.004815756035578156,1266.4989733944512,-0.003588765416018861
12060,2020,11,1261.72007,0.002440597377306286,1261.0374705355491,-0.0043122836841030425
12060,2020,12,1264.89255,0.00252295892622878,1256.705995220096,-0.0034348506025069967
12060,2021,1,1270.57354,0.00449214817797472,1258.1536388899435,0.0011519350391846483
12060,2021,2,1279.2523,0.006827092911097399,1262.2065002429747,0.003221276979023561
12060,2021,3,1292.45412,0.010314280737552028,1270.1891658773952,0.006324373731940058
12060,2021,4,1314.16638,0.01679740896272297,1277.4651360750602,0.005728257170764787
12060,2021,5,1344.54009,0.023120617195731885,1288.612840031036,0.008726425200320076
12060,2021,6,1388.02629,0.032340546427387595,1299.3205426043764,0.008309479962253322
12060,2021,7,1440.47396,0.03778323089624802,1307.5181062541253,0.006309115711599385
12060,2021,8,1493.30917,0.03668386683314373,1311.4951393968563,0.0030416658275767006
12060,2021,9,1533.56647,0.026955011031410292,1310.0330574997347,-0.0011148206754270453
12060,2021,10,1554.39372,0.013585602789770723,1305.3316561691383,-0.003588765416018861
12060,2021,11,1559.19918,0.0030923295890887825,1299.7026957658968,-0.0043122836841030425
12060,2021,12,1553.42594,-0.0037054806406500163,1295.2384111782653,-0.0034348506025069967
12060,2022,1,1547.43221,-0.0038627049180327555,1296.7304416881996,0.0011519350391846483
12060,2022,2,1547.66503,1.542844800097587e-4,1300.9075696080088,0.003221276979023561
12060,2022,3,1553.80355,0.003969641498179799,1309.1349952689197,0.006324373731940058
12060,2022,4,1561.72439,0.005090961239039515,1316.6340571930682,0.005728257170764787
12060,2022,5,1573.98944,0.007857645152413939,1328.1235658093576,0.008726425200320076
12060,2022,6,1591.62686,0.01120414189216512,1339.1595819668469,0.008309479962253322
12060,2022,7,1606.38066,0.00926999999999989,1347.6084947257725,0.006309115711599385
12060,2022,8,1611.35639,0.00310125139952655,1351.707469433132,0.0030416658275767006
12060,2022,9,1602.52401,-0.005482022915843432,1350.200557999079,-0.0011148206754270453
12060,2022,10,1585.24976,-0.010786115111486305,1345.3550049318424,-0.003588765416018861
12060,2022,11,1565.12596,-0.012690890470787974,1339.5534524947482,-0.0043122836841030425
12060,2022,12,1548.46507,-0.010647277164793745,1334.9522865113563,-0.0034348506025069967
12060,2023,1,1541.9725,-0.004193734067922006,1336.4900648258283,0.0011519350391846483
12060,2023,2,1543.26452,8.360858794385084e-4,1340.7952695043455,0.003221276979023561
12060,2023,3,1548.17617,0.0031868483204586795,1349.274959886708,0.006324373731940058
12060,2023,4,1549.6326,9.458209108665905e-4,1357.0039538510125,0.005728257170764787
12060,2023,5,1549.78843,9.24385283784801e-5,1368.845747350832,0.008726425200320076
12060,2023,6,1549.6977,-5.134999127054396e-5,1380.2201436598593,0.008309479962253322
12060,2023,7,1548.12247,-0.0010167820389046511,1388.9281122536897,0.006309115711599385
12060,2023,8,1540.30306,-0.0050582417469440255,1393.1527674296922,0.0030416658275767006
12060,2023,9,1526.00296,-0.009279256006199943,1391.5996519205332,-0.0011148206754270453
12060,2023,10,1510.22955,-0.010336159871502049,1386.6055272167769,-0.003588765416018861
12060,2023,11,1492.60293,-0.011677170499336142,1380.6260908254726,-0.0043122836841030425
12060,2023,12,1478.28526,-0.00958647017424119,1375.883846465564,-0.0034348506025069967
12060,2024,1,1470.52292,-0.005254147869809156,1377.4687752781558,0.0011519350391846483
12060,2024,2,1471.77046,8.55061640202992e-4,1381.9059837332832,0.003221276979023561
12060,2024,3,1478.80657,0.0047799286255001405,1390.6456736368166,0.006324373731940058
12060,2024,4,1480.16288,9.148441536077634e-4,1398.6116496888199,0.005728257170764787
12060,2024,5,1480.71938,3.763562265450826e-4,1410.8165296341256,0.008726425200320076
12060,2024,6,1479.08202,-0.001107145928282871,1422.5396813175364,0.008309479962253322
12060,2024,7,1480.76232,0.0011406557694584318,1431.5146487713102,0.006309115711599385
12060,2024,8,1477.31936,-0.0023324555274896186,1435.8688379601533,0.0030416658275767006
12060,2024,9,1470.40337,-0.0046758171906311485,1434.268101692394,-0.0011148206754270453
12060,2024,10,1458.25034,-0.008269830273640477,1429.1208499317413,-0.003588765416018861
12060,2024,11,1447.4697,-0.007389216328312687,1422.9580754079693,-0.0043122836841030425
12060,2024,12,1439.65842,-0.005398986178155485,1418.070427005312,-0.0034348506025069967
12060,2025,1,1438.85522,-5.527793746958887e-4,1419.7039520182109,0.0011519350391846483
12060,2025,2,1442.49519,0.0025220680958384367,1424.2772116758758,0.003221276979023561
12060,2025,3,1447.18397,0.0032549928279819174,1433.2848730603996,0.006324373731940058
12060,2025,4,1450.18444,0.002067638163321339,1441.4950974122567,0.005728257170764787
12060,2025,5,1452.71128,0.0017450857726120095,1454.0741965564528,0.008726425200320076
12060,2025,6,1457.26666,0.003133491103514796,1466.1567969563682,0.008309479962253322
12060,2025,7,1462.13831,0.003342143777714801,1475.406949839714,0.006309115711599385
12060,2025,8,1464.16268,0.0013933641034571398,1479.8946447408107,0.0030416658275767006
12060,2025,9,1459.76406,-0.0030111314027305713,1478.2448275933998,-0.0011148206754270453
12060,2025,10,1450.39154,-0.006422068363953648,1472.9397536797242,-0.003588765416018861
12060,2025,11,1439.33833,-0.007615828632881905,1466.5880196122641,-0.0043122836841030425
12060,2025,12,1430.18872,-0.006358368719037499,1461.5505088694695,-0.0034348506025069967
12060,2026,1,1428.45897,-0.001213038494496721,1463.2341201121742,0.0011519350391846483
12060,2026,2,1430.75469,0.0016156348887996774,1467.9476024982134,0.003221276979023561
12060,2026,3,1435.79175,0.0035152904008097785,1477.2314517553175,0.006324373731940058
12060,2026,4,1439.7105,0.002727000631866039,1485.6934134117141,0.005728257170764787
12060,2026,5,1444.77344,0.0035155602233154504,1498.6582058544598,0.008726425200320076
12060,2026,6,1449.94565,0.003580359798618593,1511.1112761862742,0.008309479962253322
12060,2026,7,1453.76525,0.0026345254561022102,1520.645052080836,0.006309115711599385
12060,2026,8,1457.28868,0.0024305327465019566,1525.2703461716237,0.0030416658275767006
12420,2017,1,1166.8645,NA,1166.8645,NA
12420,2017,2,1167.30849,3.7348530957781456e-4,1167.30849,3.7348530957781456e-4
12420,2017,3,1169.60637,0.0019773503505302603,1169.60637,0.0019773503505302603
12420,2017,4,1177.38204,0.006637961966271977,1177.38204,0.006637961966271977
12420,2017,5,1184.62528,0.0061554912740084955,1184.62528,0.0061554912740084955
12420,2017,6,1195.88969,0.009510573359494234,1195.88969,0.009510573359494234
12420,2017,7,1202.99844,0.00593872317451738,1202.99844,0.00593872317451738
12420,2017,8,1207.19604,0.0034885281094860776,1207.19604,0.0034885281094860776
12420,2017,9,1201.33348,-0.0048535900521460285,1201.33348,-0.0048535900521460285
12420,2017,10,1189.96481,-0.00945893291413058,1189.96481,-0.00945893291413058
12420,2017,11,1178.40102,-0.009712030166976415,1178.40102,-0.009712030166976415
12420,2017,12,1167.16604,-0.009547029736874602,1167.16604,-0.009547029736874602
12420,2018,1,1163.04751,-0.003526483197344721,1163.04751,-0.003526483197344721
12420,2018,2,1162.85685,-1.6653944903199935e-4,1162.85685,-1.6653944903199935e-4
12420,2018,3,1171.40934,0.007356717515927924,1171.40934,0.007356717515927924
12420,2018,4,1181.15883,0.008322654430711118,1181.15883,0.008322654430711118
12420,2018,5,1193.89164,0.010782076335460467,1193.89164,0.010782076335460467
12420,2018,6,1208.44718,0.012194792201822402,1208.44718,0.012194792201822402
12420,2018,7,1225.45778,0.014078110808356081,1225.45778,0.014078110808356081
12420,2018,8,1236.24151,0.008798503727509788,1236.24151,0.008798503727509788
12420,2018,9,1234.73551,-0.0012142577359968154,1234.73551,-0.0012142577359968154
12420,2018,10,1229.08079,-0.004588415231969845,1229.08079,-0.004588415231969845
12420,2018,11,1220.06632,-0.007328027736191012,1220.06632,-0.007328027736191012
12420,2018,12,1215.67936,-0.0035984547811821477,1215.67936,-0.0035984547811821477
12420,2019,1,1212.5188,-0.0026023686866005757,1212.5188,-0.0026023686866005757
12420,2019,2,1216.3465,0.0031549520766773753,1216.3465,0.0031549520766773753
12420,2019,3,1223.55379,0.005931764799554262,1223.55379,0.005931764799554262
12420,2019,4,1233.29352,0.007954725344309077,1233.29352,0.007954725344309077
12420,2019,5,1244.83991,0.009370869161202444,1244.83991,0.009370869161202444
12420,2019,6,1259.02679,0.011397378214021758,1259.02679,0.011397378214021758
12420,2019,7,1272.4888,0.010692033537601509,1272.4888,0.010692033537601509
12420,2019,8,1282.08942,0.007534628849764191,1282.08942,0.007534628849764191
12420,2019,9,1280.7077,-0.0010701246380461216,1280.7077,-0.0010701246380461216
12420,2019,10,1271.88945,-0.006893944167874477,1271.88945,-0.006893944167874477
12420,2019,11,1263.07443,-0.006929109875885242,1263.07443,-0.006929109875885242
12420,2019,12,1259.93692,-0.0024791698614731184,1259.93692,-0.0024791698614731184
12420,2020,1,1261.10051,9.223910425579795e-4,1261.10051,9.223910425579795e-4
12420,2020,2,1263.6454,0.0020222705746832936,1263.6454,0.0020222705746832936
12420,2020,3,1267.40448,0.0029761904761904656,1270.0755997418587,0.005088610888670815
12420,2020,4,1261.98834,-0.004279110046993662,1279.7770052103126,0.007638447247097391
12420,2020,5,1249.23304,-0.010104239943723226,1290.9999826843575,0.008769478923557136
12420,2020,6,1237.5995,-0.009315847276955891,1305.2451965646133,0.011034247925112798
12420,2020,7,1236.34593,-0.0010172939979654627,1318.6060638389597,0.010236289173491656
12420,2020,8,1236.52164,1.4361063240908578e-4,1327.3183844979333,0.006607220228920019
12420,2020,9,1231.04097,-0.004425183077264472,1324.1602638214933,-0.0023793241420629885
12420,2020,10,1222.40853,-0.007014737504589141,1314.917054769748,-0.006980430771324968
12420,2020,11,1219.30872,-0.002535222426154893,1304.41123226931,-0.007989722593017556
12420,2020,12,1220.02533,5.824651513748336e-4,1297.6175740449817,-0.005208218126509956
12420,2021,1,1230.58198,0.008652510418733828,1293.6411210883186,-0.0030644259419726483
12420,2021,2,1244.48095,0.011293432495179667,1295.0908175604832,0.0011206326457410634
12420,2021,3,1265.10279,0.016575875486381397,1301.681030796539,0.005088610888670815
12420,2021,4,1290.52583,0.02009492459618767,1311.6238526828258,0.007638447247097391
12420,2021,5,1325.94017,0.02744112165897472,1323.1261104145626,0.008769478923557136
12420,2021,6,1371.79317,0.03458434270271571,1337.725811953067,0.011034247925112798
12420,2021,7,1423.2034,0.03747587894761617,1351.4191601990626,0.010236289173491656
12420,2021,8,1472.22776,0.03444365055062204,1360.34828421208,0.006607220228920019
12420,2021,9,1501.94784,0.02019515404012706,1357.1115746978403,-0.0023793241420629885
12420,2021,10,1517.16855,0.01012337187808976,1347.638351301698,-0.006980430771324968
12420,2021,11,1515.37168,-0.001180926442113317,1336.8710947190862,-0.007989722593017556
12420,2021,12,1518.03795,0.0017575066838511066,1329.908378450763,-0.005208218126509956
12420,2022,1,1521.34574,0.0021797380061245875,1325.8329727153919,-0.0030644259419726483
12420,2022,2,1536.92569,0.010249010641571132,1327.3187444274167,0.0011206326457410634
12420,2022,3,1553.69158,0.010901185687730353,1334.072953043047,0.005088610888670815
12420,2022,4,1572.57862,0.012154960158741623,1344.2631989186457,0.007638447247097391
12420,2022,5,1591.11596,0.011793445348825315,1356.0516867092763,0.008769478923557136
12420,2022,6,1614.10381,0.014445706865768626,1371.014697219694,0.011034247925112798
12420,2022,7,1631.76287,0.01093999999999995,1385.048800121542,0.010236289173491656
12420,2022,8,1635.82334,0.002492729538845051,1394.2001225717465,0.006607220228920019
12420,2022,9,1624.64094,-0.006837961044343199,1390.8828685612443,-0.0023793241420629885
12420,2022,10,1602.51396,-0.01362105451402329,1381.1739069862306,-0.006980430771324968
12420,2022,11,1583.24871,-0.012026349187163943,1370.1387106166965,-0.007989722593017556
12420,2022,12,1563.52146,-0.012458200799282282,1363.0027293482296,-0.005208218126509956
12420,2023,1,1556.14067,-0.004717857659034097,1358.8259084254355,-0.0030644259419726483
12420,2023,2,1552.28485,-0.0024790216681015442,1360.348653098296,0.0011206326457410634
12420,2023,3,1559.59109,0.0047104086513465315,1367.2709380668402,0.005088610888670815
12420,2023,4,1561.03357,9.211057408691214e-4,1377.7147649997532,0.007638447247097391
12420,2023,5,1562.96306,0.001240797419141293,1389.796605594092,0.008769478923557136
12420,2023,6,1561.81209,-7.435558493059657e-4,1405.1319659056976,0.011034247925112798
12420,2023,7,1560.14376,-0.0010644894584538322,1419.515303035625,0.010236289173491656
12420,2023,8,1549.45713,-0.006848960758144895,1428.8943532611036,0.006607220228920019
12420,2023,9,1528.90359,-0.013261107349341161,1425.494550429932,-0.0023793241420629885
12420,2023,10,1509.64799,-0.012594750955427503,1415.5439844057548,-0.006980430771324968
12420,2023,11,1488.97821,-0.01369628671321188,1404.234180652138,-0.007989722593017556
12420,2023,12,1475.90559,-0.008780678171884437,1396.9206227386005,-0.005208218126509956
12420,2024,1,1460.66772,-0.010323935344167645,1392.6398629434038,-0.0030644259419726483
12420,2024,2,1454.15201,-0.004464384379074815,1394.2005006375787,0.0011206326457410634
12420,2024,3,1449.1995,-0.003396603396603415,1401.2950444861133,0.005088610888670815
12420,2024,4,1444.71775,-0.0030963200570257587,1411.9987627610394,0.007638447247097391
12420,2024,5,1446.02977,9.049672647645224e-4,1424.3812561511609,0.008769478923557136
12420,2024,6,1443.85676,-0.0014957527319812147,1440.0982320714163,0.011034247925112798
12420,2024,7,1442.82373,-7.154595150526966e-4,1454.8394940131334,0.010236289173491656
12420,2024,8,1431.11935,-0.008121804696327173,1464.4519389478087,0.006607220228920019
12420,2024,9,1418.35019,-0.00892142156254594,1460.9675330945793,-0.0023793241420629885
12420,2024,10,1400.80752,-0.012370265841223471,1450.769350370659,-0.006980430771324968
12420,2024,11,1382.79722,-0.012847842369072993,1439.178105714745,-0.007989722593017556
12420,2024,12,1364.49876,-0.013236839033500702,1431.6825522172853,-0.005208218126509956
12420,2025,1,1355.79012,-0.0063878111100595936,1427.2952670636012,-0.0030644259419726483
12420,2025,2,1353.65402,-0.0015715034049240684,1428.8947407349845,0.0011206326457410634
12420,2025,3,1356.53744,0.002134408089287332,1436.165830071453,0.005088610888670815
12420,2025,4,1356.25849,-2.1417607653217985e-4,1447.1359070025376,0.007638447247097391
12420,2025,5,1353.91066,-0.0017256768818804114,1459.8265348385191,0.008769478923557136
12420,2025,6,1349.98895,-0.002896995708154604,1475.9346227515857,0.011034247925112798
12420,2025,7,1345.1772,-0.0035630163683536553,1491.0427163512393,0.010236289173491656
12420,2025,8,1338.39248,-0.005039657303303358,1500.894363948899,0.006607220228920019
12420,2025,9,1327.25999,-0.00832137387088605,1497.3232497540691,-0.0023793241420629885
12420,2025,10,1310.59678,-0.012550316798209837,1486.8712884668655,-0.006980430771324968
12420,2025,11,1292.09891,-0.01411382193923405,1474.9915993404927,-0.007989722593017556
12420,2025,12,1279.41502,-0.009818740552897665,1467.309521356358,-0.005208218126509956
12420,2026,1,1275.72314,-0.0028890430833280467,1462.8130599942099,-0.0030644259419726483
12420,2026,2,1276.76178,8.097575788248434e-4,1464.452336063856,0.0011206326457410634
12420,2026,3,1279.1423,0.00187104930467763,1471.9043641670896,0.005088610888670815
12420,2026,4,1281.89281,0.0021451645467394087,1483.1474280055525,0.007638447247097391
12420,2026,5,1286.09399,0.003286408622730441,1496.153858115975,0.008769478923557136
12420,2026,6,1293.02922,0.005384103716161048,1512.662790720541,0.011034247925112798
12420,2026,7,1296.75685,0.002883607130373944,1528.1468444683373,0.010236289173491656
12420,2026,8,1300.23517,0.0026886070277198915,1538.2436472118688,0.006607220228920019
12580,2017,1,1320.01555,NA,1320.01555,NA
12580,2017,2,1329.67783,0.007324389958832667,1329.67783,0.007324389958832667
12580,2017,3,1345.70085,0.012054095169337531,1345.70085,0.012054095169337531
12580,2017,4,1355.7154,0.007439300909530822,1355.7154,0.007439300909530822
12580,2017,5,1363.67341,0.005867030827200637,1363.67341,0.005867030827200637
12580,2017,6,1367.42771,0.002752985543683195,1367.42771,0.002752985543683195
12580,2017,7,1372.59469,0.0037733956800261037,1372.59469,0.0037733956800261037
12580,2017,8,1374.27911,0.0012364181341326663,1374.27911,0.0012364181341326663
12580,2017,9,1374.61727,2.3699933889664848e-4,1374.61727,2.3699933889664848e-4
12580,2017,10,1366.60125,-0.005823814037013153,1366.60125,-0.005823814037013153
12580,2017,11,1358.41717,-0.0059959107387012045,1358.41717,-0.0059959107387012045
12580,2017,12,1346.42708,-0.008820968413613794,1346.42708,-0.008820968413613794
12580,2018,1,1344.11679,-0.0017187818292931922,1344.11679,-0.0017187818292931922
12580,2018,2,1344.38795,2.0405820760371896e-4,1344.38795,2.0405820760371896e-4
12580,2018,3,1358.40665,0.01043034746573146,1358.40665,0.01043034746573146
12580,2018,4,1365.35184,0.005110861527201083,1365.35184,0.005110861527201083
12580,2018,5,1376.16416,0.007922358376858174,1376.16416,0.007922358376858174
12580,2018,6,1378.62077,0.0017812877589407083,1378.62077,0.0017812877589407083
12580,2018,7,1383.03804,0.003208077391758435,1383.03804,0.003208077391758435
12580,2018,8,1380.05275,-0.002169062964799129,1380.05275,-0.002169062964799129
12580,2018,9,1375.96022,-0.0029563381156449964,1375.96022,-0.0029563381156449964
12580,2018,10,1373.48035,-0.0018064709033599469,1373.48035,-0.0018064709033599469
12580,2018,11,1373.11587,-2.621002970470965e-4,1373.11587,-2.621002970470965e-4
12580,2018,12,1372.12434,-7.240858416249774e-4,1372.12434,-7.240858416249774e-4
12580,2019,1,1373.85314,0.0012618217707982549,1373.85314,0.0012618217707982549
12580,2019,2,1376.37274,0.00183419844280297,1376.37274,0.00183419844280297
12580,2019,3,1385.21985,0.006426623158261702,1385.21985,0.006426623158261702
12580,2019,4,1398.52979,0.009603128441842967,1398.52979,0.009603128441842967
12580,2019,5,1416.63166,0.01294387311081957,1416.63166,0.01294387311081957
12580,2019,6,1429.53467,0.009111920521787553,1429.53467,0.009111920521787553
12580,2019,7,1435.93454,0.0044728511128167,1435.93454,0.0044728511128167
12580,2019,8,1432.49095,-0.002399570226228054,1432.49095,-0.002399570226228054
12580,2019,9,1426.14998,-0.004415777128907283,1426.14998,-0.004415777128907283
12580,2019,10,1415.73292,-0.007308131498287129,1415.73292,-0.007308131498287129
12580,2019,11,1409.49944,-0.004407473331153766,1409.49944,-0.004407473331153766
12580,2019,12,1404.68403,-0.0034175352395314773,1404.68403,-0.0034175352395314773
12580,2020,1,1407.71744,0.002160064435820397,1407.71744,0.002160064435820397
12580,2020,2,1411.61211,0.0027642811042511983,1411.61211,0.0027642811042511983
12580,2020,3,1417.24914,0.003995336749811784,1425.2158468622906,0.009637021931110231
12580,2020,4,1413.51095,-0.002636830964620418,1435.7402539357224,0.0073844302928582906
12580,2020,5,1413.10893,-2.789332621851992e-4,1448.5342608772203,0.008911087438292794
12580,2020,6,1414.44142,9.462115146663397e-4,1455.1232539722973,0.004548731274803819
12580,2020,7,1424.07383,0.006799011052937676,1460.6790717988142,0.003818108061533746
12580,2020,8,1430.42742,0.004465951632901088,1459.056639533368,-0.001110738352298172
12580,2020,9,1435.46818,0.003523321029672566,1455.5864601213723,-0.002378371968551877
12580,2020,10,1436.80917,9.314767489072562e-4,1448.3384078867828,-0.004979472146220076
12580,2020,11,1440.45961,0.0025412809010212367,1443.1893310043495,-0.0035551614556340225
12580,2020,12,1444.14426,0.002558640469361828,1436.953507384002,-0.004320863164923416
12580,2021,1,1448.61903,0.003098143487963556,1436.6251922046076,-2.2848002924746869e-4
12580,2021,2,1455.19662,0.004544109815987296,1441.108730199455,0.003120882203079785
12580,2021,3,1465.5195,0.0070916137544321245,1454.9967266375015,0.009637021931110231
12580,2021,4,1491.70474,0.017873226421494692,1465.7410485416933,0.0073844302928582906
12580,2021,5,1526.272,0.023167354255966943,1478.8023951871432,0.008911087438292794
12580,2021,6,1566.70211,0.02649519851743687,1485.5290698913857,0.004548731274803819
12580,2021,7,1603.29995,0.023360395649604904,1491.2009804087807,0.003818108061533746
12580,2021,8,1632.34981,0.018112029424028897,1489.5446462888563,-0.001110738352298172
12580,2021,9,1651.39201,0.011667349274860017,1486.0019550562163,-0.002378371968551877
12580,2021,10,1656.98736,0.00338405962588495,1478.602449711785,-0.004979472146220076
12580,2021,11,1656.21864,-4.5520380715913245e-4,1473.3457792743636,-0.0035551614556340225
12580,2021,12,1649.56973,-0.00401589798791091,1466.9796537675018,-0.004320863164923416
12580,2022,1,1643.20941,-0.003855426694932884,1466.6444782133037,-2.2848002924746869e-4
12580,2022,2,1643.20798,0,1471.2217028636046,0.003120882203079785
12580,2022,3,1654.87793,0.007093900288972055,1485.3998986796264,0.009637021931110231
12580,2022,4,1674.93231,0.01211970539793028,1496.3687306884449,0.0073844302928582906
12580,2022,5,1696.33233,0.01278311686982514,1509.7030032875366,0.008911087438292794
12580,2022,6,1714.23546,0.010550143498120335,1516.5702365542559,0.004548731274803819
12580,2022,7,1722.70224,0.0049399999999999444,1522.3606656003262,0.003818108061533746
12580,2022,8,1718.76345,-0.0022886938523692946,1520.669721223014,-0.001110738352298172
12580,2022,9,1709.74624,-0.0052461501635681085,1517.0530029846316,-0.002378371968551877
12580,2022,10,1693.77405,-0.009344482544266008,1509.49887981193,-0.004979472146220076
12580,2022,11,1678.71089,-0.008886100034410926,1504.1323675770998,-0.0035551614556340225
12580,2022,12,1663.34771,-0.009159790866759332,1497.6332174348668,-0.004320863164923416
12580,2023,1,1664.5501,7.317249126568282e-4,1497.2910381535453,-2.2848002924746869e-4
12580,2023,2,1672.82363,0.0049638524438220255,1501.9639071073493,0.003120882203079785
12580,2023,3,1690.46233,0.010544761436301009,1516.4383662198788,0.009637021931110231
12580,2023,4,1701.5878,0.006581282386703524,1527.6363996286454,0.0073844302928582906
12580,2023,5,1713.45035,0.006971449295803067,1541.2493011596553,0.008911087438292794
12580,2023,6,1722.5796,0.005332452928346942,1548.2600300581096,0.004548731274803819
12580,2023,7,1729.49018,0.004010469015892637,1554.1714541602248,0.003818108061533746
12580,2023,8,1730.01974,3.072653384874613e-4,1552.445176320042,-0.001110738352298172
12580,2023,9,1718.97826,-0.00638122888199677,1548.752884229969,-0.002378371968551877
12580,2023,10,1706.34996,-0.007349641493064163,1541.040912381568,-0.004979472146220076
12580,2023,11,1690.97995,-0.009011452682338716,1535.5622631283136,-0.0035551614556340225
12580,2023,12,1682.72759,-0.004876169621767401,1528.9273087081162,-0.004320863164923416
12580,2024,1,1680.99208,-0.0010289113913735104,1528.5779793519052,-2.2848002924746869e-4
12580,2024,2,1690.55186,0.00568013787336441,1533.3484911636842,0.003120882203079785
12580,2024,3,1706.16216,0.00923766452371777,1548.1254042010632,0.009637021931110231
12580,2024,4,1722.11617,0.009354057611349331,1559.557428332989,0.0073844302928582906
12580,2024,5,1737.76599,0.009088194306191566,1573.4547809419034,0.008911087438292794
12580,2024,6,1749.32296,0.006648713168200482,1580.6120039134632,0.004548731274803819
12580,2024,7,1760.00175,0.006105030035179926,1586.6469513477623,0.003818108061533746
12580,2024,8,1761.357,7.694555371580147e-4,1584.8846017273434,-0.001110738352298172
12580,2024,9,1757.58381,-0.002141140059757296,1581.1151566172057,-0.002378371968551877
12580,2024,10,1743.21471,-0.00817329731100469,1573.242037734864,-0.004979472146220076
12580,2024,11,1733.01716,-0.005851058599089298,1567.6489082819257,-0.0035551614556340225
12580,2024,12,1726.77654,-0.003600538102397799,1560.875311858598,-0.004320863164923416
12580,2025,1,1734.78871,0.004636064011436236,1560.5186830216928,-2.2848002924746869e-4
12580,2025,2,1748.2412,0.00775699364618232,1565.3888780071084,0.003120882203079785
12580,2025,3,1762.03925,0.007893395042359419,1580.474564955179,0.009637021931110231
12580,2025,4,1770.53526,0.004815690394886607,1592.1454692097261,0.0073844302928582906
12580,2025,5,1773.65951,0.0017718136400604045,1606.3332167003355,0.008911087438292794
12580,2025,6,1776.89293,0.001817004455527016,1613.6399948408964,0.004548731274803819
12580,2025,7,1778.10723,6.849645458490983e-4,1619.8010467136116,0.003818108061533746
12580,2025,8,1778.43838,1.8317490311003937e-4,1618.0018715679344,-0.001110738352298172
12580,2025,9,1772.15475,-0.003527880861728283,1614.1536612715327,-0.002378371968551877
12580,2025,10,1759.24386,-0.007283877770146829,1606.1160280755118,-0.004979472146220076
12580,2025,11,1746.20221,-0.007415274881608869,1600.4060262792218,-0.0035551614556340225
12580,2025,12,1738.34092,-0.004505963775585431,1593.4908908313505,-0.004320863164923416
12580,2026,1,1738.61249,1.577815908329061e-4,1593.1268099860076,-2.2848002924746869e-4
12580,2026,2,1740.5118,0.001094437104375956,1598.0987710945421,0.003120882203079785
12580,2026,3,1747.7235,0.00414643514916313,1613.4996839996606,0.009637021931110231
12580,2026,4,1757.33025,0.005492673166330064,1625.414459943705,0.0073844302928582906
12580,2026,5,1772.50961,0.00863296720447937,1639.8986703197286,0.008911087438292794
12580,2026,6,1785.31001,0.00722444124217847,1647.3581286889212,0.004548731274803819
12580,2026,7,1795.8188,0.005885967776006806,1653.6479200403014,0.003818108061533746
12580,2026,8,1803.67057,0.00437193940377445,1651.8111498743149,-0.001110738352298172
13820,2017,1,896.17798,NA,896.17798,NA
13820,2017,2,903.17525,0.007813244402096187,903.17525,0.007813244402096187
13820,2017,3,908.76486,0.00618592903739934,908.76486,0.00618592903739934
13820,2017,4,914.63281,0.006456635837684743,914.63281,0.006456635837684743
13820,2017,5,915.40703,8.402464722985226e-4,915.40703,8.402464722985226e-4
13820,2017,6,915.63129,2.531949201103334e-4,915.63129,2.531949201103334e-4
13820,2017,7,925.12169,0.010365041300293143,925.12169,0.010365041300293143
13820,2017,8,924.39614,-7.911601044331418e-4,924.39614,-7.911601044331418e-4
13820,2017,9,930.78751,0.006914935733326244,930.78751,0.006914935733326244
13820,2017,10,921.28907,-0.010209430945453679,921.28907,-0.010209430945453679
13820,2017,11,921.08592,-2.1185599089013074e-4,921.08592,-2.1185599089013074e-4
13820,2017,12,912.81536,-0.008979299932456608,912.81536,-0.008979299932456608
13820,2018,1,912.3622,-4.944607037378201e-4,912.3622,-4.944607037378201e-4
13820,2018,2,910.98716,-0.0015108567761258351,910.98716,-0.0015108567761258351
13820,2018,3,911.96953,0.0010712516236157654,911.96953,0.0010712516236157654
13820,2018,4,920.407,0.009256410599392861,920.407,0.009256410599392861
13820,2018,5,930.74356,0.011225828683516514,930.74356,0.011225828683516514
13820,2018,6,943.13517,0.013316207502162669,943.13517,0.013316207502162669
13820,2018,7,955.07191,0.01266264842072573,955.07191,0.01266264842072573
13820,2018,8,962.52864,0.007804018239178312,962.52864,0.007804018239178312
13820,2018,9,965.24614,0.0028262192030823474,965.24614,0.0028262192030823474
13820,2018,10,962.18847,-0.003172115712715029,962.18847,-0.003172115712715029
13820,2018,11,961.37129,-8.494345555049021e-4,961.37129,-8.494345555049021e-4
13820,2018,12,961.91337,5.710007740233891e-4,961.91337,5.710007740233891e-4
13820,2019,1,966.41789000000006,0.00467953432926671,966.41789000000006,0.00467953432926671
13820,2019,2,969.73611,0.003433346376683577,969.73611,0.003433346376683577
13820,2019,3,980.1451,0.010730234605949907,980.1451,0.010730234605949907
13820,2019,4,982.22029,0.0021157962861553248,982.22029,0.0021157962861553248
13820,2019,5,984.92646,0.002757147470130894,984.92646,0.002757147470130894
13820,2019,6,988.0076,0.0031335149863760403,988.0076,0.0031335149863760403
13820,2019,7,995.19425,0.007272233402886519,995.19425,0.007272233402886519
13820,2019,8,998.88343,0.0037017969650168236,998.88343,0.0037017969650168236
13820,2019,9,999.49878,6.228322993502289e-4,999.49878,6.228322993502289e-4
13820,2019,10,996.2469,-0.003258680661500035,996.2469,-0.003258680661500035
13820,2019,11,994.04134,-0.0022162903462800143,994.04134,-0.0022162903462800143
13820,2019,12,990.76009,-0.003301140059150498,990.76009,-0.003301140059150498
13820,2020,1,990.63262,-1.2312541554826417e-4,990.63262,-1.2312541554826417e-4
13820,2020,2,995.00739,0.004420746724460578,995.00739,0.004420746724460578
13820,2020,3,998.19662,0.003199823458016171,1000.973260372543,0.005995805088988337
13820,2020,4,994.23027,-0.003971745612748712,1006.9219919823242,0.005942947574410977
13820,2020,5,990.84707,-0.0033986479025313043,1011.8972682670293,0.004941074208648644
13820,2020,6,989.71383,-0.0011449535862900762,1017.5311470996631,0.005567639136216347
13820,2020,7,1004.37745,0.014815180013064921,1027.8081856107626,0.010099974374635131
13820,2020,8,1020.6323,0.016177810165786122,1031.4790556832731,0.003571551699920665
13820,2020,9,1033.888,0.01299198011163294,1035.0424676056246,0.0034546624119196068
13820,2020,10,1036.37111,0.002395167189749303,1029.3013536234685,-0.005546742439889581
13820,2020,11,1035.8719,-4.8259707852205125e-4,1028.1768141403215,-0.0010925269642250157
13820,2020,12,1034.94607,-8.832257760610362e-4,1024.16368950362,-0.0039031464058612393
13820,2021,1,1043.99799,0.008745771501986077,1026.3067897262029,0.002092536812764445
13820,2021,2,1050.10352,0.0058422817615648714,1029.6374063628334,0.00324524466755131
13820,2021,3,1053.62452,0.0033572250037754436,1035.8109115637164,0.005995805088988337
13820,2021,4,1055.69945,0.0019682304450514554,1041.9666815081425,0.005942947574410977
13820,2021,5,1070.48292,0.014004760694229512,1047.1151162044137,0.004941074208648644
13820,2021,6,1097.05879,0.024819381452697353,1052.9450753055169,0.005567639136216347
13820,2021,7,1128.39072,0.028566027665347216,1063.579793584001,0.010099974374635131
13820,2021,8,1150.64707,0.01971870574372181,1067.378423803777,0.003571551699920665
13820,2021,9,1166.95087,0.014174397031539776,1071.0658559237859,0.0034546624119196068
13820,2021,10,1163.80282,-0.002696995672262781,1065.1249294848167,-0.005546742439889581
13820,2021,11,1155.87746,-0.006813131524883609,1063.9612517790863,-0.0010925269642250157
13820,2021,12,1150.62247,-0.004548620638706535,1059.8084552432292,-0.0039031464058612393
13820,2022,1,1159.39295,0.007622743127339016,1062.0261434503047,0.002092536812764445
13820,2022,2,1166.58352,0.00620778182277304,1065.472678129137,0.00324524466755131
13820,2022,3,1173.47597,0.0059080642462774335,1071.8610446348414,0.005995805088988337
13820,2022,4,1178.20637,0.004022994480077369,1078.2310586301596,0.005942947574410977
13820,2022,5,1199.57918,0.01815000414147261,1083.5586783049212,0.004941074208648644
13820,2022,6,1219.87153,0.016911233818400095,1089.5915420086383,0.005567639136216347
13820,2022,7,1235.60262,0.012899999999999912,1100.5963886617446,0.010099974374635131
13820,2022,8,1233.83386,-0.001431533221443293,1104.527225564596,0.003571551699920665
13820,2022,9,1216.66389,-0.013920609026644937,1108.342994253696,0.0034546624119196068
13820,2022,10,1202.93963,-0.01127966552031845,1102.1953011295147,-0.005546742439889581
13820,2022,11,1188.55608,-0.011955948566097385,1100.9911230431887,-0.0010925269642250157
13820,2022,12,1190.26104,0.0014368848336805407,1096.6937934983976,-0.0039031464058612393
13820,2023,1,1196.53776,0.005267850737396662,1098.9886656336232,0.002092536812764445
13820,2023,2,1204.99697,0.007075351473691649,1102.5551527404702,0.00324524466755131
13820,2023,3,1215.94239,0.009080693655662664,1109.165858536162,0.005995805088988337
13820,2023,4,1214.02547,-0.0015750717309737094,1115.7575730847689,0.005942947574410977
13820,2023,5,1217.19063,0.002602465811235799,1121.2706140522425,0.004941074208648644
13820,2023,6,1218.5974,0.0011625576267788595,1127.5134442053288,0.005567639136216347
13820,2023,7,1221.93828,0.00273284215584213,1138.9013010988592,0.010099974374635131
13820,2023,8,1217.98055,-0.0032345336381515155,1142.9689459768408,0.003571551699920665
13820,2023,9,1206.76737,-0.009204266613250467,1146.9175178324983,0.0034546624119196068
13820,2023,10,1196.19913,-0.008764126720983478,1140.5558617612842,-0.005546742439889581
13820,2023,11,1189.19952,-0.005843420797683074,1139.309773728105,-0.0010925269642250157
13820,2023,12,1187.50973,-0.001425845762468514,1134.8628808796154,-0.0039031464058612393
13820,2024,1,1185.98373,-0.0012840662783649703,1137.237623235296,0.002092536812764445
13820,2024,2,1189.1754,0.002694863302544759,1140.928237567839,0.00324524466755131
13820,2024,3,1185.347,-0.003221041401665903,1147.7690209008185,0.005995805088988337
13820,2024,4,1192.91768,0.006380570134815189,1154.5901520195653,0.005942947574410977
13820,2024,5,1198.70275,0.004857347377032362,1160.295067641269,0.004941074208648644
13820,2024,6,1206.92592,0.006859003714445588,1166.7551718694272,0.005567639136216347
13820,2024,7,1207.34851,3.4364608496151305e-4,1178.5393692067814,0.010099974374635131
13820,2024,8,1207.36143,1.0103765673452614e-5,1182.7485834942952,0.003571551699920665
13820,2024,9,1205.67226,-0.0013943055752014821,1186.8345805684442,0.0034546624119196068
13820,2024,10,1202.73023,-0.0024383827755068976,1180.2515148312764,-0.005546742439889581
13820,2024,11,1189.25547,-0.011207464881586304,1178.962058226756,-0.0010925269642250157
13820,2024,12,1181.67711,-0.006369884090675848,1174.3603967065415,-0.0039031464058612393
13820,2025,1,1181.15813,-4.438984608079455e-4,1176.8177890681027,0.002092536812764445
13820,2025,2,1187.66129,0.005515047611178936,1180.6368507227553,0.00324524466755131
13820,2025,3,1193.99663,0.005330731306491421,1187.715719160566,0.005995805088988337
13820,2025,4,1197.89941,0.0032693427599381764,1194.774251412841,0.005942947574410977
13820,2025,5,1206.99507,0.00758663530178505,1200.6777196516548,0.004941074208648644
13820,2025,6,1214.16412,0.00594275549805956,1207.36265991357,0.005567639136216347
13820,2025,7,1215.18691,8.43949684523615e-4,1219.5569918395884,0.010099974374635131
13820,2025,8,1211.00311,-0.003443221972374011,1223.9127026869432,0.003571551699920665
13820,2025,9,1208.74945,-0.0018635479939157484,1228.1409078963866,0.0034546624119196068
13820,2025,10,1199.19283,-0.007902066849668987,1221.3287266003933,-0.005546742439889581
13820,2025,11,1187.95445,-0.00936880118000094,1219.9943920343999,-0.0010925269642250157
13820,2025,12,1181.31569,-0.005596401872997703,1215.23257530796,-0.0039031464058612393
13820,2026,1,1184.14924,0.0024060554115594712,1217.7754942078623,0.002092536812764445
13820,2026,2,1191.70902,0.006376710070875147,1221.7274736367149,0.00324524466755131
13820,2026,3,1192.3115,5.118178747274271e-4,1229.0527134405029,0.005995805088988337
13820,2026,4,1195.32024,0.0025168557718868723,1236.3569092826674,0.005942947574410977
13820,2026,5,1196.72702,0.001183830508128647,1242.4658405198086,0.004941074208648644
13820,2026,6,1202.63765,0.00493359020621198,1249.3834419588984,0.005567639136216347
13820,2026,7,1204.70415,0.0017243652814264987,1262.0021827067767,0.010099974374635131
13820,2026,8,1211.69031,0.005791994491529673,1266.5094887477267,0.003571551699920665
14460,2017,1,1669.05326,NA,1669.05326,NA
14460,2017,2,1673.19174,0.0024747689571169573,1673.19174,0.0024747689571169573
14460,2017,3,1694.3308,0.012639022822243495,1694.3308,0.012639022822243495
14460,2017,4,1721.72338,0.01616343736509318,1721.72338,0.01616343736509318
14460,2017,5,1753.07249,0.018205445389911423,1753.07249,0.018205445389911423
14460,2017,6,1767.11772,0.008013449833104147,1767.11772,0.008013449833104147
14460,2017,7,1778.15732,0.006245358590716066,1778.15732,0.006245358590716066
14460,2017,8,1775.21727,-0.0016454134101193674,1775.21727,-0.0016454134101193674
14460,2017,9,1752.99359,-0.012518480816306798,1752.99359,-0.012518480816306798
14460,2017,10,1727.0254,-0.014824814383015306,1727.0254,-0.014824814383015306
14460,2017,11,1699.83609,-0.015733024403004614,1699.83609,-0.015733024403004614
14460,2017,12,1697.21945,-0.001544030171868327,1697.21945,-0.001544030171868327
14460,2018,1,1695.7713,-8.492622826141716e-4,1695.7713,-8.492622826141716e-4
14460,2018,2,1709.35962,0.00800507453219157,1709.35962,0.00800507453219157
14460,2018,3,1725.81636,0.00962797019734185,1725.81636,0.00962797019734185
14460,2018,4,1754.1631,0.01642961319355285,1754.1631,0.01642961319355285
14460,2018,5,1785.74314,0.01800365469284637,1785.74314,0.01800365469284637
14460,2018,6,1817.68529,0.017890057465033138,1817.68529,0.017890057465033138
14460,2018,7,1833.2845,0.008580694030204006,1833.2845,0.008580694030204006
14460,2018,8,1834.11978,4.576551627022418e-4,1834.11978,4.576551627022418e-4
14460,2018,9,1813.84014,-0.011060805104626037,1813.84014,-0.011060805104626037
14460,2018,10,1788.91328,-0.01374639735272154,1788.91328,-0.01374639735272154
14460,2018,11,1772.61936,-0.00910359092767632,1772.61936,-0.00910359092767632
14460,2018,12,1766.30852,-0.0035680910712767577,1766.30852,-0.0035680910712767577
14460,2019,1,1771.33617,0.0028500785598577494,1771.33617,0.0028500785598577494
14460,2019,2,1778.52691,0.004056499508118927,1778.52691,0.004056499508118927
14460,2019,3,1794.12618,0.008781797728344864,1794.12618,0.008781797728344864
14460,2019,4,1820.30548,0.014580860222789926,1820.30548,0.014580860222789926
14460,2019,5,1855.45638,0.019311453322775396,1855.45638,0.019311453322775396
14460,2019,6,1891.6899,0.019536911428803316,1891.6899,0.019536911428803316
14460,2019,7,1912.91418,0.011213210207887903,1912.91418,0.011213210207887903
14460,2019,8,1912.51461,-2.0243370296224583e-4,1912.51461,-2.0243370296224583e-4
14460,2019,9,1892.42488,-0.01050618672665915,1892.42488,-0.01050618672665915
14460,2019,10,1863.07759,-0.015505990951049209,1863.07759,-0.015505990951049209
14460,2019,11,1834.80438,-0.015184406826632135,1834.80438,-0.015184406826632135
14460,2019,12,1815.86942,-0.010318102407166463,1815.86942,-0.010318102407166463
14460,2020,1,1815.39227,-2.6064188989061154e-4,1815.39227,-2.6064188989061154e-4
14460,2020,2,1825.88509,0.0057830183089411236,1825.88509,0.0057830183089411236
14460,2020,3,1842.42946,0.00906059642053414,1844.782264696392,0.010349596915976736
14460,2020,4,1842.24358,-1.0508862474012393e-4,1873.7907960183798,0.01572463692714532
14460,2020,5,1826.22925,-0.008688239346980708,1908.468763338758,0.01850685113517773
14460,2020,6,1810.85777,-0.008422763844549874,1937.3759699165578,0.015146806242313534
14460,2020,7,1799.63881,-0.006189559721529236,1954.1919172761825,0.008679754276269325
14460,2020,8,1790.31917,-0.005176144310425124,1953.286349985218,-4.633973167931238e-4
14460,2020,9,1756.19711,-0.019069935111752034,1931.0934538334393,-0.011361824215863995
14460,2020,10,1705.08623,-0.02909362635208801,1902.7210546428587,-0.014692400895595351
14460,2020,11,1653.43608,-0.030293471952358098,1877.3381074805093,-0.013340340719104357
14460,2020,12,1630.63498,-0.01379184719674198,1867.682191858617,-0.005143407883437183
14460,2021,1,1640.4738,0.006029262371861632,1869.5506363237118,0.001000408138621789
14460,2021,2,1672.7921,0.01971044141946643,1878.609446090598,0.004845447665809151
14460,2021,3,1709.65628,0.02203017091708781,1898.0522966201822,0.010349596915976736
14460,2021,4,1755.9635,0.027091984396627744,1927.8984798532688,0.01572463692714532
14460,2021,5,1811.06781,0.031375960207294495,1963.577810023649,0.01850685113517773
14460,2021,6,1873.55034,0.034495866197852276,1993.3197426537831,0.015146806242313534
14460,2021,7,1933.8825,0.032208800293955564,2010.6212682140545,0.008679754276269325
14460,2021,8,1981.16661,0.024451292091709043,2009.689551713277,-4.633973167931238e-4
14460,2021,9,2005.42127,0.012237895125473797,1986.8558122982522,-0.011361824215863995
14460,2021,10,2001.30466,-0.002048960501190744,1957.6641301822226,-0.014692400895595351
14460,2021,11,1983.58731,-0.008857643479849964,1931.5482236720225,-0.013340340719104357
14460,2021,12,1971.31482,-0.006182011431298373,1921.6134833111487,-0.005143407883437183
14460,2022,1,1967.38161,-0.0019970971156679784,1923.535881079139,0.001000408138621789
14460,2022,2,1978.93971,0.005872061235647985,1932.8562735242137,0.004845447665809151
14460,2022,3,1993.93765,0.007577157641840637,1952.8605568517066,0.010349596915976736
14460,2022,4,2040.3433,0.02327262526433893,1983.5685800775425,0.01572463692714532
14460,2022,5,2094.50876,0.026549698969854818,2020.2781885054537,0.01850685113517773
14460,2022,6,2151.31953,0.02712640844708769,2050.878950782318,0.015146806242313534
14460,2022,7,2176.0649,0.011500000000000066,2068.6800761254813,0.008679754276269325
14460,2022,8,2177.32398,5.832921403854385e-4,2067.7214553289014,-4.633973167931238e-4
14460,2022,9,2159.62725,-0.008131687893369155,2044.228367626084,-0.011361824215863995
14460,2022,10,2118.56189,-0.019016595939672754,2014.1937449267732,-0.014692400895595351
14460,2022,11,2076.58031,-0.01981173268885128,1987.3237140951614,-0.013340340719104357
14460,2022,12,2043.74965,-0.015809212025775454,1977.1020976371428,-0.005143407883437183
14460,2023,1,2044.00478,1.263157894737521e-4,1979.0800066665056,0.001000408138621789
14460,2023,2,2061.40991,0.008514713930871887,1988.6695352652573,0.004845447665809151
14460,2023,3,2091.28397,0.014485342461464601,2009.2514633543356,0.010349596915976736
14460,2023,4,2128.08342,0.01760125091298126,2040.8462131109181,0.01572463692714532
14460,2023,5,2163.07766,0.016447634452082527,2078.6158501667533,0.01850685113517773
14460,2023,6,2193.97472,0.014281878126647163,2110.1002417014306,0.015146806242313534
14460,2023,7,2202.89214,0.004059500112763903,2128.4153932976956,0.008679754276269325
14460,2023,8,2201.36396,-6.933796888580757e-4,2127.4290913154205,-4.633973167931238e-4
14460,2023,9,2181.34366,-0.00908859918300342,2103.257615948179,-0.011361824215863995
14460,2023,10,2156.87315,-0.011223322419030235,2072.3557118679546,-0.014692400895595351
14460,2023,11,2131.8198,-0.011610046081110714,2044.7097805804538,-0.013340340719104357
14460,2023,12,2107.90193,-0.01122166831493332,2034.193004175675,-0.005143407883437183
14460,2024,1,2103.0483,-0.00230654610030423,2036.22802741258,0.001000408138621789
14460,2024,2,2106.86569,0.0018208601006588498,2046.0944637550615,0.004845447665809151
14460,2024,3,2133.56601,0.012671799375089332,2067.2707167069384,0.010349596915976736
14460,2024,4,2164.85087,0.014660952861103915,2099.7777981572744,0.01572463692714532
14460,2024,5,2201.74139,0.01704280078307452,2138.6380732847224,0.01850685113517773
14460,2024,6,2230.8629,0.013220120378331979,2171.031609803201,0.015146806242313534
14460,2024,7,2248.76598,0.008033019277317477,2189.875630702306,0.008679754276269325
14460,2024,8,2248.57832,-8.60996843010664e-5,2188.860848210928,-4.633973167931238e-4
14460,2024,9,2232.66536,-0.0070799169544877305,2163.9913960205686,-0.011361824215863995
14460,2024,10,2204.06674,-0.012805812239234382,2132.1971668956157,-0.014692400895595351
14460,2024,11,2168.77134,-0.01601725686174993,2103.7529302089188,-0.013340340719104357
14460,2024,12,2142.59445,-0.012072095307059771,2092.9324708028785,-0.005143407883437183
14460,2025,1,2136.27498,-0.0029419442938330986,2095.0262574802555,0.001000408138621789
14460,2025,2,2152.81065,0.007734061086998256,2105.177597569372,0.004845447665809151
14460,2025,3,2179.07936,0.01220158090917245,2126.9653371407594,0.010349596915976736
14460,2025,4,2210.09724,0.014236351071181819,2160.411094823921,0.01572463692714532
14460,2025,5,2240.12681,0.013588755207724956,2200.393501346614,0.01850685113517773
14460,2025,6,2261.70941,0.009632375537799609,2233.7224353683564,0.015146806242313534
14460,2025,7,2269.818,0.0035860022257945268,2253.1105972287437,0.008679754276269325
14460,2025,8,2263.12235,-0.0029476437805663336,2252.0665118235493,-4.633973167931238e-4
14460,2025,9,2245.31178,-0.007870946890120467,2226.4789279937763,-0.011361824215863995
14460,2025,10,2211.35928,-0.015119432015253453,2193.7666069980964,-0.014692400895595351
14460,2025,11,2170.94594,-0.018279810489245207,2164.501013002548,-0.013340340719104357
14460,2025,12,2139.80672,-0.014339226256540383,2153.368101428563,-0.005143407883437183
14460,2026,1,2133.43029,-0.00298597496606845,2155.522348402681,0.001000408138621789
14460,2026,2,2140.85271,0.003478944820909824,2165.9668191343485,0.004845447665809151
14460,2026,3,2163.39235,0.010531287369489384,2188.3837026457695,0.010349596915976736
14460,2026,4,2193.6379,0.01398156342916268,2222.795241827156,0.01572463692714532
14460,2026,5,2232.80735,0.017858718997322498,2263.9321824716326,0.01850685113517773
14460,2026,6,2259.72046,0.012053416579951515,2298.223524585268,0.015146806242313534
14460,2026,7,2272.45722,0.005636001865973794,2318.17154005061,0.008679754276269325
14460,2026,8,2269.27742,-0.0014011038426220424,2317.0973055790846,-4.633973167931238e-4
15380,2017,1,735.32935,NA,735.32935,NA
15380,2017,2,727.28464,-0.010940724136395352,727.28464,-0.010940724136395352
15380,2017,3,720.35997,-0.009530813796415738,720.35997,-0.009530813796415738
15380,2017,4,733.95517,0.01888136261005302,733.95517,0.01888136261005302
15380,2017,5,744.08903,0.01380192453559781,744.08903,0.01380192453559781
15380,2017,6,745.37684,0.001731093669772088,745.37684,0.001731093669772088
15380,2017,7,738.26275,-0.009533851763982248,738.26275,-0.009533851763982248
15380,2017,8,734.5195,-0.0050715637568016225,734.5195,-0.0050715637568016225
15380,2017,9,727.54339,-0.009496351558204164,727.54339,-0.009496351558204164
15380,2017,10,721.93245,-0.007711927981995603,721.93245,-0.007711927981995603
15380,2017,11,711.75489,-0.014107294060723308,711.75489,-0.014107294060723308
15380,2017,12,711.60342,-2.1471404689976659e-4,711.60342,-2.1471404689976659e-4
15380,2018,1,706.62164,-0.006995045176333425,706.62164,-0.006995045176333425
15380,2018,2,710.73112,0.005808474811919817,710.73112,0.005808474811919817
15380,2018,3,713.31939,0.0036400497627058215,713.31939,0.0036400497627058215
15380,2018,4,723.05935,0.013665717871024885,723.05935,0.013665717871024885
15380,2018,5,746.10241,0.031869442473467124,746.10241,0.031869442473467124
15380,2018,6,769.94306,0.03195318215069487,769.94306,0.03195318215069487
15380,2018,7,792.1917,0.028893866787648603,792.1917,0.028893866787648603
15380,2018,8,779.50669,-0.016011684947362714,779.50669,-0.016011684947362714
15380,2018,9,754.53133,-0.03204033048592636,754.53133,-0.03204033048592636
15380,2018,10,738.17523,-0.02168629379936915,738.17523,-0.02168629379936915
15380,2018,11,722.78146,-0.02085089392662265,722.78146,-0.02085089392662265
15380,2018,12,725.63642,0.00395692688746907,725.63642,0.00395692688746907
15380,2019,1,725.00089,-8.725084618276258e-4,725.00089,-8.725084618276258e-4
15380,2019,2,738.65224,0.018820482707740505,738.65224,0.018820482707740505
15380,2019,3,739.67988,0.00138915571844489,739.67988,0.00138915571844489
15380,2019,4,747.1928,0.010168090789687279,747.1928,0.010168090789687279
15380,2019,5,761.75678,0.019488677867056214,761.75678,0.019488677867056214
15380,2019,6,779.55449,0.02335778975123226,779.55449,0.02335778975123226
15380,2019,7,786.00533,0.008275688240400925,786.00533,0.008275688240400925
15380,2019,8,781.4699,-0.005763488646621795,781.4699,-0.005763488646621795
15380,2019,9,782.16465,8.800111747451211e-4,782.16465,8.800111747451211e-4
15380,2019,10,771.76345,-0.013300210737861695,771.76345,-0.013300210737861695
15380,2019,11,768.32302,-0.004455445544554459,768.32302,-0.004455445544554459
15380,2019,12,750.64117,-0.023016267670668444,750.64117,-0.023016267670668444
15380,2020,1,759.0312,0.011183014614993159,759.0312,0.011183014614993159
15380,2020,2,760.23125,0.0015819599045070465,760.23125,0.0015819599045070465
15380,2020,3,766.90829,0.008787548101774734,759.0904955611586,-0.0015005361050883421
15380,2020,4,761.65051,-0.006860624003643734,769.8987224037935,0.014238390423588395
15380,2020,5,766.17379,0.00593344225642789,786.6209341710933,0.02172001495870705
15380,2020,6,790.2616,0.03144412150225118,801.5777618067794,0.019014021857233072
15380,2020,7,822.37041,0.04063816561917255,808.961816862902,0.009211901088022428
15380,2020,8,852.36089,0.03646282703054271,801.7224883881909,-0.008948912450262045
15380,2020,9,865.22971,0.015099124020285792,790.8573659418631,-0.013552223623128468
15380,2020,10,870.55584,0.006156718771684222,779.6012426511959,-0.01423281083974215
15380,2020,11,854.29304,-0.018683151308447554,769.3589367582399,-0.013137877843966805
15380,2020,12,837.52756,-0.01962663395561015,764.4160479812049,-0.00642468494336638
15380,2021,1,817.21523,-0.02425545780384497,761.4090058515233,-0.0039337768190805256
15380,2021,2,835.76767,0.0227078435563155,764.8831205755951,0.0045627444610883226
15380,2021,3,848.28379,0.014967870017240426,763.7353858369987,-0.0015005361050883421
15380,2021,4,893.48788,0.053300733496332464,774.6097484408557,0.014238390423588395
15380,2021,5,937.3413,0.04907638176220486,791.4342837641514,0.02172001495870705
15380,2021,6,985.02938,0.05087982857608675,806.4826325342065,0.019014021857233072
15380,2021,7,1001.31064,0.01652297258361224,813.9118707743197,0.009211901088022428
15380,2021,8,1016.15463,0.014826281764763527,806.6282447005312,-0.008948912450262045
15380,2021,9,1019.02303,0.002825253252263904,795.696638347618,-0.013552223623128468
15380,2021,10,1033.74958,0.014450681292312861,784.3716386081977,-0.01423281083974215
15380,2021,11,1025.61675,-0.007866865186217709,774.0666598358911,-0.013137877843966805
15380,2021,12,1026.04443,4.150879134914298e-4,769.0935254212815,-0.00642468494336638
15380,2022,1,1019.94919,-0.00593648598329688,766.0680831392743,-0.0039337768190805256
15380,2022,2,1026.8812,0.006796022988751815,769.5634560424346,0.0045627444610883226
15380,2022,3,1035.39282,0.008280891232247622,768.4086982914864,-0.0015005361050883421
15380,2022,4,1045.75983,0.010015708848615246,779.3496013426419,0.014238390423588395
15380,2022,5,1065.27191,0.018653249966075425,796.2770863418665,0.02172001495870705
15380,2022,6,1091.59592,0.02471615362544588,811.4175162659847,0.019014021857233072
15380,2022,7,1112.51586,0.019160000000000066,818.8922141669158,0.009211901088022428
15380,2022,8,1127.8081,0.013746614859295736,811.5640194361348,-0.008948912450262045
15380,2022,9,1117.64282,-0.009011101754793471,800.5655223602513,-0.013552223623128468
15380,2022,10,1079.38156,-0.034233195944758044,789.1712247156785,-0.01423281083974215
15380,2022,11,1027.42546,-0.04813867173673403,778.8031895673902,-0.013137877843966805
15380,2022,12,994.15331,-0.03238384632547464,773.7996244415309,-0.00642468494336638
15380,2023,1,985.69006,-0.008509657088269895,770.7556694162895,-0.0039337768190805256
15380,2023,2,986.32828,6.533921017075617e-4,774.272430577771,0.0045627444610883226
15380,2023,3,1000.53164,0.014398441736666712,773.1106068405145,-0.0015005361050883421
15380,2023,4,1014.37491,0.013834035217875185,784.1184575013272,0.014238390423588395
15380,2023,5,1034.84398,0.02017734541463101,801.1495221276542,0.02172001495870705
15380,2023,6,1030.36444,-0.004324848893998978,816.3825966523012,0.019014021857233072
15380,2023,7,1079.27242,0.04746215211195981,823.9030323826452,0.009211901088022428
15380,2023,8,1072.13705,-0.006614679734199047,816.5299962783474,-0.008948912450262045
15380,2023,9,1134.71408,0.05837075048107776,805.464199173791,-0.013552223623128468
15380,2023,10,1146.30241,0.010216450216450124,794.0001795887661,-0.01423281083974215
15380,2023,11,1202.08631,0.04866110539747859,783.5687022212412,-0.013137877843966805
15380,2023,12,1204.85991,0.0023065327545812586,778.5345201779872,-0.00642468494336638
15380,2024,1,1188.57081,-0.01351743132565053,775.4719391296571,-0.0039337768190805256
15380,2024,2,1195.7712,0.00605231255280847,779.0102194246504,0.0045627444610883226
15380,2024,3,1196.1057,2.829938928092801e-4,777.8412864641708,-0.0015005361050883421
15380,2024,4,1194.37825,-0.001441947907350194,788.9164943884339,0.014238390423588395
15380,2024,5,1191.8524,-0.0021203480295387545,806.0517724477214,0.02172001495870705
15380,2024,6,1196.87937,0.004222230363423174,821.3780584671039,0.019014021857233072
15380,2024,7,1207.09185,0.00852752063477591,828.9445118975748,0.009211901088022428
15380,2024,8,1219.08231,0.009938506058961849,821.5263600344782,-0.008948912450262045
15380,2024,9,1229.10723,0.008219987643155902,810.3928510909961,-0.013552223623128468
15380,2024,10,1237.98448,0.007229322273240024,798.8586829355387,-0.01423281083974215
15380,2024,11,1241.853,0.00312139034132497,788.3633751445393,-0.013137877843966805
15380,2024,12,1233.13283,-0.007023249681360699,783.2983888383468,-0.00642468494336638
15380,2025,1,1229.62388,-0.002841562948143861,780.2170677939114,-0.0039337768190805256
15380,2025,2,1227.19679,-0.0019796706467219982,783.7769988984346,0.0045627444610883226
15380,2025,3,1231.73553,0.0037003433491664683,782.6009132132497,-0.0015005361050883421
15380,2025,4,1234.38739,0.002153529839238777,793.7438905614367,0.014238390423588395
15380,2025,5,1239.42666,0.004085566982958921,810.9840197378135,0.02172001495870705
15380,2025,6,1241.67527,0.0018142906211742194,826.4040876149749,0.019014021857233072
15380,2025,7,1255.0898,0.010804490588928406,834.0168403288216,0.009211901088022428
15380,2025,8,1254.16082,-7.479691767121599e-4,826.5532966426747,-0.008948912450262045
15380,2025,9,1242.62311,-0.009199944295512297,815.351661530139,-0.013552223623128468
15380,2025,10,1212.07645,-0.024579435147362272,803.7469155637111,-0.01423281083974215
15380,2025,11,1211.12271,-7.835226095807002e-4,793.1873867695699,-0.013137877843966805
15380,2025,12,1226.43474,0.012636322667868516,788.0914077085234,-0.00642468494336638
15380,2026,1,1244.26288,0.014543577328396395,784.9912319975631,-0.0039337768190805256
15380,2026,2,1243.12704,-9.12392749987001e-4,788.5729463933628,0.0045627444610883226
15380,2026,3,1238.15268,-0.004004144640944007,787.3896642158037,-0.0015005361050883421
15380,2026,4,1243.57505,0.004381711424188417,798.6008256704063,0.014238390423588395
15380,2026,5,1248.63036,0.004064148591592653,815.9464475500033,0.02172001495870705
15380,2026,6,1257.38469,0.007011347542531299,831.4608711380507,0.019014021857233072
15380,2026,7,1260.79888,0.0027172969406537018,839.1202064415354,0.009211901088022428
15380,2026,8,1258.71951,-0.0016536653362309028,831.6109931788443,-0.008948912450262045
16740,2017,1,1028.88973,NA,1028.88973,NA
16740,2017,2,1027.91448,-9.571103589857133e-4,1027.91448,-9.571103589857133e-4
16740,2017,3,1040.66543,0.012412701498132561,1040.66543,0.012412701498132561
16740,2017,4,1046.15772,0.005279975862967579,1046.15772,0.005279975862967579
16740,2017,5,1052.06228,0.0056342255327275215,1052.06228,0.0056342255327275215
16740,2017,6,1043.17085,-0.008451468493522296,1043.17085,-0.008451468493522296
16740,2017,7,1046.50801,0.00320144475455586,1046.50801,0.00320144475455586
16740,2017,8,1048.5739,0.0019774704743200644,1048.5739,0.0019774704743200644
16740,2017,9,1050.4001,0.001742183990962598,1050.4001,0.001742183990962598
16740,2017,10,1055.30572,0.004673976548594361,1055.30572,0.004673976548594361
16740,2017,11,1052.21012,-0.002934692939155825,1052.21012,-0.002934692939155825
16740,2017,12,1043.73351,-0.008056859181292952,1043.73351,-0.008056859181292952
16740,2018,1,1034.45183,-0.008888038068150639,1034.45183,-0.008888038068150639
16740,2018,2,1037.4689,0.002911067575398052,1037.4689,0.002911067575398052
16740,2018,3,1045.87489,0.008102568335328186,1045.87489,0.008102568335328186
16740,2018,4,1058.51086,0.012076635463005969,1058.51086,0.012076635463005969
16740,2018,5,1074.53359,0.015141504982000065,1074.53359,0.015141504982000065
16740,2018,6,1087.86764,0.012405365918448652,1087.86764,0.012405365918448652
16740,2018,7,1095.68522,0.007189336691855397,1095.68522,0.007189336691855397
16740,2018,8,1095.67433,-1.3025582243475498e-5,1095.67433,-1.3025582243475498e-5
16740,2018,9,1093.45587,-0.002018991546287041,1093.45587,-0.002018991546287041
16740,2018,10,1086.49205,-0.006369426751592355,1086.49205,-0.006369426751592355
16740,2018,11,1082.25408,-0.0039013240857501685,1082.25408,-0.0039013240857501685
16740,2018,12,1079.4208,-0.002624256570531891,1079.4208,-0.002624256570531891
16740,2019,1,1080.1245,6.610958324519967e-4,1080.1245,6.610958324519967e-4
16740,2019,2,1081.78828,0.0015327290505007252,1081.78828,0.0015327290505007252
16740,2019,3,1088.08011,0.0058180954642603755,1088.08011,0.0058180954642603755
16740,2019,4,1095.23329,0.006571439814268221,1095.23329,0.006571439814268221
16740,2019,5,1105.40464,0.009291112848579752,1105.40464,0.009291112848579752
16740,2019,6,1114.2721,0.008017765612694072,1114.2721,0.008017765612694072
16740,2019,7,1121.91335,0.006865281655864974,1121.91335,0.006865281655864974
16740,2019,8,1123.03265,9.922401730060315e-4,1123.03265,9.922401730060315e-4
16740,2019,9,1122.82832,-1.7791785278575833e-4,1122.82832,-1.7791785278575833e-4
16740,2019,10,1118.70202,-0.0036733863792357546,1118.70202,-0.0036733863792357546
16740,2019,11,1114.71618,-0.003572112011226647,1114.71618,-0.003572112011226647
16740,2019,12,1111.41598,-0.0029575571346265317,1111.41598,-0.0029575571346265317
16740,2020,1,1114.06125,0.0023884736882655577,1114.06125,0.0023884736882655577
16740,2020,2,1118.14369,0.0036638483218038864,1118.14369,0.0036638483218038864
16740,2020,3,1122.61059,0.003995098664896668,1127.9585187480375,0.008777788432573708
16740,2020,4,1112.29514,-0.009191573755069293,1136.9551351215955,0.007976017046747256
16740,2020,5,1103.53524,-0.007878259084377004,1148.350019107865,0.010022281121102447
16740,2020,6,1096.87599,-0.006039678228705991,1152.9325722671997,0.003990554345873476
16740,2020,7,1103.17081,0.005738078199206242,1159.5642646737706,0.005752021034092077
16740,2020,8,1105.36737,0.0019923411302007477,1160.7070867882255,9.855616883608735e-4
16740,2020,9,1104.52673,-7.617817947062067e-4,1160.5311524536469,-1.5157513603673376e-4
16740,2020,10,1104.12469,-3.6179917561462993e-4,1158.4542517516086,-0.0017896121940779164
16740,2020,11,1107.80996,0.0033478536251179136,1154.4351379733794,-0.003469376345377547
16740,2020,12,1111.00449,0.00287289685913783,1149.1868169015645,-0.004546224295483792
16740,2021,1,1115.8664,0.004380499710964214,1144.4596701212267,-0.004113471117849321
16740,2021,2,1121.89603,0.005410175734786193,1145.7897940595092,0.0011622287556376878
16740,2021,3,1135.59636,0.012199620908547537,1155.8472944599657,0.008777788432573708
16740,2021,4,1156.7877,0.018663281721294833,1165.0663521840152,0.007976017046747256
16740,2021,5,1182.579,0.022294054507544514,1176.7429746903406,0.010022281121102447
16740,2021,6,1209.53402,0.0227974897417329,1181.4388314819676,0.003990554345873476
16740,2021,7,1238.90571,0.02428347237135542,1188.234492491145,0.005752021034092077
16740,2021,8,1274.07395,0.028384807676800294,1189.4055708837332,9.855616883608735e-4
16740,2021,9,1306.55376,0.025495401642190663,1189.2252865725236,-1.5157513603673376e-4
16740,2021,10,1326.12819,0.014986837362229277,1187.0970344981677,-0.0017896121940779164
16740,2021,11,1329.73434,0.0027120395182902435,1182.978548127012,-0.003469376345377547
16740,2021,12,1329.01771,-5.366476693392519e-4,1177.6004623104805,-0.004546224295483792
16740,2022,1,1333.52823,0.003393434348857971,1172.7564368204005,-0.004113471117849321
16740,2022,2,1340.65181,0.005340496805334105,1174.1194480746321,0.0011622287556376878
16740,2022,3,1352.68556,0.008974195196729706,1184.4256201844016,0.008777788432573708
16740,2022,4,1370.47312,0.013156922947066274,1193.8726191215965,0.007976017046747256
16740,2022,5,1396.89817,0.019276029408701767,1205.83794613322,0.010022281121102447
16740,2022,6,1427.1941,0.021690489083237008,1210.6499079895812,0.003990554345873476
16740,2022,7,1448.79674,0.015139999999999931,1217.6135917252586,0.005752021034092077
16740,2022,8,1451.70046,0.0019997241759757145,1218.8136250324906,9.855616883608735e-4
16740,2022,9,1441.83342,-0.006793358042411768,1218.628883191473,-1.5157513603673376e-4
16740,2022,10,1424.28642,-0.012175083641834727,1216.4480100820579,-0.0017896121940779164
16740,2022,11,1411.96058,-0.008647641188023525,1212.2276941304976,-0.003469376345377547
16740,2022,12,1397.5858700000001,-0.010188713573832886,1206.7166351357832,-0.004546224295483792
16740,2023,1,1393.05647,-0.003237171304569797,1201.752841109724,-0.004113471117849321
16740,2023,2,1392.53238,-3.790672895663816e-4,1203.1495528188307,0.0011622287556376878
16740,2023,3,1400.21021,0.0055139334433387255,1213.7105450462202,0.008777788432573708
16740,2023,4,1405.66455,0.003893628515222902,1223.391121043326,0.007976017046747256
16740,2023,5,1414.18161,0.006061467545257937,1235.6522907794827,0.010022281121102447
16740,2023,6,1421.03149,0.004844178911674435,1240.5832283984414,0.003990554345873476
16740,2023,7,1424.07004,0.0021392415233809636,1247.719089222731,0.005752021034092077
16740,2023,8,1420.30053,-0.0026457942894939634,1248.9487933549055,9.855616883608735e-4
16740,2023,9,1410.30368,-0.00703397409487827,1248.75948377165,-1.5157513603673376e-4
16740,2023,10,1395.04089,-0.010828096380177565,1246.5246885720217,-0.0017896121940779164
16740,2023,11,1380.43778,-0.010465794346629531,1242.2000253035608,-0.003469376345377547
16740,2023,12,1366.61493,-0.010018196104379484,1236.552705368675,-0.004546224295483792
16740,2024,1,1361.33308,-0.0038640279880947093,1231.4661815294428,-0.004113471117849321
16740,2024,2,1358.09581,-0.0023798291135922467,1232.8974269372118,0.0011622287556376878
16740,2024,3,1360.35021,0.001660396393366792,1243.719539709931,0.008777788432573708
16740,2024,4,1361.80762,0.0010806160560661304,1253.6394679600303,0.007976017046747256
16740,2024,5,1366.08107,0.0031335478259046923,1266.2037951324348,0.010022281121102447
16740,2024,6,1369.87734,0.0027789966359514917,1271.256650189862,0.003990554345873476
16740,2024,7,1373.0383,0.002302467077846204,1278.5689451814835,0.005752021034092077
16740,2024,8,1371.65328,-0.0010082636037627157,1279.8290537497824,9.855616883608735e-4
16740,2024,9,1364.81131,-0.0049839763599285325,1279.6350634868566,-1.5157513603673376e-4
16740,2024,10,1353.25727,-0.008470233924855464,1277.3450129732707,-0.0017896121940779164
16740,2024,11,1341.59575,-0.008616416540988658,1272.9134224003753,-0.003469376345377547
16740,2024,12,1332.53004,-0.006755175421799486,1267.1264724734115,-0.004546224295483792
16740,2025,1,1331.89486,-4.712585817259196e-4,1261.9141843262296,-0.004113471117849321
16740,2025,2,1334.14645,0.0016823291150092068,1263.3808172784006,0.0011622287556376878
16740,2025,3,1340.85487,0.005027813436029094,1274.4705068022424,0.008777788432573708
16740,2025,4,1345.04857,0.0031293241085683654,1284.6357052900737,0.007976017046747256
16740,2025,5,1352.16166,0.005294766775603588,1297.5106854666965,0.010022281121102447
16740,2025,6,1352.26367,7.38840864233925e-5,1302.688472371403,0.003990554345873476
16740,2025,7,1351.61708,-4.749340369394339e-4,1310.1815638653525,0.005752021034092077
16740,2025,8,1348.31242,-0.002449712264399939,1311.472828619495,9.855616883608735e-4
16740,2025,9,1344.90918,-0.0025298233357679,1311.2740419470883,-1.5157513603673376e-4
16740,2025,10,1334.96948,-0.007385869219177721,1308.927369931842,-0.0017896121940779164
16740,2025,11,1319.52011,-0.01156749128696355,1304.3862082767832,-0.003469376345377547
16740,2025,12,1308.33923,-0.008479709267110946,1298.4561760060212,-0.004546224295483792
16740,2026,1,1303.50846,-0.0036870582075223535,1293.1150140282273,-0.004113471117849321
16740,2026,2,1304.50957,7.664177633739389e-4,1294.6179094818779,0.0011622287556376878
16740,2026,3,1307.40815,0.0022209093693930093,1305.9817915923306,0.008777788432573708
16740,2026,4,1309.35073,0.0014846027050334776,1316.3983246248126,0.007976017046747256
16740,2026,5,1311.28496,0.0014824019271224564,1329.5916387015507,0.010022281121102447
16740,2026,6,1311.9442,5.006584747331289e-4,1334.8974463936083,0.003990554345873476
16740,2026,7,1312.25707,2.393255371226921e-4,1342.57580458362,0.005752021034092077
16740,2026,8,1314.04794,0.001359478830195604,1343.8989958603381,9.855616883608735e-4
16980,2017,1,1222.58695,NA,1222.58695,NA
16980,2017,2,1235.44435,0.010512532734755053,1235.44435,0.010512532734755053
16980,2017,3,1247.21267,0.009526982834153985,1247.21267,0.009526982834153985
16980,2017,4,1266.29238,0.015292463785832044,1266.29238,0.015292463785832044
16980,2017,5,1279.66845,0.010571180890001974,1279.66845,0.010571180890001974
16980,2017,6,1293.434,0.01074653894726807,1293.434,0.01074653894726807
16980,2017,7,1297.89491,0.003453722476307153,1297.89491,0.003453722476307153
16980,2017,8,1292.24637,-0.004346344958827242,1292.24637,-0.004346344958827242
16980,2017,9,1282.74581,-0.0073620500477824535,1282.74581,-0.0073620500477824535
16980,2017,10,1267.55021,-0.01183811731146378,1267.55021,-0.01183811731146378
16980,2017,11,1263.45656,-0.0032355452916200678,1263.45656,-0.0032355452916200678
16980,2017,12,1255.99487,-0.005900808495233445,1255.99487,-0.005900808495233445
16980,2018,1,1260.55602,0.003629477670822112,1260.55602,0.003629477670822112
16980,2018,2,1261.59799,8.224479922593897e-4,1261.59799,8.224479922593897e-4
16980,2018,3,1273.07921,0.009099917822787296,1273.07921,0.009099917822787296
16980,2018,4,1285.7913,0.009987904336475006,1285.7913,0.009987904336475006
16980,2018,5,1303.08992,0.013458232050749919,1303.08992,0.013458232050749919
16980,2018,6,1312.8638,0.007499707499707631,1312.8638,0.007499707499707631
16980,2018,7,1317.93435,0.00385548884579201,1317.93435,0.00385548884579201
16980,2018,8,1314.37147,-0.0026954177897574594,1314.37147,-0.0026954177897574594
16980,2018,9,1309.0216,-0.0040714534276765635,1309.0216,-0.0040714534276765635
16980,2018,10,1294.82205,-0.010855006464086436,1294.82205,-0.010855006464086436
16980,2018,11,1284.80037,-0.00773605567134128,1284.80037,-0.00773605567134128
16980,2018,12,1278.47452,-0.004924646968078816,1278.47452,-0.004924646968078816
16980,2019,1,1286.2164,0.006058076441476379,1286.2164,0.006058076441476379
16980,2019,2,1289.54701,0.0025840712160543067,1289.54701,0.0025840712160543067
16980,2019,3,1300.09786,0.008181506484908008,1300.09786,0.008181506484908008
16980,2019,4,1312.97058,0.00990934997009596,1312.97058,0.00990934997009596
16980,2019,5,1332.80749,0.015107178522492548,1332.80749,0.015107178522492548
16980,2019,6,1344.53787,0.008796714673011463,1344.53787,0.008796714673011463
16980,2019,7,1348.46097,0.0029255681045039506,1348.46097,0.0029255681045039506
16980,2019,8,1345.12349,-0.0024760871039957166,1345.12349,-0.0024760871039957166
16980,2019,9,1335.43744,-0.00720867761569588,1335.43744,-0.00720867761569588
16980,2019,10,1322.53161,-0.0096585265609479,1322.53161,-0.0096585265609479
16980,2019,11,1312.6077,-0.0075047553173093196,1312.6077,-0.0075047553173093196
16980,2019,12,1317.53156,0.0037517132436637457,1317.53156,0.0037517132436637457
16980,2020,1,1320.87303,0.002534223590265894,1320.87303,0.002534223590265894
16980,2020,2,1328.72186,0.005944411099312097,1328.72186,0.005944411099312097
16980,2020,3,1331.67517,0.002226021502908626,1340.5954988670517,0.008936135713949763
16980,2020,4,1333.99657,0.0017402255423895063,1356.3205580940771,0.011729906030801004
16980,2020,5,1331.58621,-0.0018057761980411202,1374.0144792858528,0.013045530487748147
16980,2020,6,1321.56955,-0.0075224126678803405,1386.4002859997286,0.009014320373329054
16980,2020,7,1320.22194,-0.001026741422671451,1391.1301197077905,0.003411593142201038
16980,2020,8,1316.14109,-0.0030833901123646923,1386.7165971728634,-0.003172616617526806
16980,2020,9,1307.01647,-0.00693881333549573,1378.0994565306612,-0.006214060363718299
16980,2020,10,1284.278,-0.017392420124348162,1363.2381926151284,-0.010783883445499373
16980,2020,11,1260.71829,-0.018341326748658515,1354.8423011012521,-0.006158785426756889
16980,2020,12,1238.957,-0.017269110302209567,1351.6476993724968,-0.002357914073216172
16980,2021,1,1233.5174,-0.0043931432509259905,1358.1947794867142,0.0048437770561492455
16980,2021,2,1244.16438,0.008639655896967025,1364.4963740482078,0.004639683981022917
16980,2021,3,1269.89964,0.02068500704613685,1376.689698827895,0.008936135713949763
16980,2021,4,1303.80032,0.026688917436039183,1392.838139628718,0.011729906030801004
16980,2021,5,1336.99038,0.025457224379063614,1411.0084520437429,0.013045530487748147
16980,2021,6,1370.91583,0.025372606707490863,1423.7277342799403,0.009014320373329054
16980,2021,7,1398.05882,0.019806935207633547,1428.5849140545708,0.003411593142201038
16980,2021,8,1417.62109,0.013991428477954981,1424.0525618166932,-0.003172616617526806
16980,2021,9,1424.04454,0.004527758060699938,1415.2034132364568,-0.006214060363718299
16980,2021,10,1418.79066,-0.0036829652152500225,1399.9420245764418,-0.010783883445499373
16980,2021,11,1410.23447,-0.006039179445298193,1391.320082037176,-0.006158785426756889
16980,2021,12,1408.10994,-0.0015027514405873132,1388.0394688353922,-0.002357914073216172
16980,2022,1,1413.07637,0.003529742956755344,1394.762822567567,0.0048437770561492455
16980,2022,2,1424.83977,0.008318587890034923,1401.23408129276,0.004639683981022917
16980,2022,3,1441.39987,0.011620566047830572,1413.7556992102038,0.008936135713949763
16980,2022,4,1469.15937,0.019261484435324494,1430.3389207124487,0.011729906030801004
16980,2022,5,1497.93776,0.019592785537867696,1448.9984507104157,0.013045530487748147
16980,2022,6,1524.62133,0.01781170483460559,1462.0601869655768,0.009014320373329054
16980,2022,7,1540.13146,0.010170000000000012,1467.0481414729136,0.003411593142201038
16980,2022,8,1542.52928,0.0015640931724363316,1462.393760160565,-0.003172616617526806
16980,2022,9,1537.0149,-0.003577958981961893,1453.3063570594022,-0.006214060363718299
16980,2022,10,1522.01361,-0.009760645948439173,1437.6340706942703,-0.010783883445499373
16980,2022,11,1506.11961,-0.010447865850604532,1428.7799909306693,-0.006158785426756889
16980,2022,12,1492.15813,-0.009262446095600563,1425.4110504825244,-0.002357914073216172
16980,2023,1,1494.83086,0.0017880679670179145,1432.3154238244333,0.0048437770561492455
16980,2023,2,1509.73874,0.009974909736246262,1438.9609147521237,0.004639683981022917
16980,2023,3,1532.16715,0.014854984650185754,1451.8196647734178,0.008936135713949763
16980,2023,4,1553.14153,0.013692223493706246,1468.8493730148791,0.011729906030801004
16980,2023,5,1572.5614,0.012496196169665463,1488.0112922924545,0.013045530487748147
16980,2023,6,1588.28747,0.010005429302722524,1501.4247028003101,0.009014320373329054
16980,2023,7,1597.2203,0.005625095991399043,1506.5469530199148,0.003411593142201038
16980,2023,8,1597.12758,-5.7272675206609946e-5,1501.7672571216792,-0.003172616617526806
16980,2023,9,1588.91829,-0.0051452900072549435,1492.4351847336695,-0.006214060363718299
16980,2023,10,1578.93757,-0.006275367742306859,1476.3409376515394,-0.010783883445499373
16980,2023,11,1565.07341,-0.008786921970201811,1467.2484705998068,-0.006158785426756889
16980,2023,12,1554.70156,-0.0066242584240109315,1463.7888247820745,-0.002357914073216172
16980,2024,1,1549.00145,-0.003667637511890476,1470.8790915066018,0.0048437770561492455
16980,2024,2,1557.40156,0.005423281725214002,1477.7035056654863,0.004639683981022917
16980,2024,3,1574.51292,0.010983847283406734,1490.9084647370926,0.008936135713949763
16980,2024,4,1595.03672,0.013043225656518498,1508.396680928984,0.011729906030801004
16980,2024,5,1615.49308,0.01281793938003628,1528.0745158176614,0.013045530487748147
16980,2024,6,1630.67786,0.009399773499433772,1541.8490690575616,0.009014320373329054
16980,2024,7,1635.66082,0.0030573319869851012,1547.1092307678673,0.003411593142201038
16980,2024,8,1633.85685,-0.0010998946711034963,1542.200846313204,-0.003172616617526806
16980,2024,9,1623.83384,-0.006140064386693456,1532.6175171612365,-0.006214060363718299
16980,2024,10,1611.55606,-0.007558188663655763,1516.0899484896388,-0.010783883445499373
16980,2024,11,1595.87849,-0.00972545457985663,1506.7526758092283,-0.006158785426756889
16980,2024,12,1587.73536,-0.005101553394348035,1503.1998824700815,-0.002357914073216172
16980,2025,1,1590.87659,0.0019781063952371003,1510.4810475715965,0.0048437770561492455
16980,2025,2,1607.83479,0.010656853161596924,1517.4892022916533,0.004639683981022917
16980,2025,3,1633.8056,0.016148608924879904,1531.049691747785,0.008936135713949763
16980,2025,4,1661.71344,0.017086440029488337,1549.0087607604733,0.011729906030801004
16980,2025,5,1685.12689,0.014092777451556016,1569.216401774763,0.013045530487748147
16980,2025,6,1697.58762,0.0073917921250723495,1583.361821155443,0.009014320373329054
16980,2025,7,1700.16613,0.0015178050204318616,1588.7636074861198,0.003411593142201038
16980,2025,8,1696.27942,-0.0022867083953584944,1583.7230696636875,-0.003172616617526806
16980,2025,9,1689.75173,-0.0038468798029822615,1573.8817189093843,-0.006214060363718299
16980,2025,10,1680.82827,-0.005278306610966177,1556.9091618956634,-0.010783883445499373
16980,2025,11,1669.42382,-0.0067848266603776075,1547.3204924385961,-0.006158785426756889
16980,2025,12,1657.07537,-0.007397395386217087,1543.6720436736994,-0.002357914073216172
16980,2026,1,1657.9939,5.520388635358309e-4,1551.1492469010655,0.0048437770561492455
16980,2026,2,1671.53878,0.008165667414573141,1558.3460892140881,0.004639683981022917
16980,2026,3,1694.37,0.013663395235141707,1572.2716813566078,0.008936135713949763
16980,2026,4,1716.09282,0.012822358594129613,1590.71428043381,0.011729906030801004
16980,2026,5,1734.80643,0.01090094972414457,1611.4659920765055,0.013045530487748147
16980,2026,6,1749.26813,0.008340217601462419,1625.9922627998078,0.009014320373329054
16980,2026,7,1753.93207,0.0026670152961170146,1631.5394868528474,0.003411593142201038
16980,2026,8,1749.68225,-0.0024252223120451166,1626.3632375647069,-0.003172616617526806
17140,2017,1,797.60149,NA,797.60149,NA
17140,2017,2,806.70754,0.011418089780596441,806.70754,0.011418089780596441
17140,2017,3,805.32577,-0.0017151694081259938,805.32577,-0.0017151694081259938
17140,2017,4,819.77515,0.017955723298783033,819.77515,0.017955723298783033
17140,2017,5,823.81583,0.004925086119834443,823.81583,0.004925086119834443
17140,2017,6,826.92868,0.003772078360109621,826.92868,0.003772078360109621
17140,2017,7,825.88325,-0.0012617777351088266,825.88325,-0.0012617777351088266
17140,2017,8,821.76598,-0.004984825805742887,821.76598,-0.004984825805742887
17140,2017,9,823.50071,0.0021115680808192483,823.50071,0.0021115680808192483
17140,2017,10,824.73758,0.0015011499635040337,824.73758,0.0015011499635040337
17140,2017,11,828.97752,0.00514301430143016,828.97752,0.00514301430143016
17140,2017,12,828.67115,-3.693873642158785e-4,828.67115,-3.693873642158785e-4
17140,2018,1,826.95104,-0.0020802824804632136,826.95104,-0.0020802824804632136
17140,2018,2,825.30805,-0.00198861688267149,825.30805,-0.00198861688267149
17140,2018,3,826.27658,0.001181805689157489,826.27658,0.001181805689157489
17140,2018,4,830.7467,0.005407927967497672,830.7467,0.005407927967497672
17140,2018,5,837.39168,0.008000000000000007,837.39168,0.008000000000000007
17140,2018,6,846.04277,0.010333712552142549,846.04277,0.010333712552142549
17140,2018,7,853.62021,0.008954543626590095,853.62021,0.008954543626590095
17140,2018,8,857.25873,0.004264817250587916,857.25873,0.004264817250587916
17140,2018,9,857.45086,2.2490342382397444e-4,857.45086,2.2490342382397444e-4
17140,2018,10,856.75465,-8.200515838898692e-4,856.75465,-8.200515838898692e-4
17140,2018,11,859.69351,0.0034285109143137316,859.69351,0.0034285109143137316
17140,2018,12,864.94247,0.006108018258093484,864.94247,0.006108018258093484
17140,2019,1,866.74745,0.0020848357700125053,866.74745,0.0020848357700125053
17140,2019,2,865.98728,-8.766879514289228e-4,865.98728,-8.766879514289228e-4
17140,2019,3,869.6289,0.004203936770695638,869.6289,0.004203936770695638
17140,2019,4,877.39942,0.0089334620099637,877.39942,0.0089334620099637
17140,2019,5,891.34117,0.015899073200366987,891.34117,0.015899073200366987
17140,2019,6,898.23966,0.007736057918644068,898.23966,0.007736057918644068
17140,2019,7,905.16699,0.007714549058724041,905.16699,0.007714549058724041
17140,2019,8,905.88689,7.893549842128422e-4,905.88689,7.893549842128422e-4
17140,2019,9,907.43197,0.001715179968701186,907.43197,0.001715179968701186
17140,2019,10,905.14688,-0.002524621306803976,905.14688,-0.002524621306803976
17140,2019,11,903.66934,-0.0016288685628368382,903.66934,-0.0016288685628368382
17140,2019,12,893.35921,-0.011408132530120407,893.35921,-0.011408132530120407
17140,2020,1,891.18166,-0.0024374452526945145,891.18166,-0.0024374452526945145
17140,2020,2,892.18695,0.0011198920831265724,892.18695,0.0011198920831265724
17140,2020,3,904.0807,0.0133346892597912,893.278562458591,0.001223524350575711
17140,2020,4,910.15941,0.006723869737568444,902.8953354315796,0.010765704425414802
17140,2020,5,913.61541,0.0038005283357425146,911.5704017642283,0.009608053106733813
17140,2020,6,915.99603,0.002606849808210354,918.2071960689128,0.007280616276965413
17140,2020,7,919.41361,0.00372676959649354,922.9228985553723,0.0051357716500684365
17140,2020,8,919.54288,1.3568855775414335e-4,922.9442323578091,2.3115476352623313e-5
17140,2020,9,922.52929,0.0032560835728117077,924.1907151440917,0.001350550491114803
17140,2020,10,923.69872,0.001266242946535101,923.6227928866036,-6.145076423966038e-4
17140,2020,11,928.82285,0.005549689364732657,925.760258195874,0.002314218884302351
17140,2020,12,929.22063,4.273608635130266e-4,924.0107250963372,-0.0018898338787476
17140,2021,1,929.06709,-1.7087132168969177e-4,924.0128287405262,2.276644774645842e-6
17140,2021,2,930.71222,0.0017700411381975645,926.6471230778666,0.0028509283154986758
17140,2021,3,936.55312,0.006275589783583557,927.7808983973434,0.001223524350575711
17140,2021,4,948.25182,0.012497123966141555,937.769113321035,0.010765704425414802
17140,2021,5,960.04538,0.012438554735620944,946.7792487636782,0.009608053106733813
17140,2021,6,976.28836,0.016916516048245178,953.6723851729201,0.007280616276965413
17140,2021,7,993.70548,0.017843244310723483,958.5702287721442,0.0051357716500684365
17140,2021,8,1014.49652,0.020920120065282655,958.5923865795997,2.3115476352623313e-5
17140,2021,9,1036.53543,0.021721146536690217,959.8870139980738,0.001350550491114803
17140,2021,10,1052.9241,0.01581049291536729,959.2971560921349,-6.145076423966038e-4
17140,2021,11,1061.78592,0.008412322274881534,961.5171796864208,0.002314218884302351
17140,2021,12,1058.12531,-0.003439399280076083,959.7000719452516,-0.0018898338787476
17140,2022,1,1055.99108,-0.002015026956344701,959.7022568414058,2.276644774645842e-6
17140,2022,2,1060.30373,0.004081150454833482,962.438299179883,0.0028509283154986758
17140,2022,3,1071.31247,0.010375330245691927,963.6158658748564,0.001223524350575711
17140,2022,4,1088.86718,0.01638771556515395,973.9898694665052,0.010765704425414802
17140,2022,5,1109.95209,0.01936276807382642,983.3480158577601,0.009608053106733813
17140,2022,6,1134.12651,0.02178444435361926,990.5073954279358,0.007280616276965413
17140,2022,7,1152.34627,0.01607000000000003,995.5944152285575,0.0051357716500684365
17140,2022,8,1160.29454,0.00688928912378084,995.6174288677195,2.3115476352623313e-5
17140,2022,9,1157.08238,-0.0027661841320729685,996.9620604752392,0.001350550491114803
17140,2022,10,1149.47686,-0.006576883870461847,996.3494196698978,-6.145076423966038e-4
17140,2022,11,1135.85036,-0.011849673911971115,998.6551903122615,0.002314218884302351
17140,2022,12,1127.13029,-0.007678328940011192,996.7678979004222,-0.0018898338787476
17140,2023,1,1122.7731900000001,-0.0038638398921344574,996.7701671868485,2.276644774645842e-6
17140,2023,2,1127.50655,0.004212163759229837,999.6118874805259,0.0028509283154986758
17140,2023,3,1136.97283,0.008399050454655166,1000.8349369659832,0.001223524350575711
17140,2023,4,1147.84825,0.009565989366689509,1011.6096300759875,0.010765704425414802
17140,2023,5,1160.74309,0.011234067779863688,1021.3292291250409,0.009608053106733813
17140,2023,6,1173.78263,0.01123628440501423,1028.7651353347492,0.007280616276965413
17140,2023,7,1182.13457,0.007111317236248471,1034.0486381513804,0.0051357716500684365
17140,2023,8,1180.76013,-0.0011608607638654567,1034.072540678223,2.3115476352623313e-5
17140,2023,9,1170.40188,-0.008769402182265296,1035.4691078558844,0.001350550491114803
17140,2023,10,1159.87605,-0.009002025213422638,1034.8328041756415,-6.145076423966038e-4
17140,2023,11,1151.76333,-0.006991297545712372,1037.2276337931603,0.002314218884302351
17140,2023,12,1147.60886,-0.0036039584461621255,1035.2674458708448,-0.0018898338787476
17140,2024,1,1147.65579,3.952998843748112e-5,1035.2698028070656,2.276644774645842e-6
17140,2024,2,1147.58322,-5.9292638818875254e-5,1038.2212828020693,0.0028509283154986758
17140,2024,3,1152.67023,0.004427446213446373,1039.4915718228635,0.001223524350575711
17140,2024,4,1156.67385,0.003473212967973538,1050.6824308378182,0.010765704425414802
17140,2024,5,1169.18913,0.010824802917990484,1060.7774434316202,0.009608053106733813
17140,2024,6,1182.25693,0.011174484926085304,1068.5005569525063,0.007280616276965413
17140,2024,7,1190.77306,0.007204251563639019,1073.9881318209852,0.0051357716500684365
17140,2024,8,1190.91147,1.142911567217908e-4,1074.0129575682492,2.3115476352623313e-5
17140,2024,9,1184.95746,-0.004999666688887405,1075.4634662955568,0.001350550491114803
17140,2024,10,1175.16823,-0.008259795945713244,1074.8025857764,-6.145076423966038e-4
17140,2024,11,1168.71952,-0.005491270905914947,1077.2899142173007,0.002314218884302351
17140,2024,12,1159.54772,-0.007850557981562312,1075.2540152401796,-0.0018898338787476
17140,2025,1,1161.09271,0.0013399712444126521,1075.2564632116148,2.276644774645842e-6
17140,2025,2,1167.46801,0.005489460626306508,1078.321942309008,0.0028509283154986758
17140,2025,3,1182.97953,0.013289294734796897,1079.6412954631833,0.001223524350575711
17140,2025,4,1194.42675,0.009673275300072781,1091.2643945356117,0.010765704425414802
17140,2025,5,1204.92334,0.008783007491667938,1101.7493207917976,0.009608053106733813
17140,2025,6,1210.55534,0.004677999284652179,1109.77073482989,0.007280616276965413
17140,2025,7,1213.68393,0.002585746540626932,1115.4702639079048,0.0051357716500684365
17140,2025,8,1213.67272,-9.34448441791691e-6,1115.4960485344122,2.3115476352623313e-5
17140,2025,9,1206.82511,-0.005644121329919538,1117.002582270597,0.001350550491114803
17140,2025,10,1196.32925,-0.008692792030824181,1116.316175647215,-6.145076423966038e-4
17140,2025,11,1183.55828,-0.010674503483907749,1118.89957562175,0.002314218884302351
17140,2025,12,1178.728,-0.004082062879099957,1116.7850412968237,-0.0018898338787476
17140,2026,1,1181.45331,0.0023091799524692647,1116.7875838196526,2.276644774645842e-6
17140,2026,2,1186.66166,0.004406132107167782,1119.9714651647612,0.0028509283154986758
17140,2026,3,1194.31524,0.00645118128297284,1121.3417775243404,0.001223524350575711
17140,2026,4,1199.176,0.004073803260941977,1133.4138116610368,0.010765704425414802
17140,2026,5,1206.39887,0.006024438223499962,1144.3037117553813,0.009608053106733813
17140,2026,6,1209.5899,0.0026416477865622845,1152.6349479849796,0.007280616276965413
17140,2026,7,1212.87079,0.002709696776492354,1158.5546178737188,0.0051357716500684365
17140,2026,8,1212.01623,-7.013081735129933e-4,1158.5813984155916,2.3115476352623313e-5
17460,2017,1,770.33984,NA,770.33984,NA
17460,2017,2,782.27982,0.015492177765471293,782.27982,0.015492177765471293
17460,2017,3,783.37538,0.0014042454566525198,783.37538,0.0014042454566525198
17460,2017,4,788.9689,0.007147524914229875,788.9689,0.007147524914229875
17460,2017,5,791.62664,0.003365911026400159,791.62664,0.003365911026400159
17460,2017,6,805.74761,0.017837415460889572,805.74761,0.017837415460889572
17460,2017,7,812.19617,0.007994705493050924,812.19617,0.007994705493050924
17460,2017,8,815.85666,0.00451716259159074,815.85666,0.00451716259159074
17460,2017,9,804.47395,-0.013961149311093157,804.47395,-0.013961149311093157
17460,2017,10,802.02252,-0.0030491846745326345,802.02252,-0.0030491846745326345
17460,2017,11,795.23595,-0.008457446808510682,795.23595,-0.008457446808510682
17460,2017,12,795.0547,-2.2799206051182797e-4,795.0547,-2.2799206051182797e-4
17460,2018,1,794.53832,-6.43889090104155e-4,794.53832,-6.43889090104155e-4
17460,2018,2,799.65899,0.006443039503885917,799.65899,0.006443039503885917
17460,2018,3,810.6155,0.013697168540524718,810.6155,0.013697168540524718
17460,2018,4,824.89651,0.017617030234455155,824.89651,0.017617030234455155
17460,2018,5,836.17486,0.01367897084491565,836.17486,0.01367897084491565
17460,2018,6,843.03573,0.008201216790173937,843.03573,0.008201216790173937
17460,2018,7,845.91158,0.0034157326113908315,845.91158,0.0034157326113908315
17460,2018,8,851.69517,0.006833425790508718,851.69517,0.006833425790508718
17460,2018,9,857.78984,0.007150191590072463,857.78984,0.007150191590072463
17460,2018,10,861.38525,0.004202464285270269,861.38525,0.004202464285270269
17460,2018,11,859.31049,-0.002414352396399533,859.31049,-0.002414352396399533
17460,2018,12,855.89171,-0.003984014297770955,855.89171,-0.003984014297770955
17460,2019,1,849.7878,-0.007127637038790713,849.7878,-0.007127637038790713
17460,2019,2,848.73311,-0.001242485472960353,848.73311,-0.001242485472960353
17460,2019,3,850.24201,0.001784367931641162,850.24201,0.001784367931641162
17460,2019,4,856.68925,0.0075763277388924966,856.68925,0.0075763277388924966
17460,2019,5,864.48614,0.009100415805592288,864.48614,0.009100415805592288
17460,2019,6,871.8829,0.008561876210567698,871.8829,0.008561876210567698
17460,2019,7,873.30421,0.0016268914141723823,873.30421,0.0016268914141723823
17460,2019,8,870.89272,-0.0027600019539837373,870.89272,-0.0027600019539837373
17460,2019,9,865.70525,-0.005951652012050279,865.70525,-0.005951652012050279
17460,2019,10,864.9018,-9.362834474941906e-4,864.9018,-9.362834474941906e-4
17460,2019,11,857.43519,-0.00863174509223641,857.43519,-0.00863174509223641
17460,2019,12,855.45629,-0.002301109507935717,855.45629,-0.002301109507935717
17460,2020,1,855.1433,-3.7401353929011893e-4,855.1433,-3.7401353929011893e-4
17460,2020,2,860.85723,0.006684875469250784,860.85723,0.006684875469250784
17460,2020,3,866.30329,0.006330760558494353,865.7026458192089,0.0056285939762728
17460,2020,4,873.53484,0.008346875461663572,875.035175113844,0.010780294295859175
17460,2020,5,882.14769,0.00985275803970409,882.661193490883,0.008715099225636033
17460,2020,6,889.86355,0.0087531585119629,892.8413688555945,0.011533502820543736
17460,2020,7,892.23367,0.0026606901015138185,896.7214579001349,0.004345776506204713
17460,2020,8,895.95087,0.004171697008092501,899.2892456288139,0.002863528809371907
17460,2020,9,893.60794,-0.0026187982096944618,895.4634864024445,-0.004254203244356991
17460,2020,10,910.10325,0.01846326442927393,895.5282571160691,7.23320544144812e-5
17460,2020,11,915.91891,0.006386594011835722,889.7062654387325,-0.006501181432382208
17460,2020,12,920.65337,0.005170004657661931,887.7746787741651,-0.002171038622072833
17460,2021,1,909.79588,-0.011792780686715076,884.3249967178326,-0.003885763064447434
17460,2021,2,908.11379,-0.0018521557686447254,890.4246967104765,0.0068975772654656185
17460,2021,3,914.02937,0.006518062667355551,895.4365357947055,0.0056285939762728
17460,2021,4,924.75857,0.011738212197939468,905.0896051738372,0.010780294295859175
17460,2021,5,942.08087,0.018729312989424374,912.9775508910187,0.008715099225636033
17460,2021,6,959.08029,0.01804535111453265,923.5073800493133,0.011533502820543736
17460,2021,7,972.21368,0.013688880981240326,927.5207367248383,0.004345776506204713
17460,2021,8,984.3471,0.012483819302749222,930.1767190757397,0.002863528809371907
17460,2021,9,993.65437,0.009458698101759477,926.2195582596224,-0.004254203244356991
17460,2021,10,999.48457,0.00586031834623113,926.2865536231102,7.23320544144812e-5
17460,2021,11,998.35245,-0.0011310889398709056,920.2645966796302,-0.006501181432382208
17460,2021,12,995.87244,-0.002478394171500642,918.2666666977124,-0.002171038622072833
17460,2022,1,995.81039,-6.425565181999993e-5,914.6985000009452,-0.003885763064447434
17460,2022,2,1000.90119,0.005108652579494555,921.0077035793072,0.0068975772654656185
17460,2022,3,1011.63518,0.010730116784587906,926.1916819917745,0.0056285939762728
17460,2022,4,1027.72196,0.015897949501871178,936.1763008980226,0.010780294295859175
17460,2022,5,1049.22363,0.02092089287382093,944.3351702530377,0.008715099225636033
17460,2022,6,1066.51237,0.016477093688693767,955.2266626026897,0.011533502820543736
17460,2022,7,1070.75417,0.003980000000000095,959.3778641911288,0.004345776506204713
17460,2022,8,1068.3177,-0.002280921930715829,962.1250703443137,0.002863528809371907
17460,2022,9,1063.81869,-0.004212880232407179,958.0319947485777,-0.004254203244356991
17460,2022,10,1061.57304,-0.0021053264759842705,958.1012911709528,7.23320544144812e-5
17460,2022,11,1054.58927,-0.00658046756482511,951.8725008464507,-0.006501181432382208
17460,2022,12,1044.61669,-0.00945571489249819,949.805948883824,-0.002171038622072833
17460,2023,1,1039.17314,-0.005206897607889949,946.1152280092588,-0.003885763064447434
17460,2023,2,1036.3824,-0.00268891694120299,952.6411308964863,0.0068975772654656185
17460,2023,3,1040.73311,0.004198610753794574,958.0031610274001,0.0056285939762728
17460,2023,4,1047.51418,0.006517528667903338,968.3307170396388,0.010780294295859175
17460,2023,5,1055.39901,0.007524002484244452,976.7698153218705,0.008715099225636033
17460,2023,6,1062.88067,0.007083813334950229,988.0353927419071,0.011533502820543736
17460,2023,7,1066.92973,0.0038130023379723266,992.3291737389836,0.004345776506204713
17460,2023,8,1055.10613,-0.011075680484610828,995.1707369163655,0.002863528809371907
17460,2023,9,1049.59167,-0.005235972546522416,990.9370783386867,-0.004254203244356991
17460,2023,10,1045.51917,-0.0038714397488136543,991.0087548533584,7.23320544144812e-5
17460,2023,11,1053.56861,0.007691366084543905,984.5660271369775,-0.006501181432382208
17460,2023,12,1049.8358,-0.00354301216771602,982.4284962660824,-0.002171038622072833
17460,2024,1,1050.24784,3.961965134706702e-4,978.6110119018311,-0.003885763064447434
17460,2024,2,1058.2452,0.007616146230007503,985.3610569692595,0.0068975772654656185
17460,2024,3,1068.27715,0.009473418997228533,990.9072542789705,0.0056285939762728
17460,2024,4,1080.88594,0.011810512654120808,1001.5895260999997,0.010780294295859175
17460,2024,5,1093.1773,0.011366775861388456,1010.3184782033188,0.008715099225636033
17460,2024,6,1111.39938,0.016673170731707376,1021.9709892213242,0.011533502820543736
17460,2024,7,1123.36811,0.010766824362579142,1026.412246736305,0.004345776506204713
17460,2024,8,1119.66021,-0.0033038706553625286,1029.3514077751265,0.002863528809371907
17460,2024,9,1105.48789,-0.012659192440680922,1024.9723376765862,-0.004254203244356991
17460,2024,10,1094.63892,-0.009811488220425657,1025.0464760314885,7.23320544144812e-5
17460,2024,11,1093.02458,-0.001471204341514154,1018.3824629141837,-0.006501181432382208
17460,2024,12,1105.94555,0.011816248072907376,1016.1715152551554,-0.002171038622072833
17460,2025,1,1109.54855,0.0032594964174470498,1012.2229135140334,-0.003885763064447434
17460,2025,2,1113.46958,0.003537271110683804,1019.2047992698713,0.0068975772654656185
17460,2025,3,1105.66426,-0.007011292778943079,1024.9414892636298,0.0056285939762728
17460,2025,4,1110.54713,0.0044178217630774785,1035.990660153928,0.010780294295859175
17460,2025,5,1117.60171,0.006347895398976178,1045.0194215540016,0.008715099225636033
17460,2025,6,1126.08351,0.007596144670293015,1057.0721560000175,0.011533502820543736
17460,2025,7,1121.32428,-0.004233515807019805,1061.6659553409254,0.004345776506204713
17460,2025,8,1118.01712,-0.0029484777294820352,1064.7060663899736,0.002863528809371907
17460,2025,9,1109.87504,-0.0072785202567992036,1060.1765903880507,-0.004254203244356991
17460,2025,10,1104.4422,-0.004900736071339229,1060.2532751388758,7.23320544144812e-5
17460,2025,11,1095.5552,-0.008043956892888837,1053.3603762329205,-0.006501181432382208
17460,2025,12,1096.1992,5.9383000885882e-4,1051.0734901731578,-0.002171038622072833
17460,2026,1,1104.31857,0.007403876089663752,1046.989267627023,-0.003885763064447434
17460,2026,2,1112.01427,0.006963156115698421,1054.2109569965937,0.0068975772654656185
17460,2026,3,1120.79047,0.007893272974891286,1060.1446824388656,0.0056285939762728
17460,2026,4,1125.86932,0.00453900979170041,1071.5733541117468,0.010780294295859175
17460,2026,5,1135.78497,0.008800181876740698,1080.9122222203782,0.008715099225636033
17460,2026,6,1138.36656,0.0022724071552653324,1093.378926384117,0.011533502820543736
17460,2026,7,1139.82328,0.0012835286732810758,1098.1305068347763,0.004345776506204713
17460,2026,8,1136.79395,-0.0026573348054718116,1101.2750351775478,0.002863528809371907
18140,2017,1,976.19685,NA,976.19685,NA
18140,2017,2,983.80891,0.007802238217832214,983.80891,0.007802238217832214
18140,2017,3,987.91378,0.004170685295727727,987.91378,0.004170685295727727
18140,2017,4,995.81793,0.007995223632635051,995.81793,0.007995223632635051
18140,2017,5,1007.53751,0.011768947490407244,1007.53751,0.011768947490407244
18140,2017,6,1022.25439,0.01461005905110957,1022.25439,0.01461005905110957
18140,2017,7,1028.8056,0.006409613165420769,1028.8056,0.006409613165420769
18140,2017,8,1022.73215,-0.0059076462890259585,1022.73215,-0.0059076462890259585
18140,2017,9,1011.74472,-0.01074459949097939,1011.74472,-0.01074459949097939
18140,2017,10,1003.07807,-0.008567373010240242,1003.07807,-0.008567373010240242
18140,2017,11,999.29511,-0.003771028276320476,999.29511,-0.003771028276320476
18140,2017,12,992.27115,-0.007031681059371464,992.27115,-0.007031681059371464
18140,2018,1,989.23569,-0.003049686631776183,989.23569,-0.003049686631776183
18140,2018,2,989.70346,4.6662950913178847e-4,989.70346,4.6662950913178847e-4
18140,2018,3,996.48964,0.006853663276543465,996.48964,0.006853663276543465
18140,2018,4,1006.44219,0.009998198522788604,1006.44219,0.009998198522788604
18140,2018,5,1020.328,0.01379776025276791,1020.328,0.01379776025276791
18140,2018,6,1032.04732,0.011486163822354012,1032.04732,0.011486163822354012
18140,2018,7,1036.35226,0.00416211112215481,1036.35226,0.00416211112215481
18140,2018,8,1033.64564,-0.0026106430100343303,1033.64564,-0.0026106430100343303
18140,2018,9,1027.91624,-0.005545080136952318,1027.91624,-0.005545080136952318
18140,2018,10,1022.34605,-0.0054138339674422165,1022.34605,-0.0054138339674422165
18140,2018,11,1020.70785,-0.0016053981512835769,1020.70785,-0.0016053981512835769
18140,2018,12,1016.35527,-0.004258633468587902,1016.35527,-0.004258633468587902
18140,2019,1,1019.05746,0.0026619903108597853,1019.05746,0.0026619903108597853
18140,2019,2,1020.88865,0.0017867253853414145,1020.88865,0.0017867253853414145
18140,2019,3,1030.60229,0.009520579775675886,1030.60229,0.009520579775675886
18140,2019,4,1034.49948,0.0037822706065320233,1034.49948,0.0037822706065320233
18140,2019,5,1038.6508,0.004015914922098629,1038.6508,0.004015914922098629
18140,2019,6,1042.199,0.0034072812118068896,1042.199,0.0034072812118068896
18140,2019,7,1047.08225,0.0046875576717233525,1047.08225,0.0046875576717233525
18140,2019,8,1047.81526,6.980161645848693e-4,1047.81526,6.980161645848693e-4
18140,2019,9,1039.19838,-0.008223503065457605,1039.19838,-0.008223503065457605
18140,2019,10,1025.52266,-0.013153186501326464,1025.52266,-0.013153186501326464
18140,2019,11,1020.20976,-0.005188862076294987,1020.20976,-0.005188862076294987
18140,2019,12,1021.78489,0.0015459252928460288,1021.78489,0.0015459252928460288
18140,2020,1,1027.50032,0.005596897862888639,1027.50032,0.005596897862888639
18140,2020,2,1031.16647,0.003569066427064893,1031.16647,0.003569066427064893
18140,2020,3,1034.63242,0.00335741553612956,1038.2282170803185,0.006848309449315693
18140,2020,4,1035.6609,9.914610417776082e-4,1045.7642633042965,0.007258564253985226
18140,2020,5,1038.46684,0.0027114363183895485,1056.0764131703495,0.009860874221757928
18140,2020,6,1046.78095,0.00801353286906692,1066.4623980937927,0.009834501361756823
18140,2020,7,1061.33585,0.013903009664735233,1071.8868815709604,0.005086427319766311
18140,2020,8,1070.05956,0.008215338520272564,1069.0927321765785,-0.0026067577114918064
18140,2020,9,1081.0479,0.010269376407995079,1060.357110356572,-0.008171060897796437
18140,2020,10,1083.21665,0.002004530951618344,1050.766394669679,-0.009044797826336307
18140,2020,11,1080.62198,-0.0023911550936338566,1047.0658446330501,-0.003521762834633013
18140,2020,12,1068.2806,-0.011426740709098548,1043.6648389180846,-0.0032481297450377795
18140,2021,1,1064.90233,-0.0031567702519414986,1043.4625264089252,-1.9384816045819875e-4
18140,2021,2,1067.4733,0.0024081878386514877,1046.9600712734273,0.003351864370768472
18140,2021,3,1076.64093,0.008588588588588575,1054.1299778225855,0.006848309449315693
18140,2021,4,1090.84919,0.01319597451318999,1061.7814479986625,0.007258564253985226
18140,2021,5,1112.18928,0.019571426892198485,1072.2515413083734,0.009860874221757928
18140,2021,6,1139.14394,0.02423389979017254,1082.7966005515166,0.009834501361756823
18140,2021,7,1160.67249,0.018899144529491263,1088.304166762312,0.005086427319766311
18140,2021,8,1177.81971,0.014770379699289737,1085.4672214831555,-0.0026067577114918064
18140,2021,9,1187.42603,0.008154067235673246,1076.597802713855,-0.008171060897796437
18140,2021,10,1195.65372,0.006932671022082948,1066.86019324803,-0.009044797826336307
18140,2021,11,1196.07638,3.53898784947404e-4,1063.1029646696998,-0.003521762834633013
18140,2021,12,1192.1304,-0.0033018867924528017,1059.6498683081184,-0.0032481297450377795
18140,2022,1,1186.83055,-0.004442197650905588,1059.444457130417,-1.9384816045819875e-4
18140,2022,2,1190.34982,0.0029602739874026174,1062.9955712590806,0.003351864370768472
18140,2022,3,1202.58144,0.010276518048538685,1070.275293874315,0.006848309449315693
18140,2022,4,1222.99801,0.016974634011110323,1078.0439558643545,0.007258564253985226
18140,2022,5,1250.63118,0.02260455655857152,1088.6744117186593,0.009860874221757928
18140,2022,6,1282.24452,0.02527297893064029,1099.3809817032163,0.009834501361756823
18140,2022,7,1307.93204,0.020029999999999992,1104.972903163383,0.005086427319766311
18140,2022,8,1314.12378,0.0047351548483869355,1102.0925065270726,-0.0026067577114918064
18140,2022,9,1303.61933,-0.007991335401908661,1093.0872415412348,-0.008171060897796437
18140,2022,10,1285.52695,-0.01387864302084263,1083.2004884349465,-0.009044797826336307
18140,2022,11,1273.79821,-0.009126635812320316,1079.3857132123198,-0.003521762834633013
18140,2022,12,1262.42489,-0.00892884106260261,1075.8797283708661,-0.0032481297450377795
18140,2023,1,1256.92009,-0.004357364860747115,1075.671171064647,-1.9384816045819875e-4
18140,2023,2,1255.68166,-9.895434838050887e-4,1079.2766749376017,0.003351864370768472
18140,2023,3,1264.04759,0.006668164365656315,1086.6678955890027,0.006848309449315693
18140,2023,4,1272.47881,0.006664570251874169,1094.5555443318783,0.007258564253985226
18140,2023,5,1288.69566,0.01274713315463849,1105.3488188832625,0.009860874221757928
18140,2023,6,1302.06684,0.010377799667671495,1116.2193733477864,0.009834501361756823
18140,2023,7,1314.89028,0.009847753727374897,1121.8969420632352,0.005086427319766311
18140,2023,8,1310.50618,-0.0033350886431454674,1118.9724285580128,-0.0026067577114918064
18140,2023,9,1299.00459,-0.008776564518022889,1109.82923670131,-0.008171060897796437
18140,2023,10,1288.92727,-0.007758595161242554,1099.7910556335896,-0.009044797826336307
18140,2023,11,1278.45411,-0.008127654917877702,1095.9178523679973,-0.003521762834633013
18140,2023,12,1275.18279,-0.0025575704084089823,1092.3581689936032,-0.0032481297450377795
18140,2024,1,1269.49427,-0.004454544540417604,1092.1464173719821,-1.9384816045819875e-4
18140,2024,2,1272.17903,0.0021109831727368356,1095.8071440360336,0.003351864370768472
18140,2024,3,1279.06312,0.005412488031043772,1103.3115704551635,0.006848309449315693
18140,2024,4,1292.71735,0.01067647766460822,1111.3200283814776,0.007258564253985226
18140,2024,5,1306.45049,0.010623208387474437,1122.278615401468,0.009860874221757928
18140,2024,6,1319.61961,0.010079695351758788,1133.3156659729043,0.009834501361756823
18140,2024,7,1326.1833,0.004974979351892284,1139.0801937382282,0.005086427319766311
18140,2024,8,1325.81399,-2.803910004158805e-4,1136.1108876591936,-0.0026067577114918064
18140,2024,9,1318.88926,-0.005222538153542455,1126.8276564094808,-0.008171060897796437
18140,2024,10,1308.11494,-0.008166598611678233,1116.635728072133,-0.009044797826336307
18140,2024,11,1298.64283,-0.007243819718088962,1112.7032018651853,-0.003521762834633013
18140,2024,12,1290.31979,-0.006408041153645017,1109.0889974978081,-0.0032481297450377795
18140,2025,1,1287.17566,-0.0024346616317202363,1108.8740026358587,-1.9384816045819875e-4
18140,2025,2,1295.75626,0.006664342282213465,1112.5907978969653,0.003351864370768472
18140,2025,3,1307.16234,0.008797276703544687,1120.210163971425,0.006848309449315693
18140,2025,4,1320.13187,0.009927116133525482,1128.341281424579,0.007258564253985226
18140,2025,5,1328.69896,0.006488271574959903,1139.4677128799237,0.009860874221757928
18140,2025,6,1336.41121,0.0057998706850797,1150.6738096539195,0.009834501361756823
18140,2025,7,1340.31727,0.0029263893153208542,1156.5266283554827,0.005086427319766311
18140,2025,8,1338.05731,-0.0016837432674186026,1153.5118436484715,-0.0026067577114918064
18140,2025,9,1331.26551,-0.005078914837139403,1144.0864281276906,-0.008171060897796437
18140,2025,10,1317.42417,-0.010392687554780844,1133.7383976894203,-0.009044797826336307
18140,2025,11,1302.22635,-0.011543253134002951,1129.7456399362413,-0.003521762834633013
18140,2025,12,1288.14709,-0.010811555958171626,1126.0760795188376,-0.0032481297450377795
18140,2026,1,1283.66035,-0.003483973720883826,1125.857791742287,-1.9384816045819875e-4
18140,2026,2,1289.62064,0.004644890620317366,1129.6315143609797,0.003351864370768472
18140,2026,3,1300.4641,0.008411633109619787,1137.3675805350229,0.006848309449315693
18140,2026,4,1314.54729,0.010826160262667583,1145.623236198736,0.007258564253985226
18140,2026,5,1323.37422,0.00672070543021297,1156.920082836415,0.009860874221757928
18140,2026,6,1329.33957,0.004505464692659222,1168.2978149665137,0.009834501361756823
18140,2026,7,1331.21037,0.0014082740925795978,1174.2402768901827,0.005086427319766311
18140,2026,8,1336.19843,0.003746905672372014,1171.179316993255,-0.0026067577114918064
19100,2017,1,1142.90002,NA,1142.90002,NA
19100,2017,2,1145.04272,0.0018812652852804312,1145.04272,0.0018812652852804312
19100,2017,3,1146.13146,9.52278762842429e-4,1146.13146,9.52278762842429e-4
19100,2017,4,1153.67445,0.006579211834541576,1153.67445,0.006579211834541576
19100,2017,5,1165.40601,0.010170394036208785,1165.40601,0.010170394036208785
19100,2017,6,1175.48693,0.008644773601813371,1175.48693,0.008644773601813371
19100,2017,7,1181.72015,0.005304415991638445,1181.72015,0.005304415991638445
19100,2017,8,1182.19305,4.028799417772344e-4,1182.19305,4.028799417772344e-4
19100,2017,9,1180.52943,-0.0014160073788272998,1180.52943,-0.0014160073788272998
19100,2017,10,1177.67267,-0.0024197325284904814,1177.67267,-0.0024197325284904814
19100,2017,11,1173.86885,-0.0032210949114525045,1173.86885,-0.0032210949114525045
19100,2017,12,1168.1601,-0.0048668803558578055,1168.1601,-0.0048668803558578055
19100,2018,1,1164.76294,-0.002905486241668198,1164.76294,-0.002905486241668198
19100,2018,2,1165.0403,2.373355133040711e-4,1165.0403,2.373355133040711e-4
19100,2018,3,1171.34599,0.005404692855259574,1171.34599,0.005404692855259574
19100,2018,4,1177.12643,0.004942965779467512,1177.12643,0.004942965779467512
19100,2018,5,1185.5464,0.007149660130207458,1185.5464,0.007149660130207458
19100,2018,6,1192.93783,0.006230973508646986,1192.93783,0.006230973508646986
19100,2018,7,1201.15409,0.006887584324630547,1201.15409,0.006887584324630547
19100,2018,8,1205.57927,0.0036823464730024735,1205.57927,0.0036823464730024735
19100,2018,9,1204.79818,-6.369507891819115e-4,1204.79818,-6.369507891819115e-4
19100,2018,10,1205.54417,6.118624839066555e-4,1205.54417,6.118624839066555e-4
19100,2018,11,1200.5761,-0.004114806935296866,1200.5761,-0.004114806935296866
19100,2018,12,1196.67938,-0.0032491621255148484,1196.67938,-0.0032491621255148484
19100,2019,1,1189.52954,-0.0059804928131417245,1189.52954,-0.0059804928131417245
19100,2019,2,1190.97765,0.0012265344591628757,1190.97765,0.0012265344591628757
19100,2019,3,1195.66561,0.003932997201769206,1195.66561,0.003932997201769206
19100,2019,4,1204.1885,0.007128728132144602,1204.1885,0.007128728132144602
19100,2019,5,1212.93856,0.007269573645882543,1212.93856,0.007269573645882543
19100,2019,6,1222.47342,0.007850188024664861,1222.47342,0.007850188024664861
19100,2019,7,1228.61214,0.0050251887586527655,1228.61214,0.0050251887586527655
19100,2019,8,1230.09435,0.0012125151564394976,1230.09435,0.0012125151564394976
19100,2019,9,1228.18787,-0.001548142229324867,1228.18787,-0.001548142229324867
19100,2019,10,1224.63048,-0.002901015355374348,1224.63048,-0.002901015355374348
19100,2019,11,1221.56456,-0.0025081514923501746,1221.56456,-0.0025081514923501746
19100,2019,12,1218.19646,-0.0027533316570279576,1218.19646,-0.0027533316570279576
19100,2020,1,1216.28222,-0.001575875241108915,1216.28222,-0.001575875241108915
19100,2020,2,1218.32828,0.0016920046466992744,1218.32828,0.0016920046466992744
19100,2020,3,1222.90704,0.0037564603554771647,1222.5071333378555,0.0034299896066237365
19100,2020,4,1220.51885,-0.0019591098608530144,1230.1074217771506,0.00621696858205123
19100,2020,5,1217.25264,-0.002667606200926098,1240.190049667366,0.008196542604099596
19100,2020,6,1214.37529,-0.0023719404491546747,1249.5848758753555,0.007575311711708406
19100,2020,7,1218.05029,0.003022561715904537,1256.7563222330582,0.005739063024973919
19100,2020,8,1220.55416,0.002055200413561886,1258.975645637454,0.0017659138570730686
19100,2020,9,1219.11487,-0.0011701940257190513,1257.464413071541,-0.0012003667991113594
19100,2020,10,1217.67541,-0.0011841624570111398,1255.490661132981,-0.0015696284666527247
19100,2020,11,1214.09447,-0.0029386910842886804,1251.3709554546695,-0.003281351113033182
19100,2020,12,1213.59632,-4.1743618286238515e-4,1246.837082421081,-0.003623124712800204
19100,2021,1,1216.93325,0.0027587603295327057,1241.297398321504,-0.004442989527404961
19100,2021,2,1224.28798,0.006045003091911694,1242.6815008856627,0.0011150450859157928
19100,2021,3,1235.71624,0.009332898467096618,1246.943885518044,0.0034299896066237365
19100,2021,4,1251.90276,0.01309935124655115,1254.6960964778907,0.00621696858205123
19100,2021,5,1276.8779,0.019947004269100566,1264.9802664878691,0.008196542604099596
19100,2021,6,1308.77974,0.024981357196122156,1274.5628863156746,0.007575311711708406
19100,2021,7,1343.62744,0.02662551778359279,1281.8776830495326,0.005739063024973919
19100,2021,8,1376.96454,0.024814831748354083,1284.1413686131027,0.0017659138570730686
19100,2021,9,1403.04406,0.018938422244280995,1282.5999279488542,-0.0012003667991113594
19100,2021,10,1418.46372,0.010989852994297111,1280.5867225906186,-0.0015696284666527247
19100,2021,11,1427.31073,0.0062363984798778915,1276.3846679231103,-0.003281351113033182
19100,2021,12,1434.2538,0.0048635096893594465,1271.7601670897188,-0.003623124712800204
19100,2022,1,1444.98568,0.007484821552859566,1266.1097499859686,-0.004442989527404961
19100,2022,2,1457.35445,0.008555820083326227,1267.5215194409204,0.0011150450859157928
19100,2022,3,1471.56612,0.009758359415341422,1271.8691050787747,0.0034299896066237365
19100,2022,4,1488.14363,0.011260814660975393,1279.7762753455308,0.00621696858205123
19100,2022,5,1510.59809,0.015088030712708367,1290.2660161101164,0.008196542604099596
19100,2022,6,1535.78119,0.01667344448962993,1300.0401833731746,0.007575311711708406
19100,2022,7,1555.43733,0.012799999999999923,1307.501195920552,0.005739063024973919
19100,2022,8,1562.2887700000001,0.004403633491311343,1309.8101304005677,0.0017659138570730686
19100,2022,9,1556.61236,-0.003637221555944481,1308.237877806895,-0.0012003667991113594
19100,2022,10,1541.42355,-0.009757685780812153,1306.184430392736,-0.0015696284666527247
19100,2022,11,1522.79581,-0.012085645680353196,1301.89838065824,-0.003281351113033182
19100,2022,12,1508.65655,-0.00927849607680975,1297.1814404617228,-0.003623124712800204
19100,2023,1,1502.45638,-0.004112629028645953,1291.4180769066072,-0.004442989527404961
19100,2023,2,1504.28543,0.0012163957886128784,1292.858066287125,0.0011150450859157928
19100,2023,3,1509.08651,0.0031955405364016976,1297.2925560173294,0.0034299896066237365
19100,2023,4,1513.17657,0.002707048502981868,1305.357783079818,0.00621696858205123
19100,2023,5,1517.41474,0.0028012341669372276,1316.0572037624247,0.008196542604099596
19100,2023,6,1521.28079,0.0025505040281770253,1326.026747311364,0.007575311711708406
19100,2023,7,1524.11042,0.0018575351316425515,1333.6368983869852,0.005739063024973919
19100,2023,8,1525.5458,9.471987101976609e-4,1335.991986266151,0.0017659138570730686
19100,2023,9,1518.47999,-0.004640908450278869,1334.388305841958,-0.0012003667991113594
19100,2023,10,1506.81517,-0.0076765143163451954,1332.29381197154,-0.0015696284666527247
19100,2023,11,1490.36165,-0.010915873371792006,1327.92208818874,-0.003281351113033182
19100,2023,12,1476.81032,-0.00909905917995113,1323.11086085435,-0.003623124712800204
19100,2024,1,1471.59281,-0.003535773710482526,1317.2322931559784,-0.004442989527404961
19100,2024,2,1471.14702,-3.0265080359004326e-4,1318.7010665514717,0.0011150450859157928
19100,2024,3,1475.9289,0.0032570909584408447,1323.2241975039867,0.0034299896066237365
19100,2024,4,1477.52747,0.0010821722526872524,1331.4506407668791,0.00621696858205123
19100,2024,5,1479.7325,0.001486378330059157,1342.3639326691805,0.008196542604099596
19100,2024,6,1481.22034,0.0010067462376752712,1352.5327578897043,0.007575311711708406
19100,2024,7,1482.15123,6.324717202192964e-4,1360.295028630575,0.005739063024973919
19100,2024,8,1478.35173,-0.0025593733162018184,1362.6971924713414,0.0017659138570730686
19100,2024,9,1468.60636,-0.006596648694694562,1361.0614560042563,-0.0012003667991113594
19100,2024,10,1457.68947,-0.007435216363750441,1358.9250951980482,-0.0015696284666527247
19100,2024,11,1445.39556,-0.008428594005162493,1354.4659848243914,-0.003281351113033182
19100,2024,12,1434.89698,-0.007267704404186448,1349.5585856421267,-0.003623124712800204
19100,2025,1,1429.47682,-0.0037781892519612725,1343.5625109794992,-0.004442989527404961
19100,2025,2,1430.91727,0.001009905670512845,1345.0606437549877,0.0011150450859157928
19100,2025,3,1438.41206,0.005237625037564975,1349.6741877833458,0.0034299896066237365
19100,2025,4,1445.33044,0.004804612427930843,1358.0650698048005,0.00621696858205123
19100,2025,5,1450.3365,0.0034640314525553606,1369.1965080085947,0.008196542604099596
19100,2025,6,1452.18868,0.0012812910330806115,1379.5685983513426,0.007575311711708406
19100,2025,7,1451.65011,-3.7014710703608955e-4,1387.4860294845557,0.005739063024973919
19100,2025,8,1449.69356,-0.0013436025475550561,1389.9362102905177,0.0017659138570730686
19100,2025,9,1443.58138,-0.004216325017214917,1388.267777010802,-0.0012003667991113594
19100,2025,10,1430.20958,-0.009266253178292883,1386.0887123886694,-0.0015696284666527247
19100,2025,11,1414.42624,-0.011038807636964965,1381.54046864951,-0.003281351113033182
19100,2025,12,1402.09375,-0.008718973267606178,1376.5349752358125,-0.003623124712800204
19100,2026,1,1399.91264,-0.0015553973382990138,1370.419044756733,-0.004442989527404961
19100,2026,2,1402.23018,0.0016565554616962963,1371.9471237782345,0.0011150450859157928
19100,2026,3,1406.63874,0.003143345307982104,1376.652888153631,0.0034299896066237365
19100,2026,4,1410.59168,0.0028059525499228855,1385.211495907672,0.00621696858205123
19100,2026,5,1414.45385,0.00274366344395105,1396.565440949568,0.008196542604099596
19100,2026,6,1416.77801,0.001639522258414683,1407.1448594905603,0.007575311711708406
19100,2026,7,1416.54303,-1.6259986341626842e-4,1415.2205525244444,0.005739063024973919
19100,2026,8,1416.95949,2.927273515764828e-4,1417.719710108962,0.0017659138570730686
19740,2017,1,1343.35885,NA,1343.35885,NA
19740,2017,2,1347.64184,0.0031872940413808504,1347.64184,0.0031872940413808504
19740,2017,3,1368.12782,0.015199246095853658,1368.12782,0.015199246095853658
19740,2017,4,1382.59322,0.01058229123844634,1382.59322,0.01058229123844634
19740,2017,5,1407.16657,0.017767396695841597,1407.16657,0.017767396695841597
19740,2017,6,1423.72578,0.011771379946106997,1423.72578,0.011771379946106997
19740,2017,7,1437.01047,0.00932793026989831,1437.01047,0.00932793026989831
19740,2017,8,1437.86545,5.933893896925557e-4,1437.86545,5.933893896925557e-4
19740,2017,9,1431.42508,-0.004479325703758752,1431.42508,-0.004479325703758752
19740,2017,10,1417.51292,-0.00972141245658964,1417.51292,-0.00972141245658964
19740,2017,11,1400.79361,-0.011787894689687772,1400.79361,-0.011787894689687772
19740,2017,12,1389.23722,-0.008250226654578419,1389.23722,-0.008250226654578419
19740,2018,1,1384.97592,-0.0030689668682173377,1384.97592,-0.0030689668682173377
19740,2018,2,1392.65209,0.005541145956142524,1392.65209,0.005541145956142524
19740,2018,3,1405.39391,0.009145269081955787,1405.39391,0.009145269081955787
19740,2018,4,1423.76611,0.01307721105560078,1423.76611,0.01307721105560078
19740,2018,5,1443.06496,0.01355828533564396,1443.06496,0.01355828533564396
19740,2018,6,1463.19302,0.013942670354538667,1463.19302,0.013942670354538667
19740,2018,7,1476.0867,0.00881598035933484,1476.0867,0.00881598035933484
19740,2018,8,1481.46614,0.0036381514257619596,1481.46614,0.0036381514257619596
19740,2018,9,1476.67684,-0.0032330753404525847,1476.67684,-0.0032330753404525847
19740,2018,10,1468.7151,-0.005393650481619772,1468.7151,-0.005393650481619772
19740,2018,11,1460.999,-0.005249959853248165,1460.999,-0.005249959853248165
19740,2018,12,1458.17637,-0.0019247963441286764,1458.17637,-0.0019247963441286764
19740,2019,1,1457.92835,-1.7418784915335106e-4,1457.92835,-1.7418784915335106e-4
19740,2019,2,1462.3905,0.0030612625841537344,1462.3905,0.0030612625841537344
19740,2019,3,1469.428,0.004813597171391404,1469.428,0.004813597171391404
19740,2019,4,1480.38087,0.007445087847097964,1480.38087,0.007445087847097964
19740,2019,5,1498.05359,0.011949115152703582,1498.05359,0.011949115152703582
19740,2019,6,1513.76887,0.010487943709050151,1513.76887,0.010487943709050151
19740,2019,7,1525.05431,0.0074547263204574055,1525.05431,0.0074547263204574055
19740,2019,8,1523.8026,-8.208520206045566e-4,1523.8026,-8.208520206045566e-4
19740,2019,9,1514.77558,-0.005929277294915991,1514.77558,-0.005929277294915991
19740,2019,10,1504.13104,-0.007018636516073373,1504.13104,-0.007018636516073373
19740,2019,11,1489.70565,-0.009601235133765873,1489.70565,-0.009601235133765873
19740,2019,12,1482.09991,-0.005102910729509191,1482.09991,-0.005102910729509191
19740,2020,1,1478.75687,-0.0022523901041731076,1478.75687,-0.0022523901041731076
19740,2020,2,1485.82266,0.004772596218729719,1485.82266,0.004772596218729719
19740,2020,3,1493.46923,0.005152876819380703,1500.2639213504228,0.00971937078306695
19740,2020,4,1487.08886,-0.004276100002429617,1515.8189528094733,0.010368196713715028
19740,2020,5,1476.73733,-0.006954102920723293,1537.6845387264,0.014424932394729714
19740,2020,6,1468.45324,-0.005614526512359275,1556.2402875463251,0.012067331336565271
19740,2020,7,1474.91581,0.00439837408418664,1569.5194975887853,0.008532878983230185
19740,2020,8,1481.54665,0.004502121901716061,1571.3038784433602,0.001136896264949986
19740,2020,9,1482.01689,3.183894392673192e-4,1564.1588044157777,-0.004547226113042442
19740,2020,10,1475.15905,-0.004627419295603952,1552.6185974572081,-0.007377899818094262
19740,2020,11,1465.08044,-0.0068381114021818235,1538.8318154400824,-0.008879696558900604
19740,2020,12,1456.73101,-0.00569638279692386,1530.9950919416942,-0.005092644576072096
19740,2021,1,1457.93059,8.219894635896896e-4,1528.5124649643433,-0.0016215773586853444
19740,2021,2,1469.66458,0.008051369479460835,1534.5193674157822,0.003929900860559036
19740,2021,3,1487.53374,0.01215959311655923,1549.4339301214934,0.00971937078306695
19740,2021,4,1513.21627,0.017257991730799782,1565.4987659038977,0.010368196713715028
19740,2021,5,1549.77144,0.024158933410066474,1588.0809797660943,0.014424932394729714
19740,2021,6,1600.22834,0.032556397138876925,1607.244879138229,0.012067331336565271
19740,2021,7,1652.63133,0.03275435931158022,1620.9593051883319,0.008532878983230185
19740,2021,8,1694.44892,0.025304365963706665,1622.8021677680367,0.001136896264949986
19740,2021,9,1713.32732,0.011135380530215455,1615.42291937446,-0.004547226113042442
19740,2021,10,1717.38396,0.002371976788512864,1603.5044909114617,-0.007377899818094262
19740,2021,11,1706.96013,-0.006074371434608095,1589.2658576013337,-0.008879696558900604
19740,2021,12,1700.44147,-0.003815698570441617,1581.1722914516838,-0.005092644576072096
19740,2022,1,1695.40632,-0.0029660926530524767,1578.608298263685,-0.0016215773586853444
19740,2022,2,1704.25983,0.005222155637359727,1584.8120723735171,0.003929900860559036
19740,2022,3,1723.99646,0.011582353943110135,1600.215448526396,0.00971937078306695
19740,2022,4,1753.81223,0.017300892406129087,1616.8067970810432,0.010368196713715028
19740,2022,5,1786.34055,0.01854802002731004,1640.1291258242766,0.014424932394729714
19740,2022,6,1814.27101,0.015630554229593363,1659.9211074203492,0.012067331336565271
19740,2022,7,1828.4629,0.007819999999999938,1674.0850133516765,0.008532878983230185
19740,2022,8,1827.19835,-6.846460677500943e-4,1675.9882743505648,0.001136896264949986
19740,2022,9,1814.27657,-0.0070795230010028964,1668.367176704285,-0.004547226113042442
19740,2022,10,1795.23134,-0.01049,1656.058130814764,-0.007377899818094262
19740,2022,11,1773.93526,-0.011864458166162994,1641.3528371292286,-0.008879696558900604
19740,2022,12,1754.29053,-0.011076224469967366,1632.9940105058022,-0.005092644576072096
19740,2023,1,1744.39132,-0.0056466792148427425,1630.3459843914968,-0.0016215773586853444
19740,2023,2,1749.05687,0.0026729625161210357,1636.753082478566,0.003929900860559036
19740,2023,3,1763.53863,0.008287951869716315,1652.661292567503,0.00971937078306695
19740,2023,4,1780.90017,0.009845273857042924,1669.7964099499854,0.010368196713715028
19740,2023,5,1798.72314,0.010003973064659055,1693.8831102764764,0.014424932394729714
19740,2023,6,1813.19758,0.008048979756513308,1714.3237590135943,0.012067331336565271
19740,2023,7,1821.44317,0.0045426801813068796,1728.9518761873337,0.008532878983230185
19740,2023,8,1822.81414,7.570098112457124e-4,1730.9175151176491,0.001136896264949986
19740,2023,9,1816.83343,-0.0032845298643390253,1723.0466417933835,-0.004547226113042442
19740,2023,10,1802.98736,-0.00761925684784448,1710.3341762883283,-0.007377899818094262
19740,2023,11,1781.56434,-0.011883917969771951,1695.1469277885706,-0.008879696558900604
19740,2023,12,1758.74494,-0.0128109820055603,1686.514146981123,-0.005092644576072096
19740,2024,1,1752.73728,-0.0034145184084836133,1683.779333825276,-0.0016215773586853444
19740,2024,2,1757.53962,0.0027430440543225743,1690.3964196782674,0.003929900860559036
19740,2024,3,1773.66883,0.009176963653443337,1706.8260092514895,0.00971937078306695
19740,2024,4,1784.27678,0.005983920132566656,1724.522717071494,0.010368196713715028
19740,2024,5,1798.88187,0.008185303059574878,1749.3988406784258,0.014424932394729714
19740,2024,6,1804.14676,0.002924802323704956,1770.5094161286956,0.012067331336565271
19740,2024,7,1806.35988,0.001226845799561449,1785.6169587151912,0.008532878983230185
19740,2024,8,1797.72777,-0.004780844481941271,1787.6470199661862,0.001136896264949986
19740,2024,9,1784.69212,-0.007246084288712984,1779.5181847560937,-0.004547226113042442
19740,2024,10,1757.12362,-0.015451865406119758,1766.3890778644864,-0.007377899818094262
19740,2024,11,1721.6527,-0.020185854414042415,1750.7040788480933,-0.008879696558900604
19740,2024,12,1689.20269,-0.01885241582802044,1741.7883652166404,-0.005092644576072096
19740,2025,1,1676.16128,-0.007711640495778993,1738.9639206399834,-0.0016215773586853444
19740,2025,2,1678.38978,0.0013205178161665998,1745.7978764481875,0.003929900860559036
19740,2025,3,1689.2373,0.006464166036104224,1762.7659333216786,0.00971937078306695
19740,2025,4,1703.26599,0.008312926923572661,1781.042637278593,0.010368196713715028
19740,2025,5,1714.17345,0.006401653139046948,1806.7340569134678,0.014424932394729714
19740,2025,6,1720.88578,0.003916048389657423,1828.5365154152998,0.012067331336565271
19740,2025,7,1716.92189,-0.0023088357774662116,1844.1391962177559,0.008532878983230185
19740,2025,8,1708.21551,-0.005072172792019658,1846.2357911819836,0.001136896264949986
19740,2025,9,1690.52112,-0.010355375236315023,1837.8405395814873,-0.004547226113042442
19740,2025,10,1663.80349,-0.015808282982217037,1824.2811361988229,-0.007377899818094262
19740,2025,11,1633.57823,-0.018166750267158083,1808.0820732712507,-0.008879696558900604
19740,2025,12,1611.39781,-0.013571745890715192,1798.8741539077125,-0.005092644576072096
19740,2026,1,1601.85489,-0.005922222972820745,1795.9571403086113,-0.0016215773586853444
19740,2026,2,1603.53271,0.0010419970099215803,1803.0150738198377,0.003929900860559036
19740,2026,3,1613.23535,0.006053131788559041,1820.5392458497513,0.00971937078306695
19740,2026,4,1625.27592,0.0074674703944037635,1839.4149548757598,0.010368196713715028
19740,2026,5,1635.33894,0.00619537188975583,1865.9483912456972,0.014424932394729714
19740,2026,6,1642.66536,0.004470922363487118,1888.46540873979,0.012067331336565271
19740,2026,7,1648.26387,0.003412818502114945,1904.579455536583,0.008532878983230185
19740,2026,8,1650.08831,0.0011007154650521933,1906.744764805883,0.001136896264949986
19820,2017,1,925.53068,NA,925.53068,NA
19820,2017,2,926.90868,0.001490644245982553,926.90868,0.001490644245982553
19820,2017,3,933.73383,0.007363789479181593,933.73383,0.007363789479181593
19820,2017,4,937.56379,0.004095651610394713,937.56379,0.004095651610394713
19820,2017,5,938.74886,0.0012649894799343642,938.74886,0.0012649894799343642
19820,2017,6,943.34055,0.004898864237002032,943.34055,0.004898864237002032
19820,2017,7,943.29561,-5.1315603792234654e-5,943.29561,-5.1315603792234654e-5
19820,2017,8,947.58013,0.004541663993841816,947.58013,0.004541663993841816
19820,2017,9,954.07488,0.00685832513825213,954.07488,0.00685832513825213
19820,2017,10,953.93207,-1.5221472423754268e-4,953.93207,-1.5221472423754268e-4
19820,2017,11,948.29656,-0.005911905003552209,948.29656,-0.005911905003552209
19820,2017,12,937.68928,-0.011179458383317686,937.68928,-0.011179458383317686
19820,2018,1,932.59909,-0.005433520043364837,932.59909,-0.005433520043364837
19820,2018,2,928.16648,-0.004749484174874419,928.16648,-0.004749484174874419
19820,2018,3,927.7615,-4.3027576765120035e-4,927.7615,-4.3027576765120035e-4
19820,2018,4,942.29211,0.01565312671206076,942.29211,0.01565312671206076
19820,2018,5,957.81873,0.016477871105288866,957.81873,0.016477871105288866
19820,2018,6,972.85227,0.01569271590119392,972.85227,0.01569271590119392
19820,2018,7,978.1745,0.005473521838108342,978.1745,0.005473521838108342
19820,2018,8,982.70597,0.00463953876798584,982.70597,0.00463953876798584
19820,2018,9,983.69707,9.975123765426641e-4,983.69707,9.975123765426641e-4
19820,2018,10,978.32431,-0.005450094115620807,978.32431,-0.005450094115620807
19820,2018,11,971.06886,-0.00742206828302816,971.06886,-0.00742206828302816
19820,2018,12,959.96488,-0.011440677966101598,959.96488,-0.011440677966101598
19820,2019,1,956.2577,-0.003857693956279551,956.2577,-0.003857693956279551
19820,2019,2,959.44545,0.0033410954743342547,959.44545,0.0033410954743342547
19820,2019,3,970.36377,0.011377396569122178,970.36377,0.011377396569122178
19820,2019,4,980.4835,0.01042628021251657,980.4835,0.01042628021251657
19820,2019,5,993.76647,0.013552543879137957,993.76647,0.013552543879137957
19820,2019,6,1003.95949,0.010253787325247288,1003.95949,0.010253787325247288
19820,2019,7,1015.59378,0.011584175124761842,1015.59378,0.011584175124761842
19820,2019,8,1016.02839,4.2898509276811936e-4,1016.02839,4.2898509276811936e-4
19820,2019,9,1008.80244,-0.0071109522958727744,1008.80244,-0.0071109522958727744
19820,2019,10,996.74673,-0.011948463254876529,996.74673,-0.011948463254876529
19820,2019,11,991.73273,-0.005038731453825829,991.73273,-0.005038731453825829
19820,2019,12,995.79199,0.004100211112060048,995.79199,0.004100211112060048
19820,2020,1,998.89509,0.0031112137379532,998.89509,0.0031112137379532
19820,2020,2,1001.2378,0.0023504040514181757,1001.2378,0.0023504040514181757
19820,2020,3,1001.04152,-1.9339320464628607e-4,1007.3489918417991,0.0061036367602175234
19820,2020,4,995.14755,-0.0058875442774761755,1017.4812634397897,0.010058352844990681
19820,2020,5,988.99552,-0.006189955004256453,1028.0954259978755,0.010431801488120396
19820,2020,6,991.51111,0.0025452454081569265,1038.666086398672,0.01028178915448108
19820,2020,7,1007.58172,0.016209156708857808,1044.554070255351,0.005668793786359316
19820,2020,8,1023.37575,0.01567435771166381,1047.9001905351633,0.0032033959515319252
19820,2020,9,1039.16403,0.01543246375440499,1048.1603789894418,2.4829507297400644e-4
19820,2020,10,1049.22385,0.009677757462121628,1042.0283710126503,-0.005850257364911626
19820,2020,11,1051.39267,0.0020646381692772664,1035.6467444820698,-0.006124234913468733
19820,2020,12,1047.48563,-0.0037179000195679546,1029.253377722029,-0.006173308412453079
19820,2021,1,1041.37262,-0.005834507937241495,1024.4718710258928,-0.004645606999822194
19820,2021,2,1042.51433,0.0011040221269276174,1024.4999605234066,2.7418515147462855e-5
19820,2021,3,1051.75246,0.008857262258543885,1030.7531361432987,0.0061036367602175234
19820,2021,4,1065.13395,0.012726247598007001,1041.1208148827086,0.010058352844990681
19820,2021,5,1085.13765,0.018781316396441428,1051.981580548715,0.010431801488120396
19820,2021,6,1106.3774,0.019572636227778606,1062.7978333543147,0.01028178915448108
19820,2021,7,1130.97683,0.022226840660242164,1068.82261510819,0.005668793786359316
19820,2021,8,1153.98058,0.020341776079954688,1072.246477146333,0.0032033959515319252
19820,2021,9,1163.16891,0.007959812907691433,1072.5127106636223,2.4829507297400644e-4
19820,2021,10,1165.08497,0.0016543027478073125,1066.238235279101,-0.005850257364911626
19820,2021,11,1161.20611,-0.0033343028087087223,1059.7083418525294,-0.006124234913468733
19820,2021,12,1157.24748,-0.003407989494637831,1053.1664354310244,-0.006173308412453079
19820,2022,1,1151.77791,-0.00472684681669866,1048.2738380666083,-0.004645606999822194
19820,2022,2,1151.44491,-2.8369688563867346e-4,1048.3025801787157,2.7418515147462855e-5
19820,2022,3,1159.03396,0.006589941667980437,1054.7010383429254,0.0061036367602175234
19820,2022,4,1176.81371,0.015338512300046014,1065.3095935325566,0.010058352844990681
19820,2022,5,1194.31772,0.01487027077055969,1076.4226917356784,0.010431801488120396
19820,2022,6,1210.20517,0.013304690587412793,1087.490242893204,0.01028178915448108
19820,2022,7,1215.89353,0.0046999999999999265,1093.6550008248432,0.005668793786359316
19820,2022,8,1212.76209,-0.0025778839454562164,1097.1584108268582,0.0032033959515319252
19820,2022,9,1202.10068,-0.008791450040414817,1097.4308298545384,2.4829507297400644e-4
19820,2022,10,1188.36996,-0.011416490486257813,1091.0105770597008,-0.005850257364911626
19820,2022,11,1174.55981,-0.011619617907043134,1084.3289719927081,-0.006124234913468733
19820,2022,12,1163.69859,-0.009252485703982294,1077.635074828039,-0.006173308412453079
19820,2023,1,1156.03305,-0.0065829840781223,1072.628805781164,-0.004645606999822194
19820,2023,2,1155.52176,-4.501486537413779e-4,1072.658215670323,2.7418515147462855e-5
19820,2023,3,1159.28923,0.0032676658183301566,1079.2053317866375,0.0061036367602175234
19820,2023,4,1169.19274,0.008539246082699181,1090.0603598059429,0.010058352844990681
19820,2023,5,1182.76788,0.011613584374450037,1101.4316530895076,0.010431801488120396
19820,2023,6,1191.55258,0.007428401870401835,1112.7563411146452,0.01028178915448108
19820,2023,7,1195.85911,0.0036157182177352087,1119.064327346888,0.005668793786359316
19820,2023,8,1194.12705,-0.0014572686333046425,1122.6491334826146,0.0032033959515319252
19820,2023,9,1191.69759,-0.0020269380061010978,1122.927881731137,2.4829507297400644e-4
19820,2023,10,1185.41563,-0.005270587279503691,1116.3584646207746,-0.005850257364911626
19820,2023,11,1180.56792,-0.004093841881738003,1109.5216231357979,-0.006124234913468733
19820,2023,12,1172.73812,-0.006632428165779913,1102.672203965895,-0.006173308412453079
19820,2024,1,1172.11509,-5.262940642285496e-4,1097.549622256642,-0.004645606999822194
19820,2024,2,1168.42961,-0.003149102247736235,1097.5797154375848,2.7418515147462855e-5
19820,2024,3,1179.02833,0.009073207109417059,1104.2789433359987,0.0061036367602175234
19820,2024,4,1194.8934,0.013456643126950274,1115.3861705873658,0.010058352844990681
19820,2024,5,1213.56704,0.01562769028206823,1127.0216577015278,0.010431801488120396
19820,2024,6,1225.87556,0.010141805779931845,1138.6094567585487,0.01028178915448108
19820,2024,7,1227.55521,0.0013722296263389833,1145.0639989721114,0.005668793786359316
19820,2024,8,1228.77749,9.957213557583167e-4,1148.7320923506636,0.0032033959515319252
19820,2024,9,1227.69083,-0.00088639385433586515,1149.0173168693614,2.4829507297400644e-4
19820,2024,10,1222.75866,-0.004021883779387947,1142.2952698489355,-0.005850257364911626
19820,2024,11,1216.44635,-0.005156526816908591,1135.2995852758365,-0.006124234913468733
19820,2024,12,1208.63803,-0.0064168888535158786,1128.2910307953987,-0.006173308412453079
19820,2025,1,1212.33396,0.003053939582060794,1123.049434084899,-0.004645606999822194
19820,2025,2,1213.59012,0.0010381728158439518,1123.0802264328188,2.7418515147462855e-5
19820,2025,3,1220.94141,0.006053051455923386,1129.9351001875475,0.0061036367602175234
19820,2025,4,1225.17969,0.0034692279481003396,1141.3003861171737,0.010058352844990681
19820,2025,5,1237.04625,0.009690133054120587,1153.2062051834632,0.010431801488120396
19820,2025,6,1240.68987,0.002944686845760991,1165.063228236799,0.01028178915448108
19820,2025,7,1241.78821,8.876403398394572e-4,1171.6677314257433,0.005668793786359316
19820,2025,8,1234.71598,-0.00570119871357555,1175.421047093133,0.0032033959515319252
19820,2025,9,1230.10004,-0.003734378828718521,1175.7128983477965,2.4829507297400644e-4
19820,2025,10,1219.91649,-0.008283814096257669,1168.8346753052156,-0.005850257364911626
19820,2025,11,1210.40804,-0.007787543897938454,1161.6764571786387,-0.006124234913468733
19820,2025,12,1205.50728,-0.004049311617025153,1154.505070132989,-0.006173308412453079
19820,2026,1,1207.88508,0.001967634421555564,1149.141693297849,-0.004645606999822194
19820,2026,2,1212.17003,0.003546809874959811,1149.1732010567732,2.7418515147462855e-5
19820,2026,3,1216.46438,0.003544258301551473,1156.1873368506,0.0061036367602175234
19820,2026,4,1226.7801,0.008486126724832843,1167.8166770395537,0.010058352844990681
19820,2026,5,1240.66754,0.011314984709480003,1179.9991087889466,0.010431801488120396
19820,2026,6,1255.46782,0.011929728727918532,1192.1316108279902,0.01028178915448108
19820,2026,7,1261.81899,0.005060728744939347,1198.8895590959746,0.005668793786359316
19820,2026,8,1266.91863,0.004037788327818426,1202.7300770559164,0.0032033959515319252
25540,2017,1,1054.22166,NA,1054.22166,NA
25540,2017,2,1063.45016,0.008748846116752418,1063.45016,0.008748846116752418
25540,2017,3,1066.54133,0.0029092001748252105,1066.54133,0.0029092001748252105
25540,2017,4,1075.81519,0.00870228383881022,1075.81519,0.00870228383881022
25540,2017,5,1090.32672,0.013487605983690587,1090.32672,0.013487605983690587
25540,2017,6,1100.97126,0.0097646102814819,1100.97126,0.0097646102814819
25540,2017,7,1100.96084,-1.319261213716949e-5,1100.96084,-1.319261213716949e-5
25540,2017,8,1096.3479,-0.004195306006675614,1096.3479,-0.004195306006675614
25540,2017,9,1089.53586,-0.00621348418807377,1089.53586,-0.00621348418807377
25540,2017,10,1083.0649,-0.005932384151868919,1083.0649,-0.005932384151868919
25540,2017,11,1087.91865,0.004479193208791976,1087.91865,0.004479193208791976
25540,2017,12,1086.82763,-0.00100132174470291,1086.82763,-0.00100132174470291
25540,2018,1,1083.69977,-0.0028866971373587846,1083.69977,-0.0028866971373587846
25540,2018,2,1083.52444,-1.608363490148701e-4,1083.52444,-1.608363490148701e-4
25540,2018,3,1098.84758,0.014142470307515032,1098.84758,0.014142470307515032
25540,2018,4,1118.57097,0.017950378702761283,1118.57097,0.017950378702761283
25540,2018,5,1137.30549,0.0167508537741361,1137.30549,0.0167508537741361
25540,2018,6,1150.66105,0.011749530657335194,1150.66105,0.011749530657335194
25540,2018,7,1162.55572,0.010338167910023843,1162.55572,0.010338167910023843
25540,2018,8,1172.27961,0.008358320839580102,1172.27961,0.008358320839580102
25540,2018,9,1177.26416,0.004249835829956972,1177.26416,0.004249835829956972
25540,2018,10,1173.47775,-0.003207817203770502,1173.47775,-0.003207817203770502
25540,2018,11,1158.65594,-0.012637389840578162,1158.65594,-0.012637389840578162
25540,2018,12,1141.94317,-0.014428802447004618,1141.94317,-0.014428802447004618
25540,2019,1,1138.21916,-0.0032561689137624583,1138.21916,-0.0032561689137624583
25540,2019,2,1134.18852,-0.003534786381501731,1134.18852,-0.003534786381501731
25540,2019,3,1141.37018,0.006326277101182054,1141.37018,0.006326277101182054
25540,2019,4,1150.35008,0.00786449650678911,1150.35008,0.00786449650678911
25540,2019,5,1161.33664,0.00955820149244313,1161.33664,0.00955820149244313
25540,2019,6,1171.30865,0.008579718845364903,1171.30865,0.008579718845364903
25540,2019,7,1179.35549,0.006869869298876452,1179.35549,0.006869869298876452
25540,2019,8,1190.75425,0.009667963939110402,1190.75425,0.009667963939110402
25540,2019,9,1190.02531,-6.098974152548564e-4,1190.02531,-6.098974152548564e-4
25540,2019,10,1183.58116,-0.00541919419999759,1183.58116,-0.00541919419999759
25540,2019,11,1173.18883,-0.008774405733429913,1173.18883,-0.008774405733429913
25540,2019,12,1168.59297,-0.003924627346110099,1168.59297,-0.003924627346110099
25540,2020,1,1165.68517,-0.0024858616617985385,1165.68517,-0.0024858616617985385
25540,2020,2,1160.85146,-0.004149274188523955,1160.85146,-0.004149274188523955
25540,2020,3,1162.34881,0.0012887565376240584,1169.897568194712,0.007792649194507432
25540,2020,4,1166.58034,0.0036488597313339977,1183.358081671934,0.011505719682786872
25540,2020,5,1166.2193,-3.1126660607350143e-4,1199.0559819099565,0.01326555375008994
25540,2020,6,1164.2756,-0.001668908484033338,1211.0840561076175,0.010031286594727332
25540,2020,7,1163.0566,-0.0010479303375832139,1218.0255234870801,0.005731614865587709
25540,2020,8,1171.22275,0.007018507880210745,1223.641018540121,0.004610326257338296
25540,2020,9,1181.70916,0.008953817153628751,1222.5913198163248,-8.578485911238852e-4
25540,2020,10,1189.23272,0.006366921507411805,1216.6579229402935,-0.004853131851879004
25540,2020,11,1196.10558,0.005777028677512286,1209.7908613324141,-0.0056442007884053656
25540,2020,12,1196.53287,3.643031487934323e-4,1201.985794154477,-0.00645158384593921
25540,2021,1,1200.4742,0.0032896733390790356,1198.2939752900563,-0.0030714330255606215
25540,2021,2,1205.29539,0.004016938898971478,1200.3123910032298,0.0016844077954119387
25540,2021,3,1220.06663,0.01225566990431659,1209.6660043901386,0.007792649194507432
25540,2021,4,1237.76603,0.014512077524732492,1223.5840823464482,0.011505719682786872
25540,2021,5,1265.67862,0.022542185923161817,1239.8156027585694,0.01326555375008994
25540,2021,6,1297.86563,0.025430633814939263,1252.2525483944553,0.010031286594727332
25540,2021,7,1335.4425,0.028951933299759425,1259.429977716303,0.005731614865587709
25540,2021,8,1366.5216,0.02327554327728354,1265.2363608118474,0.004610326257338296
25540,2021,9,1375.3825,0.006483705703535181,1264.1509795822863,-8.578485911238852e-4
25540,2021,10,1365.79868,-0.006969965783804266,1258.0158881976915,-0.004853131851879004
25540,2021,11,1349.59047,-0.011857665475582757,1250.9153939296998,-0.0056442007884053656
25540,2021,12,1340.7106,-0.006586523456418081,1242.8450083815862,-0.00645158384593921
25540,2022,1,1339.36169,-0.0010075293862737977,1239.0276931771898,-0.0030714330255606215
25540,2022,2,1344.96812,0.00418600615971898,1241.1147210823087,0.0016844077954119387
25540,2022,3,1365.12414,0.014989524611762617,1250.7862927138424,0.007792649194507432
25540,2022,4,1397.04022,0.02337582193092591,1265.1774891808798,0.011505719682786872
25540,2022,5,1429.51828,0.023247351403054672,1281.9607691670124,0.01326555375008994
25540,2022,6,1452.47634,0.016063971387638487,1294.820485045724,0.010031286594727332
25540,2022,7,1454.44053,0.0013499999999999623,1302.2418973860792,0.005731614865587709
25540,2022,8,1452.85766,-0.001088530483846828,1308.2456573990044,0.004610326257338296
25540,2022,9,1444.90075,-0.005478575570351585,1307.1233807049607,-8.578485911238852e-4
25540,2022,10,1442.1108,-0.0019300749914554771,1300.7797385917258,-0.004853131851879004
25540,2022,11,1429.20516,-0.008943859154362133,1293.4378765656247,-0.0056442007884053656
25540,2022,12,1421.25485,-0.005569218886562699,1285.093153655448,-0.00645158384593921
25540,2023,1,1423.79565,0.0017884517118036403,1281.1460761023889,-0.0030714330255606215
25540,2023,2,1431.4669,0.0053965825044630655,1283.304048540037,0.0016844077954119387
25540,2023,3,1439.72448,0.005763337865535734,1293.3043868002007,0.007792649194507432
25540,2023,4,1447.06265,0.005094731744718528,1308.1847845392424,0.011505719682786872
25540,2023,5,1462.89524,0.010940809218384473,1325.5385801135972,0.01326555375008994
25540,2023,6,1483.71709,0.014237914155505127,1338.8354375030847,0.010031286594727332
25540,2023,7,1502.97051,0.012970993920764284,1346.509126599253,0.005731614865587709
25540,2023,8,1505.98498,0.002010127952375429,1352.716972981359,0.004610326257338296
25540,2023,9,1505.46444,-3.4720882681982257e-4,1351.5565466318978,-8.578485911238852e-4
25540,2023,10,1481.55895,-0.01588067304723695,1344.997264505823,-0.004853131851879004
25540,2023,11,1474.59027,-0.004705790082547345,1337.4058298850964,-0.0056442007884053656
25540,2023,12,1463.45475,-0.007545162624849833,1328.777444037545,-0.00645158384593921
25540,2024,1,1477.25673,0.009428718885227783,1324.696193112308,-0.0030714330255606215
25540,2024,2,1489.43179,0.008239435234892456,1326.9275217065388,0.0016844077954119387
25540,2024,3,1513.64639,0.016256436261507412,1337.267802389735,0.007792649194507432
25540,2024,4,1533.8498,0.013347919125620056,1352.6540308648475,0.011505719682786872
25540,2024,5,1552.5027,0.012168330145262418,1370.5977356165608,0.01326555375008994
25540,2024,6,1565.51336,0.008373328842609551,1384.3465943086148,0.010031286594727332
25540,2024,7,1573.43665,0.005065780928169783,1392.28113582768,0.005731614865587709
25540,2024,8,1579.43655,0.0038124953843881038,1398.700006105783,0.004610326257338296
25540,2024,9,1573.6014,-0.003696857670979603,1397.50013327614,-8.578485911238852e-4
25540,2024,10,1566.88186,-0.004264392324093924,1390.7178808663325,-0.004853131851879004
25540,2024,11,1550.10712,-0.010706638115631661,1382.8683899066973,-0.0056442007884053656
25540,2024,12,1535.4574,-0.009454470493431621,1373.946698541315,-0.00645158384593921
25540,2025,1,1538.66187,0.0020905659663428278,1369.7267132760555,-0.0030714330255606215
25540,2025,2,1550.27252,0.00754243208035188,1372.0338916294816,0.0016844077954119387
25540,2025,3,1570.1332,0.012807660236290541,1382.725670429925,0.007792649194507432
25540,2025,4,1579.76273,0.0061332099907494,1398.6349243920852,0.011505719682786872
25540,2025,5,1597.20566,0.011042358154887078,1417.1885911583613,0.01326555375008994
25540,2025,6,1602.76613,0.003482958059001229,1431.4048160750488,0.010031286594727332
25540,2025,7,1608.88159,0.0038152373875139922,1439.6090771975385,0.005731614865587709
25540,2025,8,1609.06979,1.1736241513782275e-4,1446.2461447264448,0.004610326257338296
25540,2025,9,1613.68845,0.0028705283396972536,1445.005484508773,-8.578485911238852e-4
25540,2025,10,1606.73309,-0.004311469950224467,1437.9926823657636,-0.004853131851879004
25540,2025,11,1592.03811,-0.009139396130898647,1429.8763629342336,-0.0056442007884053656
25540,2025,12,1592.263,1.3685007618002842e-4,1420.6513956894369,-0.00645158384593921
25540,2026,1,1584.06639,-0.005144858790046003,1416.2879600749077,-0.0030714330255606215
25540,2026,2,1587.61394,0.0022373005684943603,1418.6735665554058,0.0016844077954119387
25540,2026,3,1586.21202,-8.874332137890351e-4,1429.7287919810929,0.007792649194507432
25540,2026,4,1599.01639,0.008076405358630634,1446.1788506840367,0.011505719682786872
25540,2026,5,1619.1746,0.012607980815522168,1465.3632139600288,0.01326555375008994
25540,2026,6,1633.19769,0.008656494164715589,1480.062692324633,0.010031286594727332
25540,2026,7,1645.58354,0.007586133295387709,1488.5458416539625,0.005731614865587709
25540,2026,8,1643.50439,-0.0012621916236372765,1495.4085236329913,0.004610326257338296
26420,2017,1,1174.27131,NA,1174.27131,NA
26420,2017,2,1170.05531,-0.0035872867492404703,1170.05531,-0.0035872867492404703
26420,2017,3,1167.92811,-0.0018176914146329493,1167.92811,-0.0018176914146329493
26420,2017,4,1170.07328,0.0018444982259921971,1170.07328,0.0018444982259921971
26420,2017,5,1171.89367,0.0015479331574317357,1171.89367,0.0015479331574317357
26420,2017,6,1172.23747,2.927160537191664e-4,1172.23747,2.927160537191664e-4
26420,2017,7,1170.65333,-0.0013460998220806708,1170.65333,-0.0013460998220806708
26420,2017,8,1170.07944,-4.922817257990708e-4,1170.07944,-4.922817257990708e-4
26420,2017,9,1177.25925,0.006133098798006387,1177.25925,0.006133098798006387
26420,2017,10,1187.25294,0.008496701554814745,1187.25294,0.008496701554814745
26420,2017,11,1198.18752,0.009199440637026601,1198.18752,0.009199440637026601
26420,2017,12,1200.551,0.0019811504414644077,1200.551,0.0019811504414644077
26420,2018,1,1200.83594,2.2858187802876628e-4,1200.83594,2.2858187802876628e-4
26420,2018,2,1198.5209,-0.0019196489784725213,1198.5209,-0.0019196489784725213
26420,2018,3,1198.61158,6.869075422444304e-5,1198.61158,6.869075422444304e-5
26420,2018,4,1201.39012,0.002323877555692855,1201.39012,0.002323877555692855
26420,2018,5,1206.27933,0.0040659227703097045,1206.27933,0.0040659227703097045
26420,2018,6,1211.09536,0.00399258357694543,1211.09536,0.00399258357694543
26420,2018,7,1212.92955,0.0015181727544639756,1212.92955,0.0015181727544639756
26420,2018,8,1213.12951,1.583746238602579e-4,1213.12951,1.583746238602579e-4
26420,2018,9,1211.29328,-0.0015043206804506992,1211.29328,-0.0015043206804506992
26420,2018,10,1208.85408,-0.002016334575606904,1208.85408,-0.002016334575606904
26420,2018,11,1201.82624,-0.005811511787607415,1201.82624,-0.005811511787607415
26420,2018,12,1193.94615,-0.006564751281553538,1193.94615,-0.006564751281553538
26420,2019,1,1190.15947,-0.003171903371871121,1190.15947,-0.003171903371871121
26420,2019,2,1192.94483,0.0023403813784039773,1192.94483,0.0023403813784039773
26420,2019,3,1199.90366,0.005843042983172397,1199.90366,0.005843042983172397
26420,2019,4,1206.26554,0.005294514517032889,1206.26554,0.005294514517032889
26420,2019,5,1211.57503,0.004402129402129473,1211.57503,0.004402129402129473
26420,2019,6,1215.65486,0.003363571501376006,1215.65486,0.003363571501376006
26420,2019,7,1218.08495,0.0020091200505665263,1218.08495,0.0020091200505665263
26420,2019,8,1218.78583,5.744925315971372e-4,1218.78583,5.744925315971372e-4
26420,2019,9,1215.25975,-0.0028933295806360393,1215.25975,-0.0028933295806360393
26420,2019,10,1210.7609,-0.003703369162677328,1210.7609,-0.003703369162677328
26420,2019,11,1205.15526,-0.0046350861287397516,1205.15526,-0.0046350861287397516
26420,2019,12,1204.47901,-5.57889583404525e-4,1204.47901,-5.57889583404525e-4
26420,2020,1,1206.16223,0.001401198423366834,1206.16223,0.001401198423366834
26420,2020,2,1211.44575,0.0043797281155792955,1211.44575,0.0043797281155792955
26420,2020,3,1212.78106,0.0010986521689886342,1213.0989867240776,0.0013646807742546305
26420,2020,4,1208.22144,-0.0037562084921990424,1216.9254609350296,0.0031542967662393138
26420,2020,5,1198.23839,-0.008267560047697575,1220.9883634564533,0.003338661776623638
26420,2020,6,1192.39774,-0.004866765147090835,1224.1014243383863,0.002549623710680201
26420,2020,7,1191.69771,-5.868679662148768e-4,1224.9914248174484,7.270643276499438e-4
26420,2020,8,1195.85147,0.003477219605991788,1225.0896631802043,8.019514321944143e-5
26420,2020,9,1195.38445,-3.901185271878438e-4,1225.7983565347247,5.784828456398827e-4
26420,2020,10,1193.21107,-0.0018136112673470262,1226.9330363212591,9.25665938843504e-4
26420,2020,11,1188.54237,-0.0039097986453696665,1226.4229768320968,-4.157190931068551e-4
26420,2020,12,1185.94828,-0.002193463478833091,1224.3210961685852,-0.0017138301411645518
26420,2021,1,1186.76297,6.941953697168213e-4,1222.5193108697263,-0.0014716607469211773
26420,2021,2,1191.73236,0.004185406574094497,1221.22891958941,-0.001055518116436338
26420,2021,3,1199.73452,0.006712491220798311,1222.8955072169374,0.0013646807742546305
26420,2021,4,1211.37081,0.009698522347774352,1226.7528825608003,0.0031542967662393138
26420,2021,5,1227.95768,0.013694440668750918,1230.8485955191688,0.003338661776623638
26420,2021,6,1250.97119,0.01873889577955823,1233.986796282562,0.002549623710680201
26420,2021,7,1275.14397,0.019326532850718614,1234.88398406293,7.270643276499438e-4
26420,2021,8,1296.27286,0.016571256402530876,1234.9830157608912,8.019514321944143e-5
26420,2021,9,1310.12082,0.010680413244135822,1235.6974322501655,5.784828456398827e-4
26420,2021,10,1316.31463,0.004733926121427201,1236.8412752739157,9.25665938843504e-4
26420,2021,11,1316.65121,2.501746010237227e-4,1236.3270967406418,-4.157190931068551e-4
26420,2021,12,1316.32757,-2.5011202934654975e-4,1234.208242097909,-0.0017138301411645518
26420,2022,1,1318.65728,0.0017720700905841102,1232.391906274487,-0.0014716607469211773
26420,2022,2,1327.91578,0.007023714140037107,1231.0910942908647,-0.001055518116436338
26420,2022,3,1339.63646,0.008824319576763218,1232.7711406385995,0.0013646807742546305
26420,2022,4,1351.11568,0.008573008849557473,1236.659666661029,0.0031542967662393138
26420,2022,5,1361.10817,0.0073931897348404885,1240.7884550208023,0.003338661776623638
26420,2022,6,1372.12528,0.008095002873070634,1243.9519986856615,0.002549623710680201
26420,2022,7,1379.18239,0.005139999999999922,1244.8564318092147,7.270643276499438e-4
26420,2022,8,1383.03463,0.002795630459438536,1244.9562632490513,8.019514321944143e-5
26420,2022,9,1379.64502,-0.002450518378887767,1245.676449090913,5.784828456398827e-4
26420,2022,10,1375.27984,-0.0031626685762023987,1246.8295293506558,9.25665938843504e-4
26420,2022,11,1368.59351,-0.004858824703182663,1246.3111985094552,-4.157190931068551e-4
26420,2022,12,1366.57378,-0.0014838134004391268,1244.1752328121786,-0.0017138301411645518
26420,2023,1,1367.50898,6.928058637480916e-4,1242.3442289597576,-0.0014716607469211773
26420,2023,2,1372.24402,0.003461631080430294,1241.0329121192406,-0.001055518116436338
26420,2023,3,1377.444,0.0037896589306964934,1242.726525874627,0.0013646807742546305
26420,2023,4,1382.62208,0.0037554289357291104,1246.646454136513,0.0031542967662393138
26420,2023,5,1388.03435,0.003910087828115083,1250.8085850019017,0.003338661776623638
26420,2023,6,1391.96027,0.002837117804644018,1253.997676227745,0.002549623710680201
26420,2023,7,1393.93717,0.0014194744001736481,1254.9094132050861,7.270643276499438e-4
26420,2023,8,1392.16591,-0.0012698100206713914,1255.0100508452056,8.019514321944143e-5
26420,2023,9,1384.59712,-0.005440514089157356,1255.7360526307252,5.784828456398827e-4
26420,2023,10,1373.33348,-0.008136043365804868,1256.8984447228233,9.25665938843504e-4
26420,2023,11,1363.86629,-0.006893933338661951,1256.3759280412557,-4.157190931068551e-4
26420,2023,12,1357.2932,-0.004819010442866034,1254.222713107145,-0.0017138301411645518
26420,2024,1,1359.02122,0.0012737694477300554,1252.3769227723683,-0.0014716607469211773
26420,2024,2,1362.35365,0.002453430258973155,1251.0550162417753,-0.001055518116436338
26420,2024,3,1368.91357,0.004814277656917332,1252.7623069699753,0.0013646807742546305
26420,2024,4,1372.40618,0.0025459575406450163,1256.713891063717,0.0031542967662393138
26420,2024,5,1376.31138,0.0028494301139772027,1260.9096336959633,0.003338661776623638
26420,2024,6,1378.74476,0.001764617915358313,1264.1244787950593,0.002549623710680201
26420,2024,7,1379.87212,8.260185903941064e-4,1265.0435786093005,7.270643276499438e-4
26420,2024,8,1379.28251,-4.2758414955490487e-4,1265.145028960266,8.019514321944143e-5
26420,2024,9,1375.76334,-0.0025566542647380563,1265.876893656766,5.784828456398827e-4
26420,2024,10,1370.77115,-0.0036303794943400858,1267.0486727799932,9.25665938843504e-4
26420,2024,11,1362.07681,-0.006336272910181018,1266.5219364548227,-4.157190931068551e-4
26420,2024,12,1355.81707,-0.004603699077245449,1264.3513329856803,-0.0017138301411645518
26420,2025,1,1354.1675,-0.0012144396878891461,1262.490636758608,-0.0014716607469211773
26420,2025,2,1355.98207,0.0013375079794510913,1261.158055019678,-0.001055518116436338
26420,2025,3,1362.69058,0.0049482407941470186,1262.8791331706598,0.0013646807742546305
26420,2025,4,1364.45625,0.0012989366843885186,1266.8626287365707,0.0031542967662393138
26420,2025,5,1366.11423,0.0012168019227480897,1271.0922545713665,0.003338661776623638
26420,2025,6,1364.84992,-9.240473272934535e-4,1274.3330615220834,0.002549623710680201
26420,2025,7,1365.0586,1.5079923595062716e-4,1275.2595836326614,7.270643276499438e-4
26420,2025,8,1365.30262,1.809317987635506e-4,1275.3618532576127,8.019514321944143e-5
26420,2025,9,1362.54,-0.0020300895450389156,1276.0996282117055,5.784828456398827e-4
26420,2025,10,1356.22489,-0.0046323803385665,1277.280870172112,9.25665938843504e-4
26420,2025,11,1345.7226,-0.007739703159620026,1276.749880127121,-4.157190931068551e-4
26420,2025,12,1333.55406,-0.00904400668869032,1274.561747699831,-0.0017138301411645518
26420,2026,1,1330.56044,-0.002243052197265172,1272.6860252062138,-0.0014716607469211773
26420,2026,2,1329.20007,-0.001020923781336669,1271.3426820500733,-0.001055518116436338
26420,2026,3,1331.29198,0.00156908084895524,1273.0776589657564,0.0013646807742546305
26420,2026,4,1329.74364,-0.0011646602902374292,1277.0933237086035,0.0031542967662393138
26420,2026,5,1332.15999,0.0018160993076121734,1281.3571063736506,0.003338661776623638
26420,2026,6,1333.71752,0.001174204579397875,1284.6240848339094,0.002549623710680201
26420,2026,7,1334.46018,5.555498400222625e-4,1285.558089180432,7.270643276499438e-4
26420,2026,8,1335.61296,8.637088067451337e-4,1285.6611846955107,8.019514321944143e-5
26900,2017,1,852.78732,NA,852.78732,NA
26900,2017,2,854.51142,0.002025151532317526,854.51142,0.002025151532317526
26900,2017,3,858.19199,0.004296516147268781,858.19199,0.004296516147268781
26900,2017,4,868.5968,0.012130764575915665,868.5968,0.012130764575915665
26900,2017,5,874.91329,0.007271867743774418,874.91329,0.007271867743774418
26900,2017,6,880.42941,0.006308320909944376,880.42941,0.006308320909944376
26900,2017,7,882.25854,0.0020713021769247497,882.25854,0.0020713021769247497
26900,2017,8,880.34496,-0.0021628429064226573,880.34496,-0.0021628429064226573
26900,2017,9,877.52067,-0.0032101407523252856,877.52067,-0.0032101407523252856
26900,2017,10,873.92476,-0.00410129369666945,873.92476,-0.00410129369666945
26900,2017,11,876.92032,0.003427213178187394,876.92032,0.003427213178187394
26900,2017,12,877.96642,0.0011981820685855737,877.96642,0.0011981820685855737
26900,2018,1,876.70696,-0.0014443512111916856,876.70696,-0.0014443512111916856
26900,2018,2,874.80448,-0.0021627727573285682,874.80448,-0.0021627727573285682
26900,2018,3,878.66519,0.004417753848277695,878.66519,0.004417753848277695
26900,2018,4,890.476,0.013442375094495196,890.476,0.013442375094495196
26900,2018,5,903.70301,0.014850880881016604,903.70301,0.014850880881016604
26900,2018,6,916.79254,0.014486555834714476,916.79254,0.014486555834714476
26900,2018,7,922.91032,0.006665612814838129,922.91032,0.006665612814838129
26900,2018,8,923.06055,1.7011698814428655e-4,923.06055,1.7011698814428655e-4
26900,2018,9,921.78093,-0.001386871819026414,921.78093,-0.001386871819026414
26900,2018,10,918.04676,-0.004061578774975372,918.04676,-0.004061578774975372
26900,2018,11,915.87487,-0.0023547983950535922,915.87487,-0.0023547983950535922
26900,2018,12,912.04309,-0.004193259138140282,912.04309,-0.004193259138140282
26900,2019,1,909.88645,-0.002357053947403265,909.88645,-0.002357053947403265
26900,2019,2,910.89381,0.0011016724183701143,910.89381,0.0011016724183701143
26900,2019,3,916.11418,0.0057276957957121954,916.11418,0.0057276957957121954
26900,2019,4,926.92131,0.011798826708852461,926.92131,0.011798826708852461
26900,2019,5,941.13817,0.015335504885993556,941.13817,0.015335504885993556
26900,2019,6,951.26924,0.010766486583597468,951.26924,0.010766486583597468
26900,2019,7,958.31274,0.0074143666048802626,958.31274,0.0074143666048802626
26900,2019,8,956.10904,-0.002306238185255216,956.10904,-0.002306238185255216
26900,2019,9,953.72156,-0.002501042100875317,953.72156,-0.002501042100875317
26900,2019,10,949.84004,-0.004064886221175401,949.84004,-0.004064886221175401
26900,2019,11,949.30346,-5.594547858813748e-4,949.30346,-5.594547858813748e-4
26900,2019,12,949.69668,4.071039641748708e-4,949.69668,4.071039641748708e-4
26900,2020,1,953.14201,0.0036242942163895453,953.14201,0.0036242942163895453
26900,2020,2,960.30335,0.007513842956880845,960.30335,0.007513842956880845
26900,2020,3,963.12039,0.0029428779837512575,964.9262393766437,0.004813988597086223
26900,2020,4,964.66936,0.0016050559261675534,976.9466363687944,0.012457322126421108
26900,2020,5,963.66819,-0.001039110621463224,989.1448746259979,0.01248608450359486
26900,2020,6,969.45016,0.006003032847492928,999.5511282167826,0.010520454442752106
26900,2020,7,977.10676,0.007898146302571352,1004.9324721308064,0.005383760532214381
26900,2020,8,982.36892,0.005376609892962181,1003.4924159227513,-0.0014329880345111956
26900,2020,9,984.32552,0.001991615544436387,1001.1181345789563,-0.002366018224075672
26900,2020,10,982.29911,-0.0020490043311289785,997.0376575880771,-0.004075919564273407
26900,2020,11,981.1076,-0.001217173207435751,997.2081377327761,1.7098666575080903e-4
26900,2020,12,981.97795,8.862956534583244e-4,996.3478884524701,-8.62657701793279e-4
26900,2021,1,988.07207,0.006210874564931412,994.454127451011,-0.0019007025792974752
26900,2021,2,994.91007,0.006918131371159042,994.7736956804476,3.2135039778635743e-4
26900,2021,3,1003.95897,0.009092012624423385,999.5625249081345,0.004813988597086223
26900,2021,4,1013.98409,0.009984481949740776,1012.014397266414,0.012457322126421108
26900,2021,5,1028.60692,0.014423706809276071,1024.650494549537,0.01248608450359486
26900,2021,6,1046.42574,0.017318304567335963,1035.430283397189,0.010520454442752106
26900,2021,7,1067.83988,0.020474349356569777,1041.0047920908023,0.005383760532214381
26900,2021,8,1089.46246,0.020244517581062826,1039.5130446798673,-0.0014329880345111956
26900,2021,9,1110.5019,0.019310711791506563,1037.0535378719903,-0.002366018224075672
26900,2021,10,1127.27426,0.015105871605529009,1032.826591067779,-0.004075919564273407
26900,2021,11,1135.70118,0.0074780372830511865,1033.0031906428846,1.7098666575080903e-4
26900,2021,12,1138.68057,0.0026159637593312635,1032.1120624844993,-8.62657701793279e-4
26900,2022,1,1135.6882,-0.002630350854864072,1030.150324425211,-0.0019007025792974752
26900,2022,2,1137.80981,0.0018716236335021286,1030.4813636417448,3.2135039778635743e-4
26900,2022,3,1145.33156,0.006612745722413438,1035.442089175826,0.004813988597086223
26900,2022,4,1162.85437,0.015300258343438733,1048.3409248239436,0.012457322126421108
26900,2022,5,1186.65999,0.020470265666867382,1061.430598199872,0.01248608450359486
26900,2022,6,1207.71062,0.017739194154106075,1072.5973304523768,0.010520454442752106
26900,2022,7,1225.91527,0.015069999999999917,1078.371937627025,0.005383760532214381
26900,2022,8,1227.20782,0.0010541144945670489,1076.8266435436528,-0.0014329880345111956
26900,2022,9,1223.72007,-0.002834255122325713,1074.2788520808583,-0.002366018224075672
26900,2022,10,1211.97242,-0.009602668614176024,1069.900177890177,-0.004075919564273407
26900,2022,11,1214.12141,0.0017737387023804008,1070.0831165542807,1.7098666575080903e-4
26900,2022,12,1211.15267,-0.0024470063960368993,1069.1600011122262,-8.62657701793279e-4
26900,2023,1,1217.01659,0.004846188363164972,1067.1278459404305,-0.0019007025792974752
26900,2023,2,1213.38588,-0.0029869704577707434,1067.4707678982122,3.2135039778635743e-4
26900,2023,3,1219.18612,0.004777545535981087,1072.6095600025972,0.004813988597086223
26900,2023,4,1222.72137,0.002902426944031644,1085.9714028074281,0.012457322126421108
26900,2023,5,1232.46454,0.007970921446420975,1099.530933511369,0.01248608450359486
26900,2023,6,1241.81859,0.0075845173934345755,1111.0984986057724,0.010520454442752106
26900,2023,7,1243.94999,0.001721388002800861,1117.0803868499688,0.005383760532214381
26900,2023,8,1242.56639,-0.0011164940146212166,1115.4796240220257,-0.0014329880345111956
26900,2023,9,1240.81565,-0.0014093268277513005,1112.8403789030046,-0.002366018224075672
26900,2023,10,1239.92776,-7.10524522829159e-4,1108.3045310307205,-0.004075919564273407
26900,2023,11,1240.753,6.623290606615484e-4,1108.494036327118,1.7098666575080903e-4
26900,2023,12,1236.58289,-0.003358121787883417,1107.5377854092883,-8.62657701793279e-4
26900,2024,1,1231.5824,-0.004043324120284075,1105.4326854838916,-0.0019007025792974752
26900,2024,2,1229.54293,-0.0016572364356668423,1105.787916717098,3.2135039778635743e-4
26900,2024,3,1229.94694,3.2413955681276363e-4,1111.1111671389697,0.004813988597086223
26900,2024,4,1239.91614,0.008110682338154485,1124.9526368662835,0.012457322126421108
26900,2024,5,1248.8742,0.00721750903406182,1138.9988905527377,0.01248608450359486
26900,2024,6,1258.18383,0.007455902831502215,1150.981676491143,0.010520454442752106
26900,2024,7,1260.49998,0.0018429817909557666,1157.178286214338,0.005383760532214381
26900,2024,8,1258.88804,-0.0012743003324676705,1155.5200635763968,-0.0014329880345111956
26900,2024,9,1257.50347,-0.001103244498167677,1152.78608204769,-0.002366018224075672
26900,2024,10,1253.55209,-0.003140516504518742,1148.0874187024497,-0.004075919564273407
26900,2024,11,1250.18788,-0.002687964854137026,1148.283726342164,1.7098666575080903e-4
26900,2024,12,1246.57703,-0.0028884144633246622,1147.2931505417912,-8.62657701793279e-4
26900,2025,1,1248.85147,0.0018310759751205552,1145.112487491346,-0.0019007025792974752
26900,2025,2,1253.8902,0.004032609010995447,1145.4804698447115,3.2135039778635743e-4
26900,2025,3,1261.73711,0.006250963168438872,1150.994799764729,0.004813988597086223
26900,2025,4,1267.23446,0.004364764101729701,1165.3331127512336,0.012457322126421108
26900,2025,5,1275.42283,0.0064615120700664,1179.8835604718824,0.01248608450359486
26900,2025,6,1277.37248,0.0015245201549138887,1192.2964717175792,0.010520454442752106
26900,2025,7,1280.84229,0.002713486120565989,1198.7155104047108,0.005383760532214381
26900,2025,8,1275.68144,-0.004026212814105867,1196.997765421518,-0.0014329880345111956
26900,2025,9,1269.2172,-0.005064944900973423,1194.1656468943527,-0.002366018224075672
26900,2025,10,1256.27791,-0.010200489090614884,1189.2983237711926,-0.004075919564273407
26900,2025,11,1245.93254,-0.008229107584045603,1189.5016779261575,1.7098666575080903e-4
26900,2025,12,1241.57741,-0.003499248776232089,1188.4755451423985,-8.62657701793279e-4
26900,2026,1,1242.48911,7.392708454923014e-4,1186.2166066083144,-0.0019007025792974752
26900,2026,2,1247.92115,0.004364307931570943,1186.5977977867087,3.2135039778635743e-4
26900,2026,3,1256.17822,0.006619632436198897,1192.3100660545815,0.004813988597086223
26900,2026,4,1263.59557,0.0059031082653129285,1207.1630566219976,0.012457322126421108
26900,2026,5,1272.85098,0.0073308037122350456,1222.2357965565977,0.01248608450359486
26900,2026,6,1272.65264,-1.612995047156618e-4,1235.0942725725724,0.010520454442752106
26900,2026,7,1275.19877,0.0020023344752648775,1241.743724370813,0.005383760532214381
26900,2026,8,1271.41655,-0.0029643520096979126,1239.9643204718602,-0.0014329880345111956
27260,2017,1,975.59115,NA,975.59115,NA
27260,2017,2,980.67332,0.0052072231188524665,980.67332,0.0052072231188524665
27260,2017,3,982.38302,0.00174189639503175,982.38302,0.00174189639503175
27260,2017,4,991.07216,0.008845543207076423,991.07216,0.008845543207076423
27260,2017,5,1004.99704,0.014058752997601731,1004.99704,0.014058752997601731
27260,2017,6,1017.1612,0.01210499866978032,1017.1612,0.01210499866978032
27260,2017,7,1023.0949,0.0058267739532982255,1023.0949,0.0058267739532982255
27260,2017,8,1022.03056,-0.0010308380277600504,1022.03056,-0.0010308380277600504
27260,2017,9,1020.16905,-0.0018312622629169661,1020.16905,-0.0018312622629169661
27260,2017,10,1021.98244,0.0017763799705878824,1021.98244,0.0017763799705878824
27260,2017,11,1025.10332,0.003052281216842756,1025.10332,0.003052281216842756
27260,2017,12,1027.33809,0.002188056976424102,1027.33809,0.002188056976424102
27260,2018,1,1025.69698,-0.0016049275613777558,1025.69698,-0.0016049275613777558
27260,2018,2,1026.2168,5.068717324876459e-4,1026.2168,5.068717324876459e-4
27260,2018,3,1033.87318,0.007468951741307794,1033.87318,0.007468951741307794
27260,2018,4,1044.5729,0.010344530329588153,1044.5729,0.010344530329588153
27260,2018,5,1054.81338,0.009797787321179863,1054.81338,0.009797787321179863
27260,2018,6,1067.12556,0.011674247651772385,1067.12556,0.011674247651772385
27260,2018,7,1076.42635,0.008727728285077951,1076.42635,0.008727728285077951
27260,2018,8,1086.67943,0.009521575337740007,1086.67943,0.009521575337740007
27260,2018,9,1087.98716,0.0012028924094755755,1087.98716,0.0012028924094755755
27260,2018,10,1086.99159,-0.00091473820738630085,1086.99159,-0.00091473820738630085
27260,2018,11,1082.6295,-0.004017600918308717,1082.6295,-0.004017600918308717
27260,2018,12,1079.26569,-0.0031008177377751522,1079.26569,-0.0031008177377751522
27260,2019,1,1076.40802,-0.002656280106801745,1076.40802,-0.002656280106801745
27260,2019,2,1076.74434,3.173946042915876e-4,1076.74434,3.173946042915876e-4
27260,2019,3,1080.53532,0.0035178236397750418,1080.53532,0.0035178236397750418
27260,2019,4,1090.84762,0.009540436880524528,1090.84762,0.009540436880524528
27260,2019,5,1100.65679,0.009000912346637246,1100.65679,0.009000912346637246
27260,2019,6,1109.12359,0.00769251531755244,1109.12359,0.00769251531755244
27260,2019,7,1114.42334,0.004781164622060352,1114.42334,0.004781164622060352
27260,2019,8,1115.70257,0.0011462845718095416,1115.70257,0.0011462845718095416
27260,2019,9,1112.30488,-0.0030488210781377534,1112.30488,-0.0030488210781377534
27260,2019,10,1107.19432,-0.004593894393846276,1107.19432,-0.004593894393846276
27260,2019,11,1100.95291,-0.005634709812444738,1100.95291,-0.005634709812444738
27260,2019,12,1097.36256,-0.0032650638171564106,1097.36256,-0.0032650638171564106
27260,2020,1,1096.15634,-0.001096431858790381,1096.15634,-0.001096431858790381
27260,2020,2,1100.90797,0.004336337150213421,1100.90797,0.004336337150213421
27260,2020,3,1108.84447,0.007205019226877107,1105.579002068613,0.004242890592038195
27260,2020,4,1105.23679,-0.003255234497447912,1116.1669517472653,0.009576836805729702
27260,2020,5,1102.24868,-0.0027013950487865257,1128.3917526751789,0.01095248422180628
27260,2020,6,1102.25749,0,1140.229244767087,0.010490587213035049
27260,2020,7,1115.22057,0.0117647058823529,1147.5782757075349,0.006445222286812176
27260,2020,8,1126.87318,0.010455792642318773,1151.264688025555,0.003212340627263166
27260,2020,9,1132.05197,0.004587216429616348,1149.8535480020032,-0.0012257303105263815
27260,2020,10,1136.13684,0.0036084029864456024,1148.4230333588746,-0.0012440842102148983
27260,2020,11,1140.24625,0.0036215778050885383,1145.8964913873333,-0.0022000098379702333
27260,2020,12,1145.14727,0.004298946106848334,1144.3007065452855,-0.0013926081928358203
27260,2021,1,1148.94175,0.0033076933054880797,1141.8626550725683,-0.0021306038340897504
27260,2021,2,1154.11106,0.004499146713554447,1144.1583659271848,0.0020104964852105667
27260,2021,3,1167.77758,0.011841021416803876,1149.0129046937789,0.004242890592038195
27260,2021,4,1192.52804,0.02120433499542096,1160.0168137697085,0.009576836805729702
27260,2021,5,1230.40255,0.031750183725072434,1172.7218796195511,0.01095248422180628
27260,2021,6,1278.61753,0.03918775352520765,1185.0244207743344,0.010490587213035049
27260,2021,7,1339.14019,0.0473407839401474,1192.6621665815258,0.006445222286812176
27260,2021,8,1396.61331,0.04291593180482067,1196.4934037138355,0.003212340627263166
27260,2021,9,1439.37801,0.030620493076088717,1195.0268254825585,-0.0012257303105263815
27260,2021,10,1456.38362,0.011816183527517676,1193.5401114781923,-0.0012440842102148983
27260,2021,11,1456.76083,2.5498235522092294e-4,1190.9143114909282,-0.0022000098379702333
27260,2021,12,1456.64436,-8.157355385385312e-5,1189.2558344637805,-0.0013926081928358203
27260,2022,1,1441.12265,-0.010656414753780652,1186.7220014231582,-0.0021306038340897504
27260,2022,2,1437.68568,-0.0023810014636459487,1189.1079018359417,0.0020104964852105667
27260,2022,3,1430.15199,-0.005238306797400449,1194.1531565655596,0.004242890592038195
27260,2022,4,1447.92622,0.01242210220191109,1205.5893664670348,0.009576836805729702
27260,2022,5,1464.92019,0.011736222249579376,1218.7935649812425,0.01095248422180628
27260,2022,6,1485.41234,0.013993104846887094,1231.579425169364,0.010490587213035049
27260,2022,7,1490.53179,0.003449999999999953,1239.5172283284448,0.006445222286812176
27260,2022,8,1487.05259,-0.0023419203747071515,1243.4989798791971,0.003212340627263166
27260,2022,9,1473.49586,-0.009109979023074755,1241.9747854884506,-0.0012257303105263815
27260,2022,10,1462.34739,-0.0075707171515554395,1240.4296642683394,-0.0012440842102148983
27260,2022,11,1454.6785,-0.005241398925310059,1237.7007068036392,-0.0022000098379702333
27260,2022,12,1447.64207,-0.004840142549345949,1235.9770746590657,-0.0013926081928358203
27260,2023,1,1441.43805,-0.004278810141908784,1233.34369716495,-0.0021306038340897504
27260,2023,2,1435.82757,-0.003895300906842536,1235.8233303331567,0.0020104964852105667
27260,2023,3,1438.78225,0.002058720076141496,1241.0667935148485,0.004242890592038195
27260,2023,4,1445.2721,0.004511619743756468,1252.9522876613503,0.009576836805729702
27260,2023,5,1448.21874,0.0020349853028840403,1266.6752278226372,0.01095248422180628
27260,2023,6,1446.41832,-0.0012410765569870197,1279.9633947707016,0.010490587213035049
27260,2023,7,1443.93495,-0.0017150192554556964,1288.2130433689813,0.006445222286812176
27260,2023,8,1438.8632,-0.0035182289523496557,1292.351222464766,0.003212340627263166
27260,2023,9,1431.24651,-0.005295975884211157,1290.767148399545,-0.0012257303105263815
27260,2023,10,1419.58693,-0.008136747169262937,1289.1613253711569,-0.0012440842102148983
27260,2023,11,1404.6716,-0.010515962289026737,1286.3251577726096,-0.0022000098379702333
27260,2023,12,1389.54814,-0.010765196057696436,1284.5338108192445,-0.0013926081928358203
27260,2024,1,1381.86053,-0.005526692750090878,1281.7969781568952,-0.0021306038340897504
27260,2024,2,1380.94186,-6.664588461662291e-4,1284.3740264762332,0.0020104964852105667
27260,2024,3,1390.84088,0.007163832327600206,1289.8234849498276,0.004242890592038195
27260,2024,4,1396.38866,0.003994318242499961,1302.1759139733895,0.009576836805729702
27260,2024,5,1400.31177,0.0028083015094622077,1316.437975125199,0.01095248422180628
27260,2024,6,1394.7535,-0.003967285803693654,1330.248182513801,0.010490587213035049
27260,2024,7,1386.37838,-0.006006581679925849,1338.8219277467304,0.006445222286812176
27260,2024,8,1379.30405,-0.005100018214350799,1343.122679817902,0.003212340627263166
27260,2024,9,1372.93535,-0.004620007107703272,1341.4763736384937,-0.0012257303105263815
27260,2024,10,1366.09442,-0.00498766607521528,1339.8074640636737,-0.0012440842102148983
27260,2024,11,1356.43547,-0.007067752563419405,1336.8598744617477,-0.0022000098379702333
27260,2024,12,1350.89346,-0.004084672076393181,1334.9981524478987,-0.0013926081928358203
27260,2025,1,1354.3932,0.0025950035186488307,1332.1538002657903,-0.0021306038340897504
27260,2025,2,1357.52267,0.0023031366527748176,1334.8320907989846,0.0020104964852105667
27260,2025,3,1361.91388,0.0032388663967610754,1340.4956373189864,0.004242890592038195
27260,2025,4,1364.02693,0.0015487642606286656,1353.333345276383,0.009576836805729702
27260,2025,5,1370.1974,0.004530208650956213,1368.1557073873669,0.01095248422180628
27260,2025,6,1370.53598,2.384978968821283e-4,1382.5084641567257,0.010490587213035049
27260,2025,7,1367.47456,-0.0022326750915830917,1391.419038521615,0.006445222286812176
27260,2025,8,1362.46361,-0.0036606560938517996,1395.8887504286058,0.003212340627263166
27260,2025,9,1358.5874,-0.002845524023418311,1394.1777672770825,-0.0012257303105263815
27260,2025,10,1354.04639,-0.003345651746080258,1392.4432927305802,-0.0012440842102148983
27260,2025,11,1343.76117,-0.007591381807012243,1389.3799037877573,-0.0022000098379702333
27260,2025,12,1339.24029,-0.003371506897771437,1387.4450419507812,-0.0013926081928358203
27260,2026,1,1335.22038,-0.0029947093468206676,1384.4889462248118,-0.0021306038340897504
27260,2026,2,1338.32991,0.0023250898330162695,1387.2724563850097,0.0020104964852105667
27260,2026,3,1341.54008,0.0023973895092010977,1393.1585016387994,0.004242890592038195
27260,2026,4,1344.72295,0.0023805832982704,1406.5005532535088,0.009576836805729702
27260,2026,5,1351.94147,0.005368445470512073,1421.9052283709798,0.01095248422180628
27260,2026,6,1355.49721,0.002625940778992586,1436.821849177876,0.010490587213035049
27260,2026,7,1360.22893,0.003484778749424544,1446.082485382376,0.006445222286812176
27260,2026,8,1362.86074,0.0019438256235531082,1450.7277949005436,0.003212340627263166
28140,2017,1,949.4817,NA,949.4817,NA
28140,2017,2,951.40733,0.002024531005561103,951.40733,0.002024531005561103
28140,2017,3,972.0539,0.021713176158801417,972.0539,0.021713176158801417
28140,2017,4,987.7004,0.016089681031383307,987.7004,0.016089681031383307
28140,2017,5,993.26172999999994,0.005636365934107435,993.26172999999994,0.005636365934107435
28140,2017,6,986.17546,-0.007137920201068071,986.17546,-0.007137920201068071
28140,2017,7,984.95706,-0.0012403964205704998,984.95706,-0.0012403964205704998
28140,2017,8,987.09934,0.0021797260135092422,987.09934,0.0021797260135092422
28140,2017,9,990.33497,0.0032751229751772915,990.33497,0.0032751229751772915
28140,2017,10,991.70623,0.0013864381144441662,991.70623,0.0013864381144441662
28140,2017,11,995.46345,0.0037885462555067306,995.46345,0.0037885462555067306
28140,2017,12,995.47554,1.253902772369031e-5,995.47554,1.253902772369031e-5
28140,2018,1,992.80045,-0.002683318286688774,992.80045,-0.002683318286688774
28140,2018,2,988.34958,-0.0044884206291332385,988.34958,-0.0044884206291332385
28140,2018,3,991.64219,0.0033341331885174963,991.64219,0.0033341331885174963
28140,2018,4,999.57098,0.007992951098243939,999.57098,0.007992951098243939
28140,2018,5,1007.54996,0.007979520479520552,1007.54996,0.007979520479520552
28140,2018,6,1016.75445,0.009142828825926985,1016.75445,0.009142828825926985
28140,2018,7,1018.79163,0.00200105577175691,1018.79163,0.00200105577175691
28140,2018,8,1018.34111,-4.4106836559665297e-4,1018.34111,-4.4106836559665297e-4
28140,2018,9,1009.14471,-0.009033634045891303,1009.14471,-0.009033634045891303
28140,2018,10,1010.42928,0.0012740114042573136,1010.42928,0.0012740114042573136
28140,2018,11,1007.03234,-0.0033600988264359533,1007.03234,-0.0033600988264359533
28140,2018,12,1005.81241,-0.0012147053719726575,1005.81241,-0.0012147053719726575
28140,2019,1,1001.56484,-0.00421940928270037,1001.56484,-0.00421940928270037
28140,2019,2,1005.72426,0.004150049850448534,1005.72426,0.004150049850448534
28140,2019,3,1014.80576,0.009035284772814789,1014.80576,0.009035284772814789
28140,2019,4,1024.18111,0.009237278754258949,1024.18111,0.009237278754258949
28140,2019,5,1036.08268,0.011614585872373517,1036.08268,0.011614585872373517
28140,2019,6,1045.3974,0.008987410396964046,1045.3974,0.008987410396964046
28140,2019,7,1050.82058,0.0051939678332200145,1050.82058,0.0051939678332200145
28140,2019,8,1048.48318,-0.002221271945454184,1048.48318,-0.002221271945454184
28140,2019,9,1042.63833,-0.005583399802378541,1042.63833,-0.005583399802378541
28140,2019,10,1038.28748,-0.0041661678438884575,1038.28748,-0.0041661678438884575
28140,2019,11,1030.57199,-0.007429491957394618,1030.57199,-0.007429491957394618
28140,2019,12,1029.85451,-7.024853447022972e-4,1029.85451,-7.024853447022972e-4
28140,2020,1,1029.99673,1.4544396771154489e-4,1029.99673,1.4544396771154489e-4
28140,2020,2,1041.96274,0.011609588211056954,1041.96274,0.011609588211056954
28140,2020,3,1048.167,0.005953807082275109,1053.800337718574,0.011360864706711235
28140,2020,4,1048.89248,6.906982006120721e-4,1065.5045154993047,0.011106636961295399
28140,2020,5,1047.18673,-0.0016184503338053657,1074.4655762156096,0.008410157428667167
28140,2020,6,1052.15912,0.004744025269682428,1078.4025323461856,0.0036641063406076535
28140,2020,7,1064.89845,0.012112512308258161,1080.5430273577995,0.0019848757281354748
28140,2020,8,1070.85718,0.005591110485969386,1080.3691988530957,-1.6087143251386493e-4
28140,2020,9,1067.79371,-0.0028557774125490543,1076.2847151319536,-0.003780636957697518
28140,2020,10,1062.30293,-0.005143431604049287,1075.744521259056,-5.019061083956593e-4
28140,2020,11,1058.90031,-0.0032077644349399748,1073.2340761609112,-0.0023336815094412806
28140,2020,12,1057.41749,-0.0014027560029705732,1072.5526971289778,-6.348838963170881e-4
28140,2021,1,1056.72353,-6.49243336402594e-4,1068.8509275929305,-0.003451363784694572
28140,2021,2,1063.63885,0.006543899644456008,1069.4516789004526,5.620534089587995e-4
28140,2021,3,1075.77349,0.011406710243742069,1081.6015747348058,0.011360864706711235
28140,2021,4,1092.60564,0.015640772756280175,1093.6145307621507,0.011106636961295399
28140,2021,5,1109.91452,0.015845452572172736,1102.8120011321387,0.008410157428667167
28140,2021,6,1128.78592,0.017004048582995868,1106.852821577985,0.0036641063406076535
28140,2021,7,1145.76731,0.015049982307147936,1109.0497868781536,0.0019848757281354748
28140,2021,8,1152.37104,0.005762966675018744,1108.8713724502093,-1.6087143251386493e-4
28140,2021,9,1155.88855,0.00304369489395806,1104.6791323581913,-0.003780636957697518
28140,2021,10,1154.6784,-0.0010474822629936709,1104.1246871538435,-5.019061083956593e-4
28140,2021,11,1157.09415,0.002097161265215197,1101.548011787315,-0.0023336815094412806
28140,2021,12,1160.97503,0.0033549083063646457,1100.848656693611,-6.348838963170881e-4
28140,2022,1,1166.58828,0.004838137424605815,1097.0492275074691,-0.003451363784694572
28140,2022,2,1172.50065,0.005060934507441495,1097.6658277655852,5.620534089587995e-4
28140,2022,3,1181.00609,0.00726041688845358,1110.1362607280103,0.011360864706711235
28140,2022,4,1199.44405,0.015610467574194598,1122.4661411534862,0.011106636961295399
28140,2022,5,1223.13631,0.01975169887504813,1131.9062581089356,0.008410157428667167
28140,2022,6,1248.21435,0.02050188282597376,1136.0536830062458,0.0036641063406076535
28140,2022,7,1262.21801,0.011220000000000008,1138.308608387504,0.0019848757281354748
28140,2022,8,1268.74698,0.005171970491089972,1138.1254870510297,-1.6087143251386493e-4
28140,2022,9,1265.00106,-0.0029514486693886788,1133.822647772187,-0.003780636957697518
28140,2022,10,1252.37471,-0.00998569243672598,1133.253575259433,-5.019061083956593e-4
28140,2022,11,1240.60389,-0.00939870232127027,1130.6089223453419,-0.0023336815094412806
28140,2022,12,1230.76657,-0.007928363014387818,1129.8911169475123,-6.348838963170881e-4
28140,2023,1,1232.51782,0.001419849495953418,1125.9914516658316,-0.003451363784694572
28140,2023,2,1236.81054,0.0034838265378460687,1126.624318999699,5.620534089587995e-4
28140,2023,3,1246.36132,0.007730658216095199,1139.4237454631452,0.011360864706711235
28140,2023,4,1256.36414,0.008021872371109184,1152.0789113490837,0.011106636961295399
28140,2023,5,1273.21275,0.013412416917528702,1161.768076363777,0.008410157428667167
28140,2023,6,1289.66334,0.01292118859249225,1166.0249181386969,0.0036641063406076535
28140,2023,7,1298.64764,0.0069588950939305505,1168.3393326971116,0.0019848757281354748
28140,2023,8,1301.25692,0.002008842752787343,1168.151380274998,-1.6087143251386493e-4
28140,2023,9,1294.24902,-0.005381346583660185,1163.7350239945451,-0.003780636957697518
28140,2023,10,1285.53972,-0.006731733662525996,1163.1509382774484,-5.019061083956593e-4
28140,2023,11,1267.0426,-0.014389746577337714,1160.436514440101,-0.0023336815094412806
28140,2023,12,1260.20796,-0.00538873783347138,1159.6997719843848,-6.348838963170881e-4
28140,2024,1,1261.40557,9.508622141223277e-4,1155.6972261902392,-0.003451363784694572
28140,2024,2,1268.42516,0.005561217926516759,1156.3467897559437,5.620534089587995e-4
28140,2024,3,1276.12195,0.00607169919011219,1169.4838891884008,0.011360864706711235
28140,2024,4,1287.69807,0.009067256152431646,1182.4729221777002,0.011106636961295399
28140,2024,5,1307.84836,0.01565483749018526,1192.4177056083508,0.008410157428667167
28140,2024,6,1323.00758,0.011586401725553142,1196.786850884123,0.0036641063406076535
28140,2024,7,1328.67638,0.004283342139029367,1199.1623240561946,0.0019848757281354748
28140,2024,8,1324.65869,-0.003025007985269501,1198.969413095307,-1.6087143251386493e-4
28140,2024,9,1318.73514,-0.004466473182314967,1194.4365450210098,-0.003780636957697518
28140,2024,10,1313.71664,-0.0038050165641267952,1193.8370500229728,-5.019061083956593e-4
28140,2024,11,1308.88178,-0.003686530860444015,1191.0510145740484,-0.0023336815094412806
28140,2024,12,1304.95209,-0.0029944688155635335,1190.2948354652033,-6.348838963170881e-4
28140,2025,1,1304.48593,-3.634763644712047e-4,1186.1866949769696,-0.003451363784694572
28140,2025,2,1308.19788,0.002851456347839454,1186.8533952525431,5.620534089587995e-4
28140,2025,3,1317.24012,0.006908001450298462,1200.337076102708,0.011360864706711235
28140,2025,4,1328.72662,0.00871790012318785,1213.6687842381634,0.011106636961295399
28140,2025,5,1342.89021,0.010662282761860098,1223.8759297798654,0.008410157428667167
28140,2025,6,1350.43655,0.005614165543523786,1228.3603413342887,0.0036641063406076535
28140,2025,7,1353.01467,0.0019133183595374526,1230.7984839612075,0.0019848757281354748
28140,2025,8,1346.76091,-0.004621941769068938,1230.6004836459567,-1.6087143251386493e-4
28140,2025,9,1340.93662,-0.004328282126141336,1225.9480299773245,-0.003780636957697518
28140,2025,10,1332.15746,-0.006543917786796638,1225.3327191725032,-5.019061083956593e-4
28140,2025,11,1331.95708,-1.4991801358621437e-4,1222.473182862857,-0.0023336815094412806
28140,2025,12,1325.6717,-0.004723125509563553,1221.6970543253778,-6.348838963170881e-4
28140,2026,1,1325.53933,-9.415752554020607e-5,1217.480533356211,-0.003451363784694572
28140,2026,2,1323.8351,-0.0012900795706011214,1218.164822440325,5.620534089587995e-4
28140,2026,3,1333.5079,0.007307322408493411,1232.0042281785445,0.011360864706711235
28140,2026,4,1345.48979,0.008985987475780055,1245.6876518757044,0.011106636961295399
28140,2026,5,1358.11215,0.009379087695861266,1256.164081134926,0.008410157428667167
28140,2026,6,1369.06017,0.0080603654277418,1260.7667999094558,0.0036641063406076535
28140,2026,7,1375.38601,0.0046224961479197635,1263.2692653294353,0.0019848757281354748
28140,2026,8,1378.49652,0.002259774204087739,1263.0660413930711,-1.6087143251386493e-4
29820,2017,1,956.73719,NA,956.73719,NA
29820,2017,2,950.40296,-0.006614631565021845,950.40296,-0.006614631565021845
29820,2017,3,962.06142,0.0122686110001331,962.06142,0.0122686110001331
29820,2017,4,973.93461,0.012333700603528897,973.93461,0.012333700603528897
29820,2017,5,992.96933,0.019558472359850088,992.96933,0.019558472359850088
29820,2017,6,1009.31772,0.016458741615282824,1009.31772,0.016458741615282824
29820,2017,7,1023.99552,0.014546366543356948,1023.99552,0.014546366543356948
29820,2017,8,1030.31893,0.006164637537853013,1030.31893,0.006164637537853013
29820,2017,9,1033.3977,0.0029943337991185093,1033.3977,0.0029943337991185093
29820,2017,10,1034.35705,9.338926482747034e-4,1034.35705,9.338926482747034e-4
29820,2017,11,1031.96755,-0.0023249055507119643,1031.96755,-0.0023249055507119643
29820,2017,12,1032.30312,3.372836402102397e-4,1032.30312,3.372836402102397e-4
29820,2018,1,1034.35728,0.001992367699121811,1034.35728,0.001992367699121811
29820,2018,2,1038.74045,0.0042368344575476335,1038.74045,0.0042368344575476335
29820,2018,3,1044.0205,0.005071889850127853,1044.0205,0.005071889850127853
29820,2018,4,1050.01307,0.0057433814726697285,1050.01307,0.0057433814726697285
29820,2018,5,1060.14918,0.009658269045322854,1060.14918,0.009658269045322854
29820,2018,6,1065.62861,0.005163485501947562,1065.62861,0.005163485501947562
29820,2018,7,1072.88513,0.006814638853834154,1072.88513,0.006814638853834154
29820,2018,8,1079.77453,0.006414604653906419,1079.77453,0.006414604653906419
29820,2018,9,1088.39033,0.007985464988497837,1088.39033,0.007985464988497837
29820,2018,10,1094.66968,0.005770852109195701,1094.66968,0.005770852109195701
29820,2018,11,1097.68839,0.002760474628203058,1097.68839,0.002760474628203058
29820,2018,12,1102.98791,0.004813928684673341,1102.98791,0.004813928684673341
29820,2019,1,1105.50012,0.002280681622583103,1105.50012,0.002280681622583103
29820,2019,2,1109.44824,0.003577817531305927,1109.44824,0.003577817531305927
29820,2019,3,1116.35815,0.006231729055258484,1116.35815,0.006231729055258484
29820,2019,4,1129.72761,0.011975284147274667,1129.72761,0.011975284147274667
29820,2019,5,1145.11438,0.013612110857479154,1145.11438,0.013612110857479154
29820,2019,6,1156.70805,0.010127246853369076,1156.70805,0.010127246853369076
29820,2019,7,1165.35504,0.007481671955356095,1165.35504,0.007481671955356095
29820,2019,8,1167.48625,0.0018191938527538642,1167.48625,0.0018191938527538642
29820,2019,9,1165.0629,-0.002073367392571024,1165.0629,-0.002073367392571024
29820,2019,10,1160.68019,-0.0037615426398697194,1160.68019,-0.0037615426398697194
29820,2019,11,1158.81811,-0.0016084402219102012,1158.81811,-0.0016084402219102012
29820,2019,12,1159.06593,2.184449450473025e-4,1159.06593,2.184449450473025e-4
29820,2020,1,1158.21539,-7.370906758029649e-4,1158.21539,-7.370906758029649e-4
29820,2020,2,1161.62276,0.002950537516904106,1161.62276,0.002950537516904106
29820,2020,3,1161.52997,-8.171826266978321e-5,1170.750106254068,0.007857409968506479
29820,2020,4,1150.45805,-0.009534576460492827,1182.4780432371738,0.01001745540782443
29820,2020,5,1137.97437,-0.010850282602417494,1199.3594357097188,0.014276284087550698
29820,2020,6,1137.53329,-3.892781670560286e-4,1212.0524461048717,0.01058315799019982
29820,2020,7,1158.53857,0.018470097357440984,1223.7053919839946,0.009614225784182398
29820,2020,8,1182.17528,0.020402032009613658,1229.5785399252636,0.004799478681504432
29820,2020,9,1200.31843,0.01533684858542328,1233.2289255621517,0.0029688104650151077
29820,2020,10,1211.6577,0.009450624769336224,1234.4388062238856,9.810673725335617e-4
29820,2020,11,1216.7516,0.004204478683815349,1233.9561936720952,-3.909570481397025e-4
29820,2020,12,1219.18854,0.0020024185054676735,1236.164834287471,0.0017898857566436277
29820,2021,1,1221.83913,0.0021800910966636167,1238.805930940805,0.002136524660852457
29820,2021,2,1230.84734,0.007367698662419597,1239.3014617469025,4.0000680794390525e-4
29820,2021,3,1247.53332,0.013560759916707354,1249.0391614064174,0.007857409968506479
29820,2021,4,1274.35833,0.021495694520183184,1261.5513555084326,0.01001745540782443
29820,2021,5,1315.14153,0.03200576054029902,1279.5616210507058,0.014276284087550698
29820,2021,6,1370.21274,0.041876187955633526,1293.1034238444813,0.01058315799019982
29820,2021,7,1433.2319,0.04598935420924399,1305.5356121236218,0.009614225784182398
29820,2021,8,1491.35786,0.04055635279832215,1311.8015024619538,0.004799478681504432
29820,2021,9,1534.62274,0.02901425782907574,1315.6959924904857,0.0029688104650151077
29820,2021,10,1556.56933,0.014299116485736896,1316.9867789008913,9.810673725335617e-4
29820,2021,11,1560.95758,0.002815441221311943,1316.4718936373733,-3.909570481397025e-4
29820,2021,12,1550.57058,-0.006648895735990146,1318.8282279288164,0.0017898857566436277
29820,2022,1,1543.85629,-0.004336424949238249,1321.6459369612146,0.002136524660852457
29820,2022,2,1537.8547,-0.0038839130167449554,1322.1746043336905,4.0000680794390525e-4
29820,2022,3,1545.88064,0.005215888398506285,1332.5634722498883,0.007857409968506479
29820,2022,4,1554.61084,0.005649370586429336,1345.9123674112473,0.01001745540782443
29820,2022,5,1572.06302,0.011225092100710432,1365.1269947253584,0.014276284087550698
29820,2022,6,1582.10505,0.006390580184169492,1379.5743493872235,0.01058315799019982
29820,2022,7,1585.86917,0.0023800000000000487,1392.8378886682988,0.009614225784182398
29820,2022,8,1575.47773,-0.0065544005267463845,1399.522784421754,0.004799478681504432
29820,2022,9,1559.38062,-0.01021279159679056,1403.6777023101724,0.0029688104650151077
29820,2022,10,1537.3493,-0.014132949149791019,1405.0548047054622,9.810673725335617e-4
29820,2022,11,1516.28609,-0.013697502341233458,1404.5054886265398,-3.909570481397025e-4
29820,2022,12,1494.12637,-0.014618113522537612,1407.0193929957602,0.0017898857566436277
29820,2023,1,1481.64611,-0.008354599265134044,1410.0255246271934,0.002136524660852457
29820,2023,2,1479.69256,-0.0013134009610250574,1410.589544436419,4.0000680794390525e-4
29820,2023,3,1489.88204,0.006885712147294276,1421.6731247843447,0.007857409968506479
29820,2023,4,1495.07274,0.0034830255598856663,1435.9146719163743,0.01001745540782443
29820,2023,5,1498.85682,0.002529127292352218,1456.4141976981348,0.014276284087550698
29820,2023,6,1497.95533,-6.016593130527825e-4,1471.8276592515442,0.01058315799019982
29820,2023,7,1498.05911,7.3932467971493665e-05,1485.9781426829934,0.009614225784182398
29820,2023,8,1494.80758,-0.0021755660696182177,1493.110063099982,0.004799478681504432
29820,2023,9,1487.8833,-0.004625219618551668,1497.5428238807326,0.0029688104650151077
29820,2023,10,1481.88627,-0.004040618852676925,1499.0120142842138,9.810673725335617e-4
29820,2023,11,1472.82596,-0.006106870229007577,1498.4259649719831,-3.909570481397025e-4
29820,2023,12,1468.4373,-0.0029862610507771503,1501.1079762640716,0.0017898857566436277
29820,2024,1,1467.2888,-7.757366804934662e-4,1504.3151304739622,0.002136524660852457
29820,2024,2,1469.62093,0.0015850252849272106,1504.9168667674448,4.0000680794390525e-4
29820,2024,3,1476.54833,0.004715254602217778,1516.741615558157,0.007857409968506479
29820,2024,4,1481.79873,0.003557346134064776,1531.9355070572026,0.01001745540782443
29820,2024,5,1488.4133,0.004462951099722279,1553.8058535597575,0.014276284087550698
29820,2024,6,1492.8714,0.002997512702225924,1570.2500263940776,0.01058315799019982
29820,2024,7,1495.87561,0.002013565069944878,1585.3467646854488,0.009614225784182398
29820,2024,8,1498.19612,0.0015441565309359806,1592.9556026853488,0.004799478681504432
29820,2024,9,1489.06956,-0.006082622286052164,1597.6847859489055,0.0029688104650151077
29820,2024,10,1478.65128,-0.007001699957500995,1599.2522223639935,9.810673725335617e-4
29820,2024,11,1469.21264,-0.006387691122500372,1598.626983435907,-3.909570481397025e-4
29820,2024,12,1465.09028,-0.0027997932460372965,1601.4883431037451,0.0017898857566436277
29820,2025,1,1464.68482,-2.807654097014556e-4,1604.909962442854,0.002136524660852457
29820,2025,2,1466.49042,0.001231394067704894,1605.5519373539682,4.0000680794390525e-4
29820,2025,3,1473.7252,0.004941095240150295,1618.1674171514883,0.007857409968506479
29820,2025,4,1478.3382,0.003123993558776128,1634.3773370951978,0.01001745540782443
29820,2025,5,1480.82554,0.0016802046210979693,1657.7101722658238,0.014276284087550698
29820,2025,6,1478.58226,-0.0015064424453514746,1675.2539809208745,0.01058315799019982
29820,2025,7,1475.32198,-0.0022042222626449393,1691.3602509392983,0.009614225784182398
29820,2025,8,1466.95396,-0.005672861417035602,1699.4778984064253,0.004799478681504432
29820,2025,9,1452.63221,-0.009771143849356179,1704.5233261762764,0.0029688104650151077
29820,2025,10,1442.30143,-0.007112050187331076,1706.1955783973106,9.810673725335617e-4
29820,2025,11,1429.43056,-0.008918091769687386,1705.5285292104313,-3.909570481397025e-4
29820,2025,12,1421.54117,-0.005522966242390681,1708.5812304324145,0.0017898857566436277
29820,2026,1,1415.6984,-0.0041067990339562765,1712.231656366303,0.002136524660852457
29820,2026,2,1419.10882,0.002413893296975944,1712.9165606856268,4.0000680794390525e-4
29820,2026,3,1424.96657,0.004124952618787425,1726.3756483447778,0.007857409968506479
29820,2026,4,1433.44697,0.005951059199715614,1743.6695394192259,0.01001745540782443
29820,2026,5,1438.10449,0.0032448898503378842,1768.5626611187836,0.014276284087550698
29820,2026,6,1439.53535,0.001001122136900623,1787.2796391769718,0.01058315799019982
29820,2026,7,1426.46115,-0.009089010759542382,1804.4629491674914,0.009614225784182398
29820,2026,8,1414.81651,-0.008163084226170625,1813.1234306235854,0.004799478681504432
31080,2017,1,1787.8449,NA,1787.8449,NA
31080,2017,2,1794.26016,0.0035863867780203673,1794.26016,0.0035863867780203673
31080,2017,3,1798.68364,0.0024615153938423173,1798.68364,0.0024615153938423173
31080,2017,4,1799.50572,4.611798726148475e-4,1799.50572,4.611798726148475e-4
31080,2017,5,1800.52341,5.73094460917245e-4,1800.52341,5.73094460917245e-4
31080,2017,6,1808.697,0.0045323239366472645,1808.697,0.0045323239366472645
31080,2017,7,1810.42586,9.544350240466848e-4,1810.42586,9.544350240466848e-4
31080,2017,8,1820.19593,0.005399180216214994,1820.19593,0.005399180216214994
31080,2017,9,1824.2906,0.0022539999260984267,1824.2906,0.0022539999260984267
31080,2017,10,1821.71458,-0.001413262547313554,1821.71458,-0.001413262547313554
31080,2017,11,1816.18329,-0.0030397381148700164,1816.18329,-0.0030397381148700164
31080,2017,12,1810.50513,-0.0031230712257745985,1810.50513,-0.0031230712257745985
31080,2018,1,1813.59668,0.0017088301942864703,1813.59668,0.0017088301942864703
31080,2018,2,1818.46631,0.002682489647073405,1818.46631,0.002682489647073405
31080,2018,3,1829.40449,0.006016372423315985,1829.40449,0.006016372423315985
31080,2018,4,1836.24666,0.003737745098039147,1836.24666,0.003737745098039147
31080,2018,5,1843.27516,0.003821500518893961,1843.27516,0.003821500518893961
31080,2018,6,1850.78384,0.004074533557128612,1850.78384,0.004074533557128612
31080,2018,7,1861.39968,0.005741765895848738,1861.39968,0.005741765895848738
31080,2018,8,1876.05558,0.007876955689113396,1876.05558,0.007876955689113396
31080,2018,9,1879.48566,0.0018283720318827967,1879.48566,0.0018283720318827967
31080,2018,10,1878.34937,-6.083450628623366e-4,1878.34937,-6.083450628623366e-4
31080,2018,11,1870.35222,-0.0042610076029743205,1870.35222,-0.0042610076029743205
31080,2018,12,1873.65327,0.0017620406108407316,1873.65327,0.0017620406108407316
31080,2019,1,1879.51462,0.003134983786629686,1879.51462,0.003134983786629686
31080,2019,2,1883.67716,0.002218643764537509,1883.67716,0.002218643764537509
31080,2019,3,1884.65499,5.117768177003157e-4,1884.65499,5.117768177003157e-4
31080,2019,4,1874.65054,-0.005305481537875911,1874.65054,-0.005305481537875911
31080,2019,5,1883.52937,0.00473582243057713,1883.52937,0.00473582243057713
31080,2019,6,1894.90704,0.006034708500964214,1894.90704,0.006034708500964214
31080,2019,7,1913.84706,0.009997515410371305,1913.84706,0.009997515410371305
31080,2019,8,1924.17381,0.005400276456668962,1924.17381,0.005400276456668962
31080,2019,9,1928.9128,0.002458433826185269,1928.9128,0.002458433826185269
31080,2019,10,1931.30357,0.0012436365326948806,1931.30357,0.0012436365326948806
31080,2019,11,1924.28599,-0.0036334087875095067,1924.28599,-0.0036334087875095067
31080,2019,12,1923.93167,-1.8641066268987316e-4,1923.93167,-1.8641066268987316e-4
31080,2020,1,1928.39722,0.0023189148876665566,1928.39722,0.0023189148876665566
31080,2020,2,1933.01463,0.002394931116665777,1933.01463,0.002394931116665777
31080,2020,3,1929.1076,-0.0020180698437736178,1938.807014419325,0.002996554878286206
31080,2020,4,1904.69229,-0.012655874115308996,1938.0918812078644,-3.6885218907397254e-4
31080,2020,5,1879.89896,-0.013018197226865036,1943.990410492902,0.0030434724701294455
31080,2020,6,1857.58193,-0.011866145112817805,1953.478098455693,0.004880521998246697
31080,2020,7,1855.47714,-0.0011344847146288473,1964.3483682000294,0.00556457211008891
31080,2020,8,1847.62595,-0.00424102557906314,1976.5773615824025,0.00622547078733245
31080,2020,9,1839.18688,-0.004562442362762709,1980.8868311288993,0.0021802685947221643
31080,2020,10,1835.33189,-0.0020966404992929233,1980.373140241439,-2.5932369249367004e-4
31080,2020,11,1834.77801,-3.053845402131161e-4,1973.1552382768878,-0.003644718168451281
31080,2020,12,1835.64218,4.7654541233388414e-4,1972.1374576559313,-5.158137592079133e-4
31080,2021,1,1835.41549,-1.2213292948037857e-4,1976.9137911507723,0.002421906990458078
31080,2021,2,1843.56254,0.004433966873503614,1982.5068230559564,0.0028291733965437604
31080,2021,3,1855.56876,0.0065182230545657305,1988.4475135478206,0.002996554878286206
31080,2021,4,1874.03929,0.009955658656227717,1987.7140703295897,-3.6885218907397254e-4
31080,2021,5,1900.55337,0.014140278259621164,1993.7636233811265,0.0030434724701294455
31080,2021,6,1940.65592,0.021103417361659993,2003.494230604342,0.004880521998246697
31080,2021,7,1995.5529,0.0282918601695894,2014.6428187226873,0.00556457211008891
31080,2021,8,2061.41763,0.03300715641886964,2027.184918737554,0.00622547078733245
31080,2021,9,2116.2423,0.026590827523953475,2031.6047263515718,0.0021802685947221643
31080,2021,10,2146.93177,0.01450304044748596,2031.0778831122468,-2.5932369249367004e-4
31080,2021,11,2151.43709,0.002098931737727572,2023.6751766501282,-0.003644718168451281
31080,2021,12,2152.37316,4.3766412404644406e-4,2022.6313371498443,-5.158137592079133e-4
31080,2022,1,2160.52135,0.0037810136866445188,2027.5299621244071,0.002421906990458078
31080,2022,2,2176.58701,0.007440151916072502,2033.266195953945,0.0028291733965437604
31080,2022,3,2197.92949,0.009805739241497413,2039.3589896922854,0.002996554878286206
31080,2022,4,2213.72151,0.007180889043024052,2038.6067676646294,-3.6885218907397254e-4
31080,2022,5,2229.83293,0.007281602560207379,2044.811211239436,0.0030434724701294455
31080,2022,6,2241.92475,0.0054192095394174356,2054.7909573381517,0.004880521998246697
31080,2022,7,2256.23974,0.006389999999999896,2066.2249897914185,0.00556457211008891
31080,2022,8,2262.37929,0.0027126660638521205,2079.088213105421,0.00622547078733245
31080,2022,9,2261.11161,-5.549389567148788e-4,2083.621183842112,0.0021802685947221643
31080,2022,10,2244.95648,-0.007148806218767345,2083.08085150296,-2.5932369249367004e-4
31080,2022,11,2222.75781,-0.009886653018425062,2075.488608877134,-0.003644718168451281
31080,2022,12,2203.9809,-0.008442180644510633,2074.4180432955955,-5.158137592079133e-4
31080,2023,1,2194.52742,-0.004292631321967666,2079.4420908557854,0.002421906990458078
31080,2023,2,2200.19875,0.002584639274257894,2085.325193098888,0.0028291733965437604
31080,2023,3,2207.34834,0.0032504916495990077,2091.5739844790814,0.002996554878286206
31080,2023,4,2215.09206,0.0035040321761563575,2090.8025028362963,-3.6885218907397254e-4
31080,2023,5,2217.05089,8.906612147403514e-4,2097.165802694156,0.0030434724701294455
31080,2023,6,2219.5780800000002,0.0011325600914138256,2107.4010665281753,0.004880521998246697
31080,2023,7,2221.6768,9.494661777926794e-4,2119.1278517277497,0.00556457211008891
31080,2023,8,2227.83231,0.0027649676579513116,2132.3204202633037,0.00622547078733245
31080,2023,9,2226.76401,-4.729750128307231e-4,2136.9694515094884,0.0021802685947221643
31080,2023,10,2219.16641,-0.0034130723692159526,2136.415284700576,-2.5932369249367004e-4
31080,2023,11,2200.72749,-0.008314391069353944,2128.6286530970715,-0.003644718168451281
31080,2023,12,2180.48858,-0.009188891831869772,2127.53067714956,-5.158137592079133e-4
31080,2024,1,2172.87563,-0.003495784495167631,2132.6833585689624,0.002421906990458078
31080,2024,2,2174.35665,6.809739991746611e-4,2138.7170895902773,0.0028291733965437604
31080,2024,3,2183.1153,0.0040315097024312685,2145.125872718363,0.002996554878286206
31080,2024,4,2191.09317,0.003655894102303492,2144.334638344372,-3.6885218907397254e-4
31080,2024,5,2197.2689,0.002813788587273436,2150.860861782918,0.0030434724701294455
31080,2024,6,2206.17378,0.004050689739613089,2161.358185534017,0.004880521998246697
31080,2024,7,2210.67788,0.0020425791372389313,2173.3852190131524,0.00556457211008891
31080,2024,8,2212.03428,6.186236131675571e-4,2186.915565203739,0.00622547078733245
31080,2024,9,2206.34343,-0.0025743156273121404,2191.6836285298614,0.0021802685947221643
31080,2024,10,2198.23346,-0.0036783758243320586,2191.115273038533,-2.5932369249367004e-4
31080,2024,11,2186.06886,-0.00552773556618491,2183.1292753937187,-0.003644718168451281
31080,2024,12,2177.86153,-0.0037637551405511616,2182.0031872753407,-5.158137592079133e-4
31080,2025,1,2180.35013,0.001142657141092407,2187.287796047805,0.002421906990458078
31080,2025,2,2194.32112,0.00641625451142902,2193.476012490968,0.0028291733965437604
31080,2025,3,2207.51871,0.006007540075809503,2200.048883736602,0.002996554878286206
31080,2025,4,2213.4358,0.002681155740618557,2199.2373908897657,-3.6885218907397254e-4
31080,2025,5,2212.31845,-5.064368118790075e-4,2205.930709344218,0.0030434724701294455
31080,2025,6,2215.37214,0.0013883399710172828,2216.69680269778,0.004880521998246697
31080,2025,7,2216.60562,5.565900259065781e-4,2229.0317719025957,0.00556457211008891
31080,2025,8,2222.06969,0.002457747974633717,2242.908544082611,0.00622547078733245
31080,2025,9,2219.55385,-0.0011300119054825641,2247.798687142108,0.0021802685947221643
31080,2025,10,2207.79878,-0.0052928223672249475,2247.215779686576,-2.5932369249367004e-4
31080,2025,11,2186.40617,-0.009687442880643382,2239.025311505922,-0.003644718168451281
31080,2025,12,2169.41049,-0.007772445756941915,2237.8703914430325,-5.158137592079133e-4
31080,2026,1,2167.29113,-9.817497881486892e-4,2243.2903053878076,0.002421906990458078
31080,2026,2,2170.78447,0.0016137207642417106,2249.6369626405353,0.0028291733965437604
31080,2026,3,2177.89628,0.00327388021936037,2256.3781232553088,0.002996554878286206
31080,2026,4,2182.82236,0.0022646792390677017,2255.545853245167,-3.6885218907397254e-4
31080,2026,5,2189.39182,0.003009325828848608,2262.410544954633,0.0030434724701294455
31080,2026,6,2192.1804,0.0012697502483181022,2273.4522893883495,0.004880521998246697
31080,2026,7,2195.34433,0.0014419979341591116,2286.1030785914977,0.00556457211008891
31080,2026,8,2199.66661,0.0019709564755621134,2300.3351465241,0.00622547078733245
31140,2017,1,893.65342,NA,893.65342,NA
31140,2017,2,902.55113,0.009947551565888446,902.55113,0.009947551565888446
31140,2017,3,923.13085,0.022807565070844582,923.13085,0.022807565070844582
31140,2017,4,930.44564,0.007921202948786732,930.44564,0.007921202948786732
31140,2017,5,938.63964,0.008803477797556303,938.63964,0.008803477797556303
31140,2017,6,951.50858,0.013720170931963205,951.50858,0.013720170931963205
31140,2017,7,949.987,-0.0016104012977939952,949.987,-0.0016104012977939952
31140,2017,8,935.92215,-0.0148016367194449,935.92215,-0.0148016367194449
31140,2017,9,915.0062,-0.022343409536879855,915.0062,-0.022343409536879855
31140,2017,10,892.35417,-0.02476265530531574,892.35417,-0.02476265530531574
31140,2017,11,888.8977,-0.0038636363636364024,888.8977,-0.0038636363636364024
31140,2017,12,891.8808,0.0033462620731614656,891.8808,0.0033462620731614656
31140,2018,1,904.39123,0.014035220697844908,904.39123,0.014035220697844908
31140,2018,2,919.427,0.01661911821500217,919.427,0.01661911821500217
31140,2018,3,923.08667,0.003982696714581513,923.08667,0.003982696714581513
31140,2018,4,929.92209,0.007408944439019738,929.92209,0.007408944439019738
31140,2018,5,927.16508,-0.002968437632519638,927.16508,-0.002968437632519638
31140,2018,6,931.26686,0.004423380726698456,931.26686,0.004423380726698456
31140,2018,7,931.54857,3.024657003896092e-4,931.54857,3.024657003896092e-4
31140,2018,8,932.74899,0.001294161758124801,932.74899,0.001294161758124801
31140,2018,9,929.31609,-0.003684197811224088,929.31609,-0.003684197811224088
31140,2018,10,942.66804,0.014366945114632435,942.66804,0.014366945114632435
31140,2018,11,937.43038,-0.005557813209666973,937.43038,-0.005557813209666973
31140,2018,12,936.46803,-0.0010216223362700116,936.46803,-0.0010216223362700116
31140,2019,1,924.25809,-0.013042013571394118,924.25809,-0.013042013571394118
31140,2019,2,929.33315,0.0054856641310707666,929.33315,0.0054856641310707666
31140,2019,3,940.63226,0.012160228898426384,940.63226,0.012160228898426384
31140,2019,4,947.11303,0.0068874648140384576,947.11303,0.0068874648140384576
31140,2019,5,953.5272,0.006780870806566863,953.5272,0.006780870806566863
31140,2019,6,951.58508,-0.002044192366773001,951.58508,-0.002044192366773001
31140,2019,7,952.38905,8.525048249403699e-4,952.38905,8.525048249403699e-4
31140,2019,8,950.47767,-0.0020111441043902945,950.47767,-0.0020111441043902945
31140,2019,9,949.56226,-9.601820789719717e-4,949.56226,-9.601820789719717e-4
31140,2019,10,950.98646,0.0014950520895133934,950.98646,0.0014950520895133934
31140,2019,11,953.3759,0.002511729301928778,953.3759,0.002511729301928778
31140,2019,12,953.27405,-1.0636286281562324e-4,953.27405,-1.0636286281562324e-4
31140,2020,1,954.65974,0.0014537804200598359,954.65974,0.0014537804200598359
31140,2020,2,959.00085,0.004543845155198678,959.00085,0.004543845155198678
31140,2020,3,966.38989,0.00770721964401111,971.4520345579105,0.012983496894617494
31140,2020,4,968.38604,0.0020636345617983665,978.6464827500776,0.007405870733948309
31140,2020,5,972.0494,0.0037929911109042536,982.7619883830935,0.004205303657201176
31140,2020,6,974.04332,0.002051603032199756,988.0359344995569,0.00536645309729622
31140,2020,7,982.27941,0.008455656961747104,987.885940509933,-1.5181025748800536e-4
31140,2020,8,984.99597000000006,0.0027643320868986354,982.7757319795514,-0.005172873021903465
31140,2020,9,986.28082,0.0013040046669641203,973.9347504766498,-0.008995929809025305
31140,2020,10,980.00171,-0.006374447376537917,971.0451970677028,-0.002966886033723304
31140,2020,11,971.94629,-0.00822037503305395,968.8086468401694,-0.002303240090458199
31140,2020,12,967.05336,-0.005031067420940394,969.5250087790662,7.394256246919435e-4
31140,2021,1,962.65076,-0.00455551671909582,970.0064783530621,4.966035632253951e-4
31140,2021,2,965.16378,0.0026100492749212556,980.3701355333747,0.010684111303987128
31140,2021,3,964.45422,-7.35448623660484e-4,993.0987681436478,0.012983496894617494
31140,2021,4,972.95999,0.008820196497622668,1000.453529246563,0.007405870733948309
31140,2021,5,984.42596,0.01178868378998077,1004.6607401319634,0.004205303657201176
31140,2021,6,1002.66274,0.018529963832806695,1010.0522048725763,0.00536645309729622
31140,2021,7,1018.595,0.015889247227247827,1009.8988685872782,-1.5181025748800536e-4
31140,2021,8,1027.97381,0.009203030805818191,1004.6747899751122,-0.005172873021903465
31140,2021,9,1036.76189,0.008549163168451335,995.6368060835989,-0.008995929809025305
31140,2021,10,1039.44751,0.0025864785854787797,992.6828651489686,-0.002966886033723304
31140,2021,11,1044.24063,0.004617635900493244,990.3964781768465,-0.002303240090458199
31140,2021,12,1042.29042,-0.0018666177533690487,991.1288027114152,7.394256246919435e-4
31140,2022,1,1049.4061,0.006821031694556279,991.6210008064571,4.966035632253951e-4
31140,2022,2,1057.31887,0.007547858576965494,1002.2155899504443,0.010684111303987128
31140,2022,3,1070.05491,0.012041516591718038,1015.227852950303,0.012983496894617494
31140,2022,4,1087.00529,0.015836246472644477,1022.746499194757,0.007405870733948309
31140,2022,5,1105.92336,0.017403292010448324,1027.0474587882104,0.004205303657201176
31140,2022,6,1126.70554,0.018796800978044814,1032.5590608044945,0.00536645309729622
31140,2022,7,1136.97964,0.009120000000000017,1032.402307747602,-1.5181025748800536e-4
31140,2022,8,1145.61697,0.007590772157919812,1027.0618217021035,-0.005172873021903465
31140,2022,9,1141.54123,-0.003550423887173304,1017.8224456445417,-0.008995929809025305
31140,2022,10,1134.22855,-0.006405637750821591,1014.8026824457488,-0.002966886033723304
31140,2022,11,1121.0899,-0.011582628044661702,1012.4653482236354,-0.002303240090458199
31140,2022,12,1114.71299,-0.005688327872806598,1013.2139910462246,7.394256246919435e-4
31140,2023,1,1117.8817,0.0028402199401633688,1013.7171567244881,4.966035632253951e-4
31140,2023,2,1125.0502,0.0064101918018082404,1024.547823657694,0.010684111303987128
31140,2023,3,1138.51117,0.011967592360770274,1037.8500371445405,0.012983496894617494
31140,2023,4,1147.61134,0.007986303538912276,1045.5362203608565,0.007405870733948309
31140,2023,5,1158.52428,0.009513524127436002,1049.9330176520766,0.004205303657201176
31140,2023,6,1162.81941,0.0037053606161985275,1055.567433946609,0.00536645309729622
31140,2023,7,1165.48384,0.002296400368199114,1055.4071879826656,-1.5181025748800536e-4
31140,2023,8,1170.2695,0.00409891533419704,1049.947700612827,-0.005172873021903465
31140,2023,9,1171.25291,8.472454893806436e-4,1040.5024447949663,-0.008995929809025305
31140,2023,10,1171.2278,-1.9239278911786784e-5,1037.4153926234492,-0.002966886033723304
31140,2023,11,1165.16517,-0.005185085424041835,1035.0259759007004,-0.002303240090458199
31140,2023,12,1160.80271,-0.0037422761161556295,1035.7913006295032,7.394256246919435e-4
31140,2024,1,1162.41715,0.0013977054335800876,1036.3056782801539,4.966035632253951e-4
31140,2024,2,1170.93452,0.007327711544053539,1047.3776834918528,0.010684111303987128
31140,2024,3,1191.50543,0.0175605719454226,1060.9763083929608,0.012983496894617494
31140,2024,4,1201.73582,0.008586207222626818,1068.8337617847008,0.007405870733948309
31140,2024,5,1215.89362,0.011785222062835832,1073.328532312074,0.004205303657201176
31140,2024,6,1220.55551,0.0038363171355499937,1079.0884995387166,0.00536645309729622
31140,2024,7,1228.13538,0.006203267792855183,1078.9246828357493,-1.5181025748800536e-4
31140,2024,8,1221.66356,-0.005265958422781325,1073.3435424512425,-0.005172873021903465
31140,2024,9,1213.115,-0.007000036890839945,1063.6878192823806,-0.008995929809025305
31140,2024,10,1207.61087,-0.0045324095143448595,1060.53197874711,-0.002966886033723304
31140,2024,11,1201.37047,-0.005168826564409645,1058.0893189764467,-0.002303240090458199
31140,2024,12,1197.01471,-0.0036294747109081316,1058.8716973321107,7.394256246919435e-4
31140,2025,1,1191.38162,-0.004706325301204961,1059.3975367900043,4.966035632253951e-4
31140,2025,2,1192.14227,6.430868167202064e-4,1070.7162579882386,0.010684111303987128
31140,2025,3,1200.99711,0.007428549826100195,1084.6178991988454,0.012983496894617494
31140,2025,4,1209.72086,0.007261196690245164,1092.6504391560386,0.007405870733948309
31140,2025,5,1219.59209,0.00815885552492368,1097.245366043864,0.004205303657201176
31140,2025,6,1221.05164,0.0012009903551235546,1103.133681836964,0.00536645309729622
31140,2025,7,1227.40509,0.0052042002694374645,1102.9662148286804,-1.5181025748800536e-4
31140,2025,8,1224.71889,-0.002193908461693872,1097.2607106519222,-0.005172873021903465
31140,2025,9,1218.49893,-0.005078243590097342,1087.3898303166961,-0.008995929809025305
31140,2025,10,1206.30492,-0.010004900736959699,1084.1636686159168,-0.002966886033723304
31140,2025,11,1196.32381,-0.008275346751973167,1081.6665793897423,-0.002303240090458199
31140,2025,12,1194.34806,-0.0016481601823334913,1082.4663913759161,7.394256246919435e-4
31140,2026,1,1194.51571,1.3207048790597753e-4,1083.003948042945,4.966035632253951e-4
31140,2026,2,1195.5858,8.96074251542256e-4,1094.5748827664934,0.010684111303987128
31140,2026,3,1199.31474,0.0031193162006541986,1108.7862923578184,0.012983496894617494
31140,2026,4,1207.98651,0.0072338506632596555,1116.997820310594,0.007405870733948309
31140,2026,5,1217.4054,0.007797489133881674,1121.695135329432,0.004205303657201176
31140,2026,6,1221.00503,0.0029523368810735473,1127.7146596626426,0.00536645309729622
31140,2026,7,1220.27825,-5.90574795375054e-4,1127.5434610097864,-1.5181025748800536e-4
31140,2026,8,1220.09306,-1.4773094501652206e-4,1121.710821859305,-0.005172873021903465
32820,2017,1,799.28407,NA,799.28407,NA
32820,2017,2,799.19597,-1.0086600671477264e-4,799.19597,-1.0086600671477264e-4
32820,2017,3,816.56834,0.021731611713165844,816.56834,0.021731611713165844
32820,2017,4,827.59067,0.013497884344146893,827.59067,0.013497884344146893
32820,2017,5,828.12067,6.401603184100768e-4,828.12067,6.401603184100768e-4
32820,2017,6,824.83906,-0.003963673282060376,824.83906,-0.003963673282060376
32820,2017,7,817.67794,-0.008684967466279447,817.67794,-0.008684967466279447
32820,2017,8,823.84024,0.007535635810468122,823.84024,0.007535635810468122
32820,2017,9,819.43185,-0.005340341949644278,819.43185,-0.005340341949644278
32820,2017,10,819.15269,-3.513752828571137e-4,819.15269,-3.513752828571137e-4
32820,2017,11,817.11218,-0.002488611439176558,817.11218,-0.002488611439176558
32820,2017,12,823.3015,0.007583125431660065,823.3015,0.007583125431660065
32820,2018,1,820.83367,-0.003007623977058116,820.83367,-0.003007623977058116
32820,2018,2,819.50289,-0.001613582152378279,819.50289,-0.001613582152378279
32820,2018,3,826.20028,0.008165272995573014,826.20028,0.008165272995573014
32820,2018,4,844.09876,0.021662763466042234,844.09876,0.021662763466042234
32820,2018,5,861.74569,0.020916905444126055,861.74569,0.020916905444126055
32820,2018,6,876.4672,0.01708030953049189,876.4672,0.01708030953049189
32820,2018,7,889.01189,0.014309930224307266,889.01189,0.014309930224307266
32820,2018,8,883.20668,-0.006529343179168312,883.20668,-0.006529343179168312
32820,2018,9,873.88028,-0.010562553790783191,873.88028,-0.010562553790783191
32820,2018,10,862.27922,-0.013271653750856705,862.27922,-0.013271653750856705
32820,2018,11,865.99254,0.004300845476766124,865.99254,0.004300845476766124
32820,2018,12,870.15431,0.0048144059794390515,870.15431,0.0048144059794390515
32820,2019,1,870.29146,1.5882890156571072e-4,870.29146,1.5882890156571072e-4
32820,2019,2,868.59018,-0.0019585787070733884,868.59018,-0.0019585787070733884
32820,2019,3,870.59463,0.0023071721229961373,870.59463,0.0023071721229961373
32820,2019,4,877.25466,0.0076464129327564745,877.25466,0.0076464129327564745
32820,2019,5,883.29699,0.0068925678425606485,883.29699,0.0068925678425606485
32820,2019,6,886.02504,0.003090202623412752,886.02504,0.003090202623412752
32820,2019,7,891.65905,0.0063563452964343625,891.65905,0.0063563452964343625
32820,2019,8,896.57323,0.005515370705244216,896.57323,0.005515370705244216
32820,2019,9,896.2312,-3.853713052525132e-4,896.2312,-3.853713052525132e-4
32820,2019,10,891.21335,-0.005602888828919128,891.21335,-0.005602888828919128
32820,2019,11,891.61769,4.523074139646255e-4,891.61769,4.523074139646255e-4
32820,2019,12,892.84684,0.0013821432262064448,892.84684,0.0013821432262064448
32820,2020,1,900.24406,0.008281413258000914,900.24406,0.008281413258000914
32820,2020,2,898.51417,-0.0019190174630588919,898.51417,-0.0019190174630588919
32820,2020,3,903.87428,0.005973210280074248,908.1594371315998,0.010734685610578332
32820,2020,4,897.93862,-0.00657483977013551,921.1179825281238,0.014269020247648534
32820,2020,5,900.04217,0.0023472070801000555,929.8531388981208,0.009483211201698927
32820,2020,6,901.31237,0.0014075856067974346,934.8764655636544,0.005402279623948089
32820,2020,7,914.78305,0.014950548186766666,938.6101465392494,0.003993769351487394
32820,2020,8,931.29488,0.018041496701415305,940.6505796659137,0.002173887778848009
32820,2020,9,941.99097,0.01148885123854515,935.5433903864897,-0.005429422348559994
32820,2020,10,949.05855,0.007507030199290998,929.5478302596564,-0.0064086392875443154
32820,2020,11,949.11162,4.8541332944962434e-5,930.2494967905983,7.548471505180638e-4
32820,2020,12,950.77157,0.0017474031647413124,934.5223419230288,0.004593224879101854
32820,2021,1,955.7809,0.005269405950188988,933.1912106002248,-0.0014243975377462026
32820,2021,2,964.73965,0.009374962343499549,932.0486651376232,-0.0012243422887221467
32820,2021,3,976.58223,0.012284366979048444,942.0539145316347,0.010734685610578332
32820,2021,4,987.85393,0.011533834941151566,955.4961009124632,0.014269020247648534
32820,2021,5,1008.19396,0.020589469757030354,964.557272239816,0.009483211201698927
32820,2021,6,1029.95663,0.021590623500651107,969.7680803377681,0.005402279623948089
32820,2021,7,1061.22413,0.0303596189113029,973.6411103750718,0.003993769351487394
32820,2021,8,1075.33147,0.013294553031700795,975.7576968859003,0.002173887778848009
32820,2021,9,1096.42938,0.01961057321566284,970.4598962396485,-0.005429422348559994
32820,2021,10,1093.37646,-0.002783642685322385,964.2405688216209,-0.0064086392875443154
32820,2021,11,1101.96601,0.007858090884193203,964.9684230674098,7.548471505180638e-4
32820,2021,12,1101.89035,-6.270903010030526e-5,969.4007400357906,0.004593224879101854
32820,2022,1,1111.82176,0.009009762317871095,968.0199280085944,-0.0014243975377462026
32820,2022,2,1121.64023,0.008825723046324674,966.8347402744076,-0.0012243422887221467
32820,2022,3,1129.23639,0.0067770156487452216,977.2134072486386,0.010734685610578332
32820,2022,4,1136.7817,0.006680401436031325,991.1572851429431,0.014269020247648534
32820,2022,5,1144.8312,0.007081851615452495,1000.5566390120562,0.009483211201698927
32820,2022,6,1151.7182,0.006015975533691487,1005.9619257555971,0.005402279623948089
32820,2022,7,1162.67778,0.009519999999999973,1009.979505663443,0.003993769351487394
32820,2022,8,1161.84438,-7.231159362864892e-4,1012.1750877676916,0.002173887778848009
32820,2022,9,1158.05525,-0.003261332883950141,1006.6795617255099,-0.005429422348559994
32820,2022,10,1136.15917,-0.018906016907011547,1000.2281155362679,-0.0064086392875443154
32820,2022,11,1125.34476,-0.009518596235136734,1000.9831348791485,7.548471505180638e-4
32820,2022,12,1118.7111,-0.005894995394534863,1005.5808755178367,0.004593224879101854
32820,2023,1,1122.27334,0.0031811724010131215,1004.1485285947446,-0.0014243975377462026
32820,2023,2,1122.49387,2.0524819638145786e-4,1002.9191070870279,-0.0012243422887221467
32820,2023,3,1123.98066,0.0013235792044159478,1013.685128394449,0.010734685610578332
32820,2023,4,1133.33808,0.00832035412738752,1028.1494220162494,0.014269020247648534
32820,2023,5,1140.33845,0.006178610625584335,1037.8995801321344,0.009483211201698927
32820,2023,6,1144.29776,0.0034743263442815753,1043.5066038855864,0.005402279623948089
32820,2023,7,1139.99066,-0.0037642417166552367,1047.6741285782593,0.003993769351487394
32820,2023,8,1134.70304,-0.004637206764866342,1049.9516545625909,0.002173887778848009
32820,2023,9,1126.51529,-0.0072165890198228055,1044.251023584401,-0.005429422348559994
32820,2023,10,1120.32863,-0.0054901239111765365,1037.5587954485998,-0.0064086392875443154
32820,2023,11,1115.6378,-0.004194294525828757,1038.341993748839,7.548471505180638e-4
32820,2023,12,1118.18849,0.0022918021617268636,1043.1113320275426,0.004593224879101854
32820,2024,1,1121.17027,0.002667655450153905,1041.6255268146074,-0.0014243975377462026
32820,2024,2,1124.5609,0.0030200928627193147,1040.3502206331157,-0.0012243422887221467
32820,2024,3,1125.67816,9.934249605703105e-4,1051.518053176508,0.010734685610578332
32820,2024,4,1128.91828,0.0028750038367488795,1066.5221855680516,0.014269020247648534
32820,2024,5,1135.32527,0.00568251377269946,1076.636240705091,0.009483211201698927
32820,2024,6,1137.64009,0.0020390151860980588,1082.4525307306562,0.005402279623948089
32820,2024,7,1137.02101,-5.466804349146814e-4,1086.7755964723283,0.003993769351487394
32820,2024,8,1139.40385,0.002096754588549965,1089.1381246598498,0.002173887778848009
32820,2024,9,1134.79204,-0.0040533300987557475,1083.2247337851527,-0.005429422348559994
32820,2024,10,1131.3219,-0.0030549071348827672,1076.2827371989774,-0.0064086392875443154
32820,2024,11,1111.87778,-0.017184334565148784,1077.095166156304,7.548471505180638e-4
32820,2024,12,1102.981,-0.008006960773143001,1082.0425064706535,0.004593224879101854
32820,2025,1,1098.87682,-0.003717316849051855,1080.5012477887,-0.0014243975377462026
32820,2025,2,1108.98858,0.009202196788663963,1079.1783444180153,-0.0012243422887221467
32820,2025,3,1128.40316,0.01750960639734145,1090.762984663087,0.010734685610578332
32820,2025,4,1134.66741,0.005552380174736582,1106.32710377663,0.014269020247648534
32820,2025,5,1132.35828,-0.0020401948842874162,1116.8186373599078,0.009483211201698927
32820,2025,6,1121.5803,-0.009520031733439183,1122.8520039281627,0.005402279623948089
32820,2025,7,1118.8036,-0.0024747645893020698,1127.3364158477073,0.003993769351487394
32820,2025,8,1116.04556,-0.0024603158263161173,1129.787118704769,0.002173887778848009
32820,2025,9,1110.96221,-0.004561262293221069,1123.653027273358,-0.005429422348559994
32820,2025,10,1103.14256,-0.0070391142534288464,1116.4519403372058,-0.0064086392875443154
32820,2025,11,1097.39367,-0.005209747134117149,1117.2946909030595,7.548471505180638e-4
32820,2025,12,1093.94158,-0.0031485154749535393,1122.4266766746039,0.004593224879101854
32820,2026,1,1093.27956,-6.001073876377161e-4,1120.8278948800478,-0.0014243975377462026
32820,2026,2,1092.17647,-0.0010113140762277872,1119.4556178899668,-0.0012243422887221467
32820,2026,3,1093.00433,7.592534008225016e-4,1131.4726220030113,0.010734685610578332
32820,2026,4,1096.05642,0.0027923542180354755,1147.6176277560323,0.014269020247648534
32820,2026,5,1100.5735,0.004119074889404883,1158.5007280988355,0.009483211201698927
32820,2026,6,1103.04186,0.0022499188982723073,1164.759272976573,0.005402279623948089
32820,2026,7,1103.2573,1.879424478459235e-4,1169.4110528628476,0.003993769351487394
32820,2026,8,1102.87125,-3.4449640888589705e-4,1171.953221259116,0.002173887778848009
33100,2017,1,1264.06464,NA,1264.06464,NA
33100,2017,2,1264.09779,2.9218407596731666e-5,1264.09779,2.9218407596731666e-5
33100,2017,3,1258.1541,-0.004704026178928289,1258.1541,-0.004704026178928289
33100,2017,4,1257.20761,-7.632467341845972e-4,1257.20761,-7.632467341845972e-4
33100,2017,5,1258.14694,7.491406915596244e-4,1258.14694,7.491406915596244e-4
33100,2017,6,1258.43703,2.348485960457225e-4,1258.43703,2.348485960457225e-4
33100,2017,7,1258.87205,3.5219018269860847e-4,1258.87205,3.5219018269860847e-4
33100,2017,8,1259.82322,7.481406504423749e-4,1259.82322,7.481406504423749e-4
33100,2017,9,1269.8785,0.00798885957197304,1269.8785,0.00798885957197304
33100,2017,10,1273.65639,0.0029666254635352107,1273.65639,0.0029666254635352107
33100,2017,11,1273.02203,-4.929751047572095e-4,1273.02203,-4.929751047572095e-4
33100,2017,12,1263.14326,-0.007760934213389414,1263.14326,-0.007760934213389414
33100,2018,1,1262.29078,-6.725146198830467e-4,1262.29078,-6.725146198830467e-4
33100,2018,2,1269.05624,0.005354478157825415,1269.05624,0.005354478157825415
33100,2018,3,1277.88581,0.0069557625145517665,1277.88581,0.0069557625145517665
33100,2018,4,1286.88964,0.007052226942975137,1286.88964,0.007052226942975137
33100,2018,5,1292.29807,0.004204574806991435,1292.29807,0.004204574806991435
33100,2018,6,1294.50596,0.0017005101530458422,1294.50596,0.0017005101530458422
33100,2018,7,1292.45274,-0.0015834973893692483,1292.45274,-0.0015834973893692483
33100,2018,8,1293.19183,5.715347135895055e-4,1293.19183,5.715347135895055e-4
33100,2018,9,1294.54207,0.0010424550530510057,1294.54207,0.0010424550530510057
33100,2018,10,1298.28469,0.0028958630527817775,1298.28469,0.0028958630527817775
33100,2018,11,1301.6505,0.0025887942193076885,1301.6505,0.0025887942193076885
33100,2018,12,1305.53389,0.002979357310066044,1305.53389,0.002979357310066044
33100,2019,1,1308.41767,0.002220807695028082,1308.41767,0.002220807695028082
33100,2019,2,1312.66463,0.003246203353469257,1312.66463,0.003246203353469257
33100,2019,3,1315.72172,0.002321262766945331,1315.72172,0.002321262766945331
33100,2019,4,1320.63373,0.0037334905329347023,1320.63373,0.0037334905329347023
33100,2019,5,1323.75628,0.0023632066896928094,1323.75628,0.0023632066896928094
33100,2019,6,1328.36166,0.0034876259032949886,1328.36166,0.0034876259032949886
33100,2019,7,1329.21647,6.394928543624889e-4,1329.21647,6.394928543624889e-4
33100,2019,8,1328.15699,-8.058017727639033e-4,1328.15699,-8.058017727639033e-4
33100,2019,9,1326.10052,-0.0015433815350388569,1326.10052,-0.0015433815350388569
33100,2019,10,1328.21807,0.0016014705677560581,1328.21807,0.0016014705677560581
33100,2019,11,1330.90614,0.0020160169067349187,1330.90614,0.0020160169067349187
33100,2019,12,1335.07992,0.003135883667041206,1335.07992,0.003135883667041206
33100,2020,1,1343.1014,0.006017013624731948,1343.1014,0.006017013624731948
33100,2020,2,1348.5973,0.004083596865117611,1348.5973,0.004083596865117611
33100,2020,3,1350.36994,0.0013145822777878013,1350.6530114142088,0.001524333034189603
33100,2020,4,1332.20426,-0.013443102717339284,1355.1653048439161,0.0033408235805750808
33100,2020,5,1311.31562,-0.015691710562794614,1358.4705178731663,0.002438974062747956
33100,2020,6,1295.25154,-0.01223805768364139,1360.926172796215,0.0018076615507955178
33100,2020,7,1293.71255,-0.0011976218651533754,1360.6577009157177,-1.9727145076938365e-4
33100,2020,8,1296.6227,0.0022553707801014067,1360.8907696021363,1.712911970893257e-4
33100,2020,9,1299.74323,0.0024069616737640853,1364.287522610656,0.002495977696661729
33100,2020,10,1305.94634,0.004773947884402219,1367.6818513598816,0.0024879863613576822
33100,2020,11,1317.78563,0.009064170366808844,1369.5564125272415,0.0013706120070951326
33100,2020,12,1328.376,0.008029821045698604,1368.8051226189739,-5.485644120940547e-4
33100,2021,1,1346.40074,0.013568370127342577,1369.864778365261,7.741465375725176e-4
33100,2021,2,1358.11867,0.00870960662753073,1373.8053770118295,0.0028766333062971348
33100,2021,3,1375.74605,0.012972002773887326,1375.8995139305562,0.001524333034189603
33100,2021,4,1395.19127,0.014134797374390828,1380.496151471197,0.0033408235805750808
33100,2021,5,1429.99568,0.02495036399735273,1383.8631457783588,0.002438974062747956
33100,2021,6,1479.21071,0.034415961774391546,1386.3647019785453,0.0018076615507955178
33100,2021,7,1538.64287,0.04017478152309617,1386.0912118024905,-1.9727145076938365e-4
33100,2021,8,1599.9356,0.039835329700664834,1386.328637025435,1.712911970893257e-4
33100,2021,9,1654.39002,0.034038574742892846,1389.788882383694,0.002495977696661729
33100,2021,10,1693.85759,0.02385417364320319,1393.246658168231,0.0024879863613576822
33100,2021,11,1725.18708,0.018501357347666447,1395.1562587667615,0.0013706120070951326
33100,2021,12,1742.22018,0.009869406979233553,1394.3909256938919,-5.485644120940547e-4
33100,2022,1,1756.7393,0.008331390048970766,1395.4703886010402,7.741465375725176e-4
33100,2022,2,1772.31567,0.008872256328315453,1399.4846451988412,0.0028766333062971348
33100,2022,3,1789.4208,0.009648647522193965,1401.617925874359,0.001524333034189603
33100,2022,4,1812.5173,0.012910483188507627,1406.3004840920764,0.0033408235805750808
33100,2022,5,1829.42442,0.009322560596643825,1409.730414497207,0.002438974062747956
33100,2022,6,1846.70327,0.009448437373819063,1412.2787299644808,0.0018076615507955178
33100,2022,7,1848.99168,0.0012399999999999078,1412.00012769053,-1.9727145076938365e-4
33100,2022,8,1846.02677,-0.0016080060724700251,1412.241990882692,1.712911970893257e-4
33100,2022,9,1839.75347,-0.00339125476426283,1415.7669153942247,0.002495977696661729
33100,2022,10,1829.81855,-0.005400305147354123,1419.289324170587,0.0024879863613576822
33100,2022,11,1823.20902,-0.0036130230304987077,1421.2346191598372,0.0013706120070951326
33100,2022,12,1817.14775,-0.0033222591362126463,1420.4549804265298,-5.485644120940547e-4
33100,2023,1,1822.94038,0.003180894308943083,1421.5546207314048,7.741465375725176e-4
33100,2023,2,1829.64559,0.00367732720107794,1425.6439121001213,0.0028766333062971348
33100,2023,3,1836.97859,0.004007024910170021,1427.8170682103269,0.001524333034189603
33100,2023,4,1837.21953,1.3068872960508848e-4,1432.5871531405514,0.0033408235805750808
33100,2023,5,1835.23306,-0.0010755282150252121,1436.081196049687,0.002438974062747956
33100,2023,6,1829.94552,-0.0028778715825275025,1438.6771448116065,0.0018076615507955178
33100,2023,7,1825.7889500000001,-0.002280685820390871,1438.3933348840606,-1.9727145076938365e-4
33100,2023,8,1818.77459,-0.0038334327935509727,1438.639719000278,1.712911970893257e-4
33100,2023,9,1812.28552,-0.0035740394768905004,1442.2305316524344,0.002495977696661729
33100,2023,10,1803.5231,-0.00483003179261432,1445.8187815451192,0.0024879863613576822
33100,2023,11,1797.38312,-0.003409719235731412,1447.8004381271887,0.0013706120070951326
33100,2023,12,1795.12161,-0.0012534804631713081,1447.006226331018,-5.485644120940547e-4
33100,2024,1,1799.05735,0.002191200222206202,1448.1264211909781,7.741465375725176e-4
33100,2024,2,1809.03353,0.0055430096489428315,1452.2921498859048,0.0028766333062971348
33100,2024,3,1819.69848,0.005900367496937564,1454.50592678527,0.001524333034189603
33100,2024,4,1826.94969,0.003978160709573908,1459.3651744835604,0.0033408235805750808
33100,2024,5,1829.78217,0.0015566562215709734,1462.9245282922036,0.002438974062747956
33100,2024,6,1824.90951,-0.00266440595858064,1465.5690007137132,0.0018076615507955178
33100,2024,7,1817.92922,-0.0038251366120218844,1465.2798857907396,-1.9727145076938365e-4
33100,2024,8,1810.18177,-0.004266471627963675,1465.5308753364475,1.712911970893257e-4
33100,2024,9,1804.14763,-0.003325784007671695,1469.1888077150563,0.002495977696661729
33100,2024,10,1800.86088,-0.0018219783819194424,1472.8441294309107,0.0024879863613576822
33100,2024,11,1793.91251,-0.003865952952275542,1474.8628272792882,0.0013706120070951326
33100,2024,12,1791.35414,-0.0014206153941178634,1474.0537700195223,-5.485644120940547e-4
33100,2025,1,1794.71808,0.0018762306320423416,1475.1949036417786,7.741465375725176e-4
33100,2025,2,1806.74738,0.006698564593301537,1479.4384984348742,0.0028766333062971348
33100,2025,3,1818.79626,0.006674434768388027,1481.6936554100905,0.001524333034189603
33100,2025,4,1823.57133,0.0026195818822405403,1486.6437325132729,0.0033408235805750808
33100,2025,5,1821.32751,-0.001225353681630792,1490.2696180174194,0.002438974062747956
33100,2025,6,1821.66418,1.8250765518224021e-4,1492.9635211062282,0.0018076615507955178
33100,2025,7,1819.62403,-0.0011151210413202772,1492.6690020264737,-1.9727145076938365e-4
33100,2025,8,1819.70651,4.0595124525477644e-5,1492.9246830866887,1.712911970893257e-4
33100,2025,9,1809.23572,-0.00575412531206243,1496.650989798469,0.002495977696661729
33100,2025,10,1798.90796,-0.005705770074818095,1500.3746370488,0.0024879863613576822
33100,2025,11,1789.03366,-0.00549213649242386,1502.4310685414798,0.0013706120070951326
33100,2025,12,1789.16817,7.225657276754838e-5,1501.6068883256537,-5.485644120940547e-4
33100,2026,1,1792.35194,0.00178564055984487,1502.7693520990463,7.741465375725176e-4
33100,2026,2,1797.30272,0.002761263999505381,1507.092268468977,0.0028766333062971348
33100,2026,3,1799.77799,0.0013768302080656714,1509.389578999376,0.001524333034189603
33100,2026,4,1801.85986,0.0011594619275798745,1514.4321832971714,0.0033408235805750808
33100,2026,5,1804.09439,0.0012401098675849376,1518.1258441120237,0.002438974062747956
33100,2026,6,1805.99758,0.0010543232370794353,1520.8701018296942,0.0018076615507955178
33100,2026,7,1809.8756,0.0021473270890424168,1520.5700775782745,-1.9727145076938365e-4
33100,2026,8,1811.94531,0.0011427871762952346,1520.8305378471211,1.712911970893257e-4
33340,2017,1,922.47557,NA,922.47557,NA
33340,2017,2,926.96725,0.0048740044720247955,926.96725,0.0048740044720247955
33340,2017,3,943.09353,0.01740130509788229,943.09353,0.01740130509788229
33340,2017,4,939.85468,-0.003440395153957665,939.85468,-0.003440395153957665
33340,2017,5,951.26926,0.012144600892659119,951.26926,0.012144600892659119
33340,2017,6,956.83648,0.005859351207806007,956.83648,0.005859351207806007
33340,2017,7,958.22366,0.001441166497117674,958.22366,0.001441166497117674
33340,2017,8,952.32254,-0.006155446179148871,952.32254,-0.006155446179148871
33340,2017,9,968.33859,0.016816334477136152,968.33859,0.016816334477136152
33340,2017,10,950.49352,-0.018428988559666903,950.49352,-0.018428988559666903
33340,2017,11,944.62044,-0.006181117721642426,944.62044,-0.006181117721642426
33340,2017,12,913.10372,-0.033355005704331586,913.10372,-0.033355005704331586
33340,2018,1,916.82435,0.004073707454503861,916.82435,0.004073707454503861
33340,2018,2,910.24363,-0.007179059391549281,910.24363,-0.007179059391549281
33340,2018,3,923.13781,0.014156407938791249,923.13781,0.014156407938791249
33340,2018,4,937.86511,0.015954709212557816,937.86511,0.015954709212557816
33340,2018,5,952.19422,0.015284058615662177,952.19422,0.015284058615662177
33340,2018,6,953.27261,0.0011317861532658124,953.27261,0.0011317861532658124
33340,2018,7,946.98559,-0.006600700184770991,946.98559,-0.006600700184770991
33340,2018,8,944.02292,-0.003120372976346264,944.02292,-0.003120372976346264
33340,2018,9,939.65444,-0.004627697444332668,939.65444,-0.004627697444332668
33340,2018,10,936.56152,-0.0032926784150747457,936.56152,-0.0032926784150747457
33340,2018,11,930.01562,-0.006990670856944936,930.01562,-0.006990670856944936
33340,2018,12,931.09657,0.001158777427514135,931.09657,0.001158777427514135
33340,2019,1,936.53743,0.005849408836340997,936.53743,0.005849408836340997
33340,2019,2,943.54363,0.00747339767384303,943.54363,0.00747339767384303
33340,2019,3,953.6547,0.010721654549027404,953.6547,0.010721654549027404
33340,2019,4,964.23529,0.011093964543057444,964.23529,0.011093964543057444
33340,2019,5,979.03856,0.01534671313544056,979.03856,0.01534671313544056
33340,2019,6,982.2241,0.003254938629611681,982.2241,0.003254938629611681
33340,2019,7,981.63077,-6.016847172082285e-4,981.63077,-6.016847172082285e-4
33340,2019,8,975.88346,-0.005855201803779964,975.88346,-0.005855201803779964
33340,2019,9,972.62173,-0.003336697737932659,972.62173,-0.003336697737932659
33340,2019,10,967.65495,-0.005111158767603152,967.65495,-0.005111158767603152
33340,2019,11,963.47121,-0.004323094425483509,963.47121,-0.004323094425483509
33340,2019,12,964.02992,5.773116520735311e-4,964.02992,5.773116520735311e-4
33340,2020,1,964.55297,5.409173959034508e-4,964.55297,5.409173959034508e-4
33340,2020,2,972.89885,0.008662013287360049,972.89885,0.008662013287360049
33340,2020,3,976.17028,0.0033588222682769953,986.6100327009519,0.014093122528566981
33340,2020,4,986.39988,0.010481956315289587,994.3740875420168,0.007869426200552532
33340,2020,5,983.6624,-0.002772458677443246,1008.5523282559869,0.014258457547920619
33340,2020,6,990.50399,0.006950416435967943,1011.9968961879508,0.003415358663561167
33340,2020,7,990.84531,3.3927255285037816e-4,1010.0534511399572,-0.0019204061349538484
33340,2020,8,994.98264,0.004175145603817265,1004.9590711602283,-0.0050436736530917
33340,2020,9,987.63484,-0.007383855677067008,1007.924350057475,0.0029506464316236087
33340,2020,10,983.08142,-0.0046111065482405955,998.9091972419556,-0.008944275247448267
33340,2020,11,975.98412,-0.007213918619453974,993.0839307294762,-0.005831627668023624
33340,2020,12,976.21649,2.3746200607899226e-4,982.6171847271067,-0.010539638874914641
33340,2021,1,978.79319,0.0026352025070035534,987.4924970238217,0.004961558145422429
33340,2021,2,991.18473,0.012667819004096303,989.1937302544673,0.0017227809181061815
33340,2021,3,1001.38351,0.010288065843621519,1003.1345586994337,0.014093122528566981
33340,2021,4,1015.92003,0.014511201629327841,1011.0286520783427,0.007869426200552532
33340,2021,5,1030.08035,0.013938633512033727,1025.4443611937331,0.014258457547920619
33340,2021,6,1048.43681,0.017819376321828617,1028.946621476736,0.003415358663561167
33340,2021,7,1061.72219,0.012677395110305412,1026.9706260723124,-0.0019204061349538484
33340,2021,8,1075.9285,0.0133809196380823,1021.7909213830923,-0.0050436736530917
33340,2021,9,1079.03529,0.0028864069618412813,1024.8058651191366,0.0029506464316236087
33340,2021,10,1076.88857,-0.0019867478548493134,1015.6397193863119,-0.008944275247448267
33340,2021,11,1076.8403,-5.380278052768972e-5,1009.7168866979949,-0.005831627668023624
33340,2021,12,1082.46506,0.005229911651080998,999.074835346295,-0.010539638874914641
33340,2022,1,1091.04041,0.007921809598235852,1004.031803233494,0.004961558145422429
33340,2022,2,1094.02878,0.0027402207045978955,1005.7615300652765,0.0017227809181061815
33340,2022,3,1106.24253,0.011163953352893108,1019.9358505430055,0.014093122528566981
33340,2022,4,1123.1159,0.015251662913109643,1027.9621604481515,0.007869426200552532
33340,2022,5,1145.0702900000001,0.01954168859173966,1042.61931527377,0.014258457547920619
33340,2022,6,1158.79696,0.011992106461569563,1046.1802341849866,0.003415358663561167
33340,2022,7,1165.97349,0.006189999999999918,1044.1711432449904,-0.0019204061349538484
33340,2022,8,1166.02285,4.9692404019197056e-5,1038.9046847604868,-0.0050436736530917
33340,2022,9,1157.69757,-0.007145412625218617,1041.9701251613724,0.0029506464316236087
33340,2022,10,1151.44282,-0.00540513487813421,1032.650457562311,-0.008944275247448267
33340,2022,11,1143.73825,-0.006692497358224747,1026.6284245825934,-0.005831627668023624
33340,2022,12,1150.27849,0.00572441742654517,1015.8081317287704,-0.010539638874914641
33340,2023,1,1158.62215,0.007253311842039034,1020.8481228389356,0.004961558145422429
33340,2023,2,1159.60203,8.401260189028203e-4,1022.6068205052472,0.0017227809181061815
33340,2023,3,1160.02908,3.697448760355826e-4,1037.018543725176,0.014093122528566981
33340,2023,4,1163.0056,0.0025672786845942763,1045.1792846236258,0.007869426200552532
33340,2023,5,1177.76691,0.012693921066528446,1060.0819290833979,0.014258457547920619
33340,2023,6,1194.87943,0.01453210936961935,1063.7024890839775,0.003415358663561167
33340,2023,7,1201.35959,0.005421184320266947,1061.659748298175,-0.0019204061349538484
33340,2023,8,1205.95444,0.003829348046260783,1056.3050829971355,-0.0050436736530917
33340,2023,9,1199.25695,-0.00555395406937631,1059.421865820987,0.0029506464316236087
33340,2023,10,1191.41398,-0.006541568430410205,1049.946105049919,-0.008944275247448267
33340,2023,11,1188.55726,-0.0024023731945727045,1043.8232102937761,-0.005831627668023624
33340,2023,12,1189.88342,0.0011212073941189171,1032.8216906080258,-0.010539638874914641
33340,2024,1,1195.50253,0.004723274543984912,1037.9460954798312,0.004961558145422429
33340,2024,2,1198.05901,0.002132444168734482,1039.7342492071468,0.0017227809181061815
33340,2024,3,1197.00096,-8.801795179324001e-4,1054.3873513783706,0.014093122528566981
33340,2024,4,1210.83056,0.011549222145851301,1062.6847748268387,0.007869426200552532
33340,2024,5,1225.3471,0.011991578141449022,1077.8370205755286,0.014258457547920619
33340,2024,6,1245.1435,0.016152369423980684,1081.5182205816582,0.003415358663561167
33340,2024,7,1245.27091,1.0237224409248569e-4,1079.441266355789,-0.0019204061349538484
33340,2024,8,1242.95128,-0.0018611230016192248,1073.9969168806103,-0.0050436736530917
33340,2024,9,1228.48059,-0.011644384777460659,1077.165902050979,0.0029506464316236087
33340,2024,10,1220.0813,-0.006829351117315752,1067.531433735869,-0.008944275247448267
33340,2024,11,1203.00928,-0.013999563107257362,1061.30598789041,-0.005831627668023624
33340,2024,12,1200.27609,-0.0022732745749649563,1050.1202060422606,-0.010539638874914641
33340,2025,1,1202.12423,0.0015447146622384889,1055.3304385042225,0.004961558145422429
33340,2025,2,1216.96571,0.012348297168856437,1057.1485416459743,0.0017227809181061815
33340,2025,3,1222.55913,0.00458960198057512,1072.047065574287,0.014093122528566981
33340,2025,4,1232.60538,0.008217853689977295,1080.4834608403428,0.007869426200552532
33340,2025,5,1232.3811,-1.7862347112418409e-4,1095.889488397965,0.014258457547920619
33340,2025,6,1239.07076,0.005425481899388851,1099.6323440564706,0.003415358663561167
33340,2025,7,1239.36781,2.4315654605500114e-4,1097.520603356751,-0.0019204061349538484
33340,2025,8,1242.19835,0.00228137593148392,1091.9850676058754,-0.0050436736530917
33340,2025,9,1242.09335,-8.3957573439708e-5,1095.207129448993,0.0029506464316236087
33340,2025,10,1235.44003,-0.00535507706086491,1085.4112954302336,-0.008944275247448267
33340,2025,11,1230.48442,-0.004014482150561882,1079.0815808886173,-0.005831627668023624
33340,2025,12,1224.06836,-0.005207842841805865,1067.7084507094794,-0.010539638874914641
33340,2026,1,1220.78925,-0.002679087027728011,1073.0059482700335,0.004961558145422429
33340,2026,2,1231.57263,0.008827717133364832,1074.8545024427276,0.0017227809181061815
33340,2026,3,1240.19642,0.007000376364320715,1090.002558646035,0.014093122528566981
33340,2026,4,1261.11743,0.01687471968904175,1098.5802533397134,0.007869426200552532
33340,2026,5,1272.83291,0.00928971790866484,1114.2443132449416,0.014258457547920619
33340,2026,6,1285.40317,0.009877914439962998,1118.0498572135066,0.003415358663561167
33340,2026,7,1288.26243,0.0022176946793359686,1115.9027474085296,-0.0019204061349538484
33340,2026,8,1282.82694,-0.004218688158889039,1110.2744981220126,-0.0050436736530917
33460,2017,1,1210.64324,NA,1210.64324,NA
33460,2017,2,1212.74131,0.0017308886023970071,1212.74131,0.0017308886023970071
33460,2017,3,1227.21576,0.011940369650964788,1227.21576,0.011940369650964788
33460,2017,4,1245.14437,0.014602150284388715,1245.14437,0.014602150284388715
33460,2017,5,1266.30435,0.017003447115217174,1266.30435,0.017003447115217174
33460,2017,6,1275.24012,0.007052862229526058,1275.24012,0.007052862229526058
33460,2017,7,1282.91323,0.006017542666757469,1282.91323,0.006017542666757469
33460,2017,8,1282.25027,-5.181755714012137e-4,1282.25027,-5.181755714012137e-4
33460,2017,9,1277.71104,-0.0035389453041352326,1277.71104,-0.0035389453041352326
33460,2017,10,1270.56467,-0.005598724169522562,1270.56467,-0.005598724169522562
33460,2017,11,1265.64276,-0.003867239928114774,1265.64276,-0.003867239928114774
33460,2017,12,1268.92364,0.0025919751535774527,1268.92364,0.0025919751535774527
33460,2018,1,1272.56256,0.0028699960138944824,1272.56256,0.0028699960138944824
33460,2018,2,1279.6424,0.005564577489580724,1279.6424,0.005564577489580724
33460,2018,3,1289.91766,0.008029633979694362,1289.91766,0.008029633979694362
33460,2018,4,1303.52095,0.010542472383427759,1303.52095,0.010542472383427759
33460,2018,5,1313.52882,0.007671925409372671,1313.52882,0.007671925409372671
33460,2018,6,1324.38347,0.00826264426620904,1324.38347,0.00826264426620904
33460,2018,7,1327.27199,0.002182405447284097,1327.27199,0.002182405447284097
33460,2018,8,1328.39996,8.492846410139698e-4,1328.39996,8.492846410139698e-4
33460,2018,9,1318.87387,-0.007169277632724125,1318.87387,-0.007169277632724125
33460,2018,10,1311.1094,-0.005884222175956855,1311.1094,-0.005884222175956855
33460,2018,11,1308.11783,-0.00228164543009568,1308.11783,-0.00228164543009568
33460,2018,12,1309.05981,7.180971530209579e-4,1309.05981,7.180971530209579e-4
33460,2019,1,1312.82769,0.002881367159038195,1312.82769,0.002881367159038195
33460,2019,2,1315.54699,0.0020695045297931536,1315.54699,0.0020695045297931536
33460,2019,3,1325.91585,0.007887422965803026,1325.91585,0.007887422965803026
33460,2019,4,1341.70233,0.011902037079423167,1341.70233,0.011902037079423167
33460,2019,5,1360.6686,0.0141316875087516,1360.6686,0.0141316875087516
33460,2019,6,1374.25163,0.009983749853961221,1374.25163,0.009983749853961221
33460,2019,7,1379.22831,0.0036280272995907747,1379.22831,0.0036280272995907747
33460,2019,8,1375.97754,-0.0023575514994027547,1375.97754,-0.0023575514994027547
33460,2019,9,1367.10458,-0.006448699232247779,1367.10458,-0.006448699232247779
33460,2019,10,1357.43907,-0.007071956363175036,1357.43907,-0.007071956363175036
33460,2019,11,1352.49504,-0.0036410092622165546,1352.49504,-0.0036410092622165546
33460,2019,12,1347.39465,-0.003771851092020384,1347.39465,-0.003771851092020384
33460,2020,1,1351.75401,0.003228401351423882,1351.75401,0.003228401351423882
33460,2020,2,1361.19191,0.006991960314745027,1361.19191,0.006991960314745027
33460,2020,3,1371.37624,0.007474254167109118,1373.8316779055078,0.009285808865487391
33460,2020,4,1369.48904,-0.001369949628005962,1390.7969694792894,0.012348886582413213
33460,2020,5,1361.14887,-0.00608881009666129,1408.7878833088803,0.012935686677780481
33460,2020,6,1354.41786,-0.0049476042341299875,1420.6683119096062,0.008433085449898773
33460,2020,7,1352.96293,-0.0010776666915631727,1426.2695218643373,0.00394265847121078
33460,2020,8,1348.16139,-0.0035462508011108174,1425.30610417253,-6.754808099299996e-4
33460,2020,9,1342.49838,-0.004202040991338696,1417.1548155403832,-0.005718974056369046
33460,2020,10,1325.78183,-0.012454788150189411,1408.3897589652324,-0.0061849675695514845
33460,2020,11,1308.52299,-0.013015184381778844,1403.793763190313,-0.003263298206809003
33460,2020,12,1291.00657,-0.013385609365508921,1403.5776824639966,-1.539262618073245e-4
33460,2021,1,1289.78486,-9.514960876718659e-4,1407.6139249606335,0.0028756815864663388
33460,2021,2,1298.62518,0.006857296522050804,1412.0080126453174,0.0031216568739236283
33460,2021,3,1313.3512,0.011339862007567314,1425.1196491672786,0.009285808865487391
33460,2021,4,1333.28304,0.015174022601481152,1442.718290081214,0.012348886582413213
33460,2021,5,1351.35978,0.013559799692167696,1461.380841846008,0.012935686677780481
33460,2021,6,1368.12975,0.012415917184442238,1473.7047913601405,0.008433085449898773
33460,2021,7,1378.13998,0.007309601774585506,1479.5151060398605,0.00394265847121078
33460,2021,8,1383.04209,0.0035548751074852003,1478.515721977729,-6.754808099299996e-4
33460,2021,9,1385.47123,0.0017659167615802218,1470.060128921805,-0.005718974056369046
33460,2021,10,1383.94213,-0.0011056639198914198,1460.9678546991329,-0.0061849675695514845
33460,2021,11,1381.12738,-0.002036255795497266,1456.2002809186877,-0.003263298206809003
33460,2021,12,1376.69372,-0.003212338729085773,1455.9761334530028,-1.539262618073245e-4
33460,2022,1,1376.93314,1.7845520774284473e-4,1460.1630572103084,0.0028756815864663388
33460,2022,2,1386.1567,0.006696124014735627,1464.7211852548983,0.0031216568739236283
33460,2022,3,1402.25701,0.011614208117434854,1478.3223062224056,0.009285808865487391
33460,2022,4,1420.90371,0.013294720244045655,1496.5779407141977,0.012348886582413213
33460,2022,5,1434.85203,0.009824961096815521,1515.9372040441544,0.012935686677780481
33460,2022,6,1445.1631,0.007181201970046347,1528.7212320225394,0.008433085449898773
33460,2022,7,1444.49028,-4.6999999999997044e-4,1534.7484577380928,0.00394265847121078
33460,2022,8,1442.33801,-0.0014806959270857734,1533.7117646068211,-6.754808099299996e-4
33460,2022,9,1436.20989,-0.004258303692199816,1524.9405068150868,-0.005718974056369046
33460,2022,10,1429.48531,-0.004679009861139116,1515.5087992349402,-0.0061849675695514845
33460,2022,11,1419.75599,-0.006803821462872173,1510.5632420879936,-0.003263298206809003
33460,2022,12,1416.00027,-0.0026465259257750784,1510.3307267349153,-1.539262618073245e-4
33460,2023,1,1417.65814,0.0011736849625441081,1514.673956995261,0.0028756815864663388
33460,2023,2,1425.75018,0.005708635330336165,1519.4022493648686,0.0031216568739236283
33460,2023,3,1432.16348,0.004490304793375088,1533.5111282422627,0.009285808865487391
33460,2023,4,1438.18544,0.00420787083753793,1552.4482832377948,0.012348886582413213
33460,2023,5,1443.39842,0.0036275209260729913,1572.5302678132173,0.012935686677780481
33460,2023,6,1446.8379,0.00238290714671896,1585.7915499342384,0.008433085449898773
33460,2023,7,1448.95483,0.001458308362299654,1592.0437844221613,0.00394265847121078
33460,2023,8,1445.27618,-0.002533362590014132,1590.9683893972158,-6.754808099299996e-4
33460,2023,9,1436.28006,-0.006229501639868906,1581.8696824537499,-0.005718974056369046
33460,2023,10,1428.79708,-0.005201992252351961,1572.0858697685167,-0.0061849675695514845
33460,2023,11,1422.34492,-0.004521179754824578,1566.955684768751,-0.003263298206809003
33460,2023,12,1422.05587,-2.0320866481748912e-4,1566.714489137777,-1.539262618073245e-4
33460,2024,1,1431.07593,0.0063413989695226824,1571.2198611454405,0.0028756815864663388
33460,2024,2,1444.86396,0.009633930825549086,1576.1246704254306,0.0031216568739236283
33460,2024,3,1461.1096,0.01124236089578834,1590.7602628631805,0.009285808865487391
33460,2024,4,1467.81973,0.004599270051333537,1610.4043809290877,0.012348886582413213
33460,2024,5,1473.43092,0.003820100819155847,1631.2360674253116,0.012935686677780481
33460,2024,6,1472.99308,-2.942445760916179e-4,1644.9924205708662,0.008433085449898773
33460,2024,7,1469.83962,-0.002138806585169739,1651.4780638729073,0.00394265847121078
33460,2024,8,1467.48366,-0.0016026271286427862,1650.362522132741,-6.754808099299996e-4
33460,2024,9,1461.2096,-0.004283815057363638,1640.92414168506,-0.005718974056369046
33460,2024,10,1457.44564,-0.002571456829196128,1630.775079084644,-0.0061849675695514845
33460,2024,11,1447.48324,-0.006831928606841897,1625.453373693358,-0.003263298206809003
33460,2024,12,1444.05183,-0.002376174359281502,1625.2031737318032,-1.539262618073245e-4
33460,2025,1,1447.60239,0.002461895659658042,1629.8767405727706,0.0028756815864663388
33460,2025,2,1462.23307,0.01010292605496721,1634.9646565036278,0.0031216568739236283
33460,2025,3,1479.17243,0.01158320237989341,1650.1466258057478,0.009285808865487391
33460,2025,4,1490.41184,0.007601145056813197,1670.5240993321752,0.012348886582413213
33460,2025,5,1498.02205,0.005110005720879274,1692.1334756688175,0.012935686677780481
33460,2025,6,1504.30885,0.004196492311254074,1706.403381861767,0.008433085449898773
33460,2025,7,1509.53887,0.0034776594007284167,1713.131147610567,0.00394265847121078
33460,2025,8,1510.42071,5.839835335790244e-4,1711.9739603954629,-6.754808099299996e-4
33460,2025,9,1508.42939,-0.0013203720004594244,1702.183225730782,-0.005718974056369046
33460,2025,10,1503.34871,-0.003372358159765443,1691.6552776822027,-0.0061849675695514845
33460,2025,11,1495.18145,-0.005431334474073735,1686.1349020480034,-0.003263298206809003
33460,2025,12,1491.03404,-0.0027739921323010064,1685.8753616056283,-1.539262618073245e-4
33460,2026,1,1491.74854,4.8461821776801806e-4,1690.723402340075,0.0028756815864663388
33460,2026,2,1501.65446,0.006636053630938665,1696.0012606708933,0.0031216568739236283
33460,2026,3,1510.76443,0.006062997430444028,1711.750004213109,0.009285808865487391
33460,2026,4,1522.30746,0.007643080572800498,1732.888210872582,0.012348886582413213
33460,2026,5,1528.40994,0.004006151626193777,1755.3043098160495,0.012935686677780481
33460,2026,6,1535.78568,0.004831694402420483,1770.106941051304,0.008433085449898773
33460,2026,7,1538.95934,0.0020607691656235883,1777.0858681773889,0.00394265847121078
33460,2026,8,1542.00489,0.0019814067048549155,1775.885480775837,-6.754808099299996e-4
34980,2017,1,1117.05957,NA,1117.05957,NA
34980,2017,2,1121.67032,0.004129083984766524,1121.67032,0.004129083984766524
34980,2017,3,1130.20492,0.007612051527733588,1130.20492,0.007612051527733588
34980,2017,4,1141.00166,0.009548840403613479,1141.00166,0.009548840403613479
34980,2017,5,1151.06251,0.0088174884548462,1151.06251,0.0088174884548462
34980,2017,6,1156.61977,0.0048240893234603455,1156.61977,0.0048240893234603455
34980,2017,7,1157.95929,0.001161515131961055,1157.95929,0.001161515131961055
34980,2017,8,1145.25276,-0.01097002900418953,1145.25276,-0.01097002900418953
34980,2017,9,1139.32903,-0.005174391324748506,1139.32903,-0.005174391324748506
34980,2017,10,1125.27061,-0.012341635332189127,1125.27061,-0.012341635332189127
34980,2017,11,1110.49583,-0.013132586058234419,1110.49583,-0.013132586058234419
34980,2017,12,1094.34086,-0.014543988171248134,1094.34086,-0.014543988171248134
34980,2018,1,1090.00909,-0.003955642246259106,1090.00909,-0.003955642246259106
34980,2018,2,1092.53956,0.002314339317749159,1092.53956,0.002314339317749159
34980,2018,3,1097.57426,0.004617991037271674,1097.57426,0.004617991037271674
34980,2018,4,1106.76897,0.008377532979736202,1106.76897,0.008377532979736202
34980,2018,5,1122.89646,0.014565856553286904,1122.89646,0.014565856553286904
34980,2018,6,1136.90025,0.012469093132693398,1136.90025,0.012469093132693398
34980,2018,7,1145.57082,0.007628275825849462,1145.57082,0.007628275825849462
34980,2018,8,1150.78705,0.004547527526223227,1150.78705,0.004547527526223227
34980,2018,9,1146.26116,-0.003930266946844063,1146.26116,-0.003930266946844063
34980,2018,10,1136.62477,-0.008399421807242957,1136.62477,-0.008399421807242957
34980,2018,11,1124.4169,-0.010742520946602663,1124.4169,-0.010742520946602663
34980,2018,12,1120.64357,-0.003358644859812965,1120.64357,-0.003358644859812965
34980,2019,1,1119.34939,-0.0011588411588412395,1119.34939,-0.0011588411588412395
34980,2019,2,1121.05418,0.0015335787059262973,1121.05418,0.0015335787059262973
34980,2019,3,1128.84914,0.006950454708866571,1128.84914,0.006950454708866571
34980,2019,4,1142.55701,0.012138842975206732,1142.55701,0.012138842975206732
34980,2019,5,1158.13903,0.013639392237043024,1158.13903,0.013639392237043024
34980,2019,6,1170.73675,0.010878111023753911,1170.73675,0.010878111023753911
34980,2019,7,1175.46016,0.004029019137840928,1175.46016,0.004029019137840928
34980,2019,8,1176.11944,5.714503409652849e-4,1176.11944,5.714503409652849e-4
34980,2019,9,1169.41929,-0.00569854807594683,1169.41929,-0.00569854807594683
34980,2019,10,1164.42678,-0.004276068059686167,1164.42678,-0.004276068059686167
34980,2019,11,1156.32194,-0.006960824530817367,1156.32194,-0.006960824530817367
34980,2019,12,1152.30557,-0.003472535983992775,1152.30557,-0.003472535983992775
34980,2020,1,1151.60415,-6.088398362609215e-4,1151.60415,-6.088398362609215e-4
34980,2020,2,1158.84148,0.00628653644246846,1158.84148,0.00628653644246846
34980,2020,3,1169.44994,0.00915835845119406,1166.25053194933,0.006393499091290611
34980,2020,4,1166.97599,-0.0021188333652434332,1177.9383901397757,0.010021738786185471
34980,2020,5,1161.20626,-0.004950178436664676,1192.475224642826,0.01234091241505871
34980,2020,6,1154.3706,-0.0058746400658165054,1203.6730811498032,0.009390431159969218
34980,2020,7,1160.03294,0.004900756449214505,1208.8163000313057,0.004272936698550482
34980,2020,8,1158.67167,-0.0011709601873537423,1206.4586847023977,-0.0019503503790003391
34980,2020,9,1154.34109,-0.0037360060806720385,1200.505532415921,-0.004934402115846466
34980,2020,10,1146.59949,-0.006711235824292228,1190.4944666803597,-0.008339041733039418
34980,2020,11,1142.41439,-0.0036451688494285595,1178.2577980576493,-0.01027864384521815
34980,2020,12,1138.45467,-0.0034755794810149565,1169.862644865387,-0.007125056338351292
34980,2021,1,1140.27589,0.0015996223842240642,1166.8710233236816,-0.0025572417025501726
34980,2021,2,1148.45431,0.007173713836889473,1169.973734155897,0.00265900066948066
34980,2021,3,1161.05123,0.010969871844862089,1177.4539601620565,0.006393499091290611
34980,2021,4,1180.34059,0.016610526857113506,1189.25409618356,0.010021738786185471
34980,2021,5,1207.67309,0.023155525204239025,1203.9305768238112,0.01234091241505871
34980,2021,6,1246.25955,0.03195105370496254,1215.2360040268572,0.009390431159969218
34980,2021,7,1286.84681,0.032566774464007686,1220.4286305458636,0.004272936698550482
34980,2021,8,1322.9162,0.028036515909011905,1218.0483671037355,-0.0019503503790003391
34980,2021,9,1349.70221,0.020242366799810396,1212.0380266638954,-0.004934402115846466
34980,2021,10,1367.32601,0.013061269630612715,1201.9307909775146,-0.008339041733039418
34980,2021,11,1382.25057,0.01091691138743034,1189.5765724504554,-0.01027864384521815
34980,2021,12,1388.56585,0.004567985226941351,1181.100772352963,-0.007125056338351292
34980,2022,1,1394.21709,0.004074217406260905,1178.0804122029876,-0.0025572417025501726
34980,2022,2,1402.85001,0.006188238065158558,1181.2129288077376,0.00265900066948066
34980,2022,3,1418.74549,0.01133207776039824,1188.7650125946907,0.006393499091290611
34980,2022,4,1440.02166,0.014992740357300693,1200.678505029071,0.010021738786185471
34980,2022,5,1464.68488,0.017124317152305002,1215.4959732982784,0.01234091241505871
34980,2022,6,1492.69781,0.0191290523118941,1226.9100045607556,0.009390431159969218
34980,2022,7,1510.62019,0.012010000000000076,1232.152513345062,0.004272936698550482
34980,2022,8,1508.89791,-0.0011462337328682626,1229.7493842236734,-0.0019503503790003391
34980,2022,9,1492.82985,-0.010644507097986922,1223.681306260199,-0.004934402115846466
34980,2022,10,1470.0817,-0.015238628523432829,1213.4769767793553,-0.008339041733039418
34980,2022,11,1455.82135,-0.009696908158602913,1201.0040791206682,-0.01027864384521815
34980,2022,12,1443.25371,-0.008633241054034624,1192.4468573943436,-0.007125056338351292
34980,2023,1,1445.12453,0.001292818136687135,1189.39748256254,-0.0025572417025501726
34980,2023,2,1446.89863,0.0012291737679857029,1192.5600912649525,0.00265900066948066
34980,2023,3,1451.21461,0.002981471547063963,1200.1847231247643,0.006393499091290611
34980,2023,4,1456.22736,0.0034560434474033563,1212.212660915091,0.010021738786185471
34980,2023,5,1457.12912,6.150250622711795e-4,1227.1724711918694,0.01234091241505871
34980,2023,6,1459.19446,0.001423932306872766,1238.696149804006,0.009390431159969218
34980,2023,7,1454.84683,-0.0029870289291705765,1243.9890200408565,0.004272936698550482
34980,2023,8,1449.82246,-0.0034474267421816807,1241.5628055841476,-0.0019503503790003391
34980,2023,9,1440.85657,-0.006187711061691914,1235.4364354493168,-0.004934402115846466
34980,2023,10,1426.58389,-0.00990396469381627,1225.1340794555872,-0.008339041733039418
34980,2023,11,1412.10721,-0.01014952234464428,1212.5413625902243,-0.01027864384521815
34980,2023,12,1396.17277,-0.011278950539635013,1203.9019370691876,-0.007125056338351292
34980,2024,1,1388.43053,-0.005548784399255768,1200.8232688299333,-0.0025572417025501726
34980,2024,2,1389.02974,4.3003816588726984e-4,1204.0162587056802,0.00265900066948066
34980,2024,3,1397.96834,0.006437053355542455,1211.7141355616143,0.006393499091290611
34980,2024,4,1408.12852,0.007260768360134007,1223.8576181117412,0.010021738786185471
34980,2024,5,1416.72519,0.006105963915449486,1238.9611377853605,0.01234091241505871
34980,2024,6,1423.23369,0.004593825729638512,1250.5955170596112,0.009390431159969218
34980,2024,7,1423.69885,3.356197428312502e-4,1255.9392325394979,0.004272936698550482
34980,2024,8,1420.16914,-0.00248484975570884,1253.489710981313,-0.0019503503790003391
34980,2024,9,1412.42049,-0.0054550614351331905,1247.304488699255,-0.004934402115846466
34980,2024,10,1403.17675,-0.006541819027287454,1236.9031645141845,-0.008339041733039418
34980,2024,11,1393.56476,-0.006850845185791932,1224.1894774151199,-0.01027864384521815
34980,2024,12,1384.59066,-0.006437515397551441,1215.4670584197204,-0.007125056338351292
34980,2025,1,1376.13857,-0.006112680307897911,1212.3588153698536,-0.0025572417025501726
34980,2025,2,1374.26375,-0.0013558807258843286,1215.5824782715729,0.00265900066948066
34980,2025,3,1379.99648,0.004170920861121363,1223.354303741791,0.006393499091290611
34980,2025,4,1389.94774,0.007203893996754918,1235.6144410168467,0.010021738786185471
34980,2025,5,1400.56811,0.00764637656256717,1250.8630506122172,0.01234091241505871
34980,2025,6,1404.4084,0.0027390544400391903,1262.6091939795404,0.009390431159969218
34980,2025,7,1406.17118,0.001254185045437728,1268.0042431404231,0.004272936698550482
34980,2025,8,1399.91058,-0.004447841363863225,1265.53119058424,-0.0019503503790003391
34980,2025,9,1391.41338,-0.006067132986436907,1259.2865507997515,-0.004934402115846466
34980,2025,10,1378.94037,-0.00896851365123641,1248.785307698777,-0.008339041733039418
34980,2025,11,1364.63373,-0.010370322259387943,1235.9494882818,-0.01027864384521815
34980,2025,12,1352.31918,-0.00902418481530498,1227.1432785464358,-0.007125056338351292
34980,2026,1,1346.20314,-0.0045255861185924395,1224.0051765795326,-0.0025572417025501726
34980,2026,2,1343.73007,-0.0018406404541725374,1227.2598071635052,0.00265900066948066
34980,2026,3,1343.56431,-1.22195067762787e-4,1235.1062916253825,0.006393499091290611
34980,2026,4,1348.57328,0.0037329600373297023,1247.4842042532264,0.010021738786185471
34980,2026,5,1357.06035,0.006287010902650936,1262.8792975570846,0.01234091241505871
34980,2026,6,1367.69717,0.007842662765501052,1274.738278664145,0.009390431159969218
34980,2026,7,1372.80937,0.0037325649924695448,1280.185154636096,0.004272936698550482
34980,2026,8,1375.72311,0.002131176061238582,1277.6883450345608,-0.0019503503790003391
35380,2017,1,1055.70357,NA,1055.70357,NA
35380,2017,2,1049.42838,-0.005946206730189307,1049.42838,-0.005946206730189307
35380,2017,3,1051.2277,0.001710812089738889,1051.2277,0.001710812089738889
35380,2017,4,1069.5969,0.017478621090627255,1069.5969,0.017478621090627255
35380,2017,5,1078.09249,0.007940381662123075,1078.09249,0.007940381662123075
35380,2017,6,1070.59762,-0.006956583360891888,1070.59762,-0.006956583360891888
35380,2017,7,1053.71969,-0.015758988570273136,1053.71969,-0.015758988570273136
35380,2017,8,1037.53697,-0.015358774198226066,1037.53697,-0.015358774198226066
35380,2017,9,1042.05872,0.004356736988083254,1042.05872,0.004356736988083254
35380,2017,10,1045.18535,0.0030059385615484047,1045.18535,0.0030059385615484047
35380,2017,11,1036.37688,-0.008430388382632437,1036.37688,-0.008430388382632437
35380,2017,12,1024.70144,-0.011266463534499671,1024.70144,-0.011266463534499671
35380,2018,1,1055.68184,0.030232991612302085,1055.68184,0.030232991612302085
35380,2018,2,1055.45013,-2.1710811984376743e-4,1055.45013,-2.1710811984376743e-4
35380,2018,3,1050.68681,-0.004512003860538072,1050.68681,-0.004512003860538072
35380,2018,4,1024.46214,-0.024964855300790068,1024.46214,-0.024964855300790068
35380,2018,5,1036.99866,0.012242716515859398,1036.99866,0.012242716515859398
35380,2018,6,1045.0161,0.007723382571432014,1045.0161,0.007723382571432014
35380,2018,7,1036.82262,-0.007834775191909227,1036.82262,-0.007834775191909227
35380,2018,8,1038.99566,0.0020877595883428413,1038.99566,0.0020877595883428413
35380,2018,9,1029.07275,-0.009546919617142713,1029.07275,-0.009546919617142713
35380,2018,10,1018.97752,-0.009812170556064204,1018.97752,-0.009812170556064204
35380,2018,11,1011.05541,-0.007772571071540169,1011.05541,-0.007772571071540169
35380,2018,12,1001.98632,-0.00896691560772267,1001.98632,-0.00896691560772267
35380,2019,1,1003.08958,0.0011055902199743617,1003.08958,0.0011055902199743617
35380,2019,2,997.00039,-0.006080377770443568,997.00039,-0.006080377770443568
35380,2019,3,1003.78311,0.006807238917483138,1003.78311,0.006807238917483138
35380,2019,4,1015.1123,0.011289831540491235,1015.1123,0.011289831540491235
35380,2019,5,1025.67945,0.010411178846491564,1025.67945,0.010411178846491564
35380,2019,6,1037.41444,0.011433608104081783,1037.41444,0.011433608104081783
35380,2019,7,1042.59557,0.004995519988217012,1042.59557,0.004995519988217012
35380,2019,8,1044.89007,0.0021983390327309227,1044.89007,0.0021983390327309227
35380,2019,9,1043.46659,-0.0013526687789421343,1043.46659,-0.0013526687789421343
35380,2019,10,1044.99485,0.00146432537309793,1044.99485,0.00146432537309793
35380,2019,11,1046.00278,9.626046375610375e-4,1046.00278,9.626046375610375e-4
35380,2019,12,1042.07439,-0.003761503627598972,1042.07439,-0.003761503627598972
35380,2020,1,1037.01009,-0.004850987915297034,1037.01009,-0.004850987915297034
35380,2020,2,1034.17357,-0.0027381449375015743,1034.17357,-0.0027381449375015743
35380,2020,3,1035.52155,0.0013051133355497235,1035.5545526930916,0.0013353490488946518
35380,2020,4,1040.31865,0.004623424531202014,1036.8674968704358,0.0012678657767761416
35380,2020,5,1036.83902,-0.003341452369004072,1047.4415673494113,0.010198092341491346
35380,2020,6,1033.0208,-0.0036842363806062206,1051.7013052693878,0.004066802438207303
35380,2020,7,1024.70745,-0.008049008973474048,1045.1813728517884,-0.0061994145913217835
35380,2020,8,1044.71587,0.019534016775396124,1041.3237214314984,-0.003690891859050767
35380,2020,9,1048.54045,0.0036564408205053134,1039.052645972514,-0.0021809504693338644
35380,2020,10,1057.26071,0.008318457260130696,1037.202471902673,-0.001780635540472623
35380,2020,11,1042.72962,-0.013741689950862224,1031.9333606731855,-0.005080118272203856
35380,2020,12,1044.3483,0.001550841972866257,1023.6796540013117,-0.007998294256607105
35380,2021,1,1039.7414,-0.004413665292984592,1039.71998830479,0.015669290916138223
35380,2021,2,1033.93155,-0.0055844028607816565,1035.4766509887334,-0.004081230873492214
35380,2021,3,1030.66559,-0.0031650246305419127,1036.8593737497838,0.0013353490488946518
35380,2021,4,1036.05582,0.005238254080031757,1038.1739722650907,0.0012678657767761416
35380,2021,5,1059.72269,0.022834810181031617,1048.7613663007828,0.010198092341491346
35380,2021,6,1088.09863,0.026782817662961644,1053.0264715823528,0.004066802438207303
35380,2021,7,1117.17998,0.026727830177639467,1046.498323909377,-0.0061994145913217835
35380,2021,8,1135.53871,0.0164238984248557,1042.6358117651494,-0.003690891859050767
35380,2021,9,1157.20202,0.019085210643761563,1040.361874702136,-0.0021809504693338644
35380,2021,10,1176.01392,0.01625202187475927,1038.5093693730887,-0.001780635540472623
35380,2021,11,1194.91709,0.016078737088286887,1033.2336189498815,-0.005080118272203856
35380,2021,12,1210.15562,0.012744690600257957,1024.9695124297014,-0.007998294256607105
35380,2022,1,1219.042,0.00734435337072159,1041.0300579001348,0.015669290916138223
35380,2022,2,1226.92227,0.006465629798301453,1036.781373887599,-0.004081230873492214
35380,2022,3,1231.19964,0.003487068786583114,1038.1658389091317,0.0013353490488946518
35380,2022,4,1240.79773,0.0077979563976338095,1039.4820938469027,0.0012678657767761416
35380,2022,5,1255.68727,0.011996387742954973,1050.08282822728,0.010198092341491346
35380,2022,6,1273.31882,0.014044516554276854,1054.3533076334345,0.004066802438207303
35380,2022,7,1270.93095,-0.0018799999999999928,1047.8169343536836,-0.0061994145913217835
35380,2022,8,1259.28694,-0.009157215565262722,1043.949555360902,-0.003690891859050767
35380,2022,9,1244.78288,-0.011516916418936707,1041.6727530881767,-0.0021809504693338644
35380,2022,10,1237.73366,-0.005666997412002939,1039.817913562486,-0.001780635540472623
35380,2022,11,1224.33704,-0.010822488555115473,1034.5355155800323,-0.005080118272203856
35380,2022,12,1203.98651,-0.01661934625024697,1026.2609961075123,-0.007998294256607105
35380,2023,1,1193.94856,-0.008333773993971727,1042.3417782114068,0.015669290916138223
35380,2023,2,1192.08304,-0.0015677157208825454,1038.0877407654395,-0.004081230873492214
35380,2023,3,1194.05408,0.0016556291390728006,1039.4739502427399,0.0013353490488946518
35380,2023,4,1192.36272,-0.001418288456411565,1040.791863690103,0.0012678657767761416
35380,2023,5,1193.91347,0.001302834198329883,1051.4059552242873,0.010198092341491346
35380,2023,6,1203.52792,0.008052130881788244,1055.6818155265391,0.004066802438207303
35380,2023,7,1210.62325,0.005892995059194606,1049.1372062755709,-0.0061994145913217835
35380,2023,8,1216.16514,0.004575287138710138,1045.264954301901,-0.003690891859050767
35380,2023,9,1210.94235,-0.004292699270241118,1042.985283209238,-0.0021809504693338644
35380,2023,10,1201.31312,-0.007949443223520314,1041.128106545766,-0.001780635540472623
35380,2023,11,1185.19942,-0.013408235730563378,1035.8390526279977,-0.005080118272203856
35380,2023,12,1171.70367,-0.011388053287494593,1027.5541070825939,-0.007998294256607105
35380,2024,1,1173.17642,0.001249728319930421,1043.6551513185436,0.015669290916138223
35380,2024,2,1183.81059,0.009062788299777358,1039.3957536937032,-0.004081230873492214
35380,2024,3,1201.84562,0.015241475744864008,1040.7837098248235,0.0013353490488946518
35380,2024,4,1213.19654,0.009439859302658116,1042.1032838715366,0.0012678657767761416
35380,2024,5,1223.04421,0.008123596213186701,1052.7307493898297,0.010198092341491346
35380,2024,6,1235.62827,0.010286095031857734,1057.011997368224,0.004066802438207303
35380,2024,7,1244.11222,0.006863149216817854,1050.4591417685372,-0.0061994145913217835
35380,2024,8,1237.58531,-0.0052402104272000205,1046.5820106739184,-0.003690891859050767
35380,2024,9,1220.30813,-0.013961767187274932,1044.2994671465426,-0.0021809504693338644
35380,2024,10,1211.72507,-0.00703277439819705,1042.439950400445,-0.001780635540472623
35380,2024,11,1208.29826,-0.0028267288757184428,1037.1442321607403,-0.005080118272203856
35380,2024,12,1207.20903,-9.062743692962449e-4,1028.8488474053759,-0.007998294256607105
35380,2025,1,1200.99262,-0.005147244958231378,1044.970179304104,0.015669290916138223
35380,2025,2,1204.53248,0.002947413061916926,1040.7054147464496,-0.004081230873492214
35380,2025,3,1205.23322,5.814076407535396e-4,1042.095119732211,0.0013353490488946518
35380,2025,4,1204.93953,-2.4299282642914477e-4,1043.4163564706648,0.0012678657767761416
35380,2025,5,1204.27293,-5.600760858078813e-4,1054.0572128245751,0.010198092341491346
35380,2025,6,1207.14961,0.002389587320384523,1058.3438552677003,0.004066802438207303
35380,2025,7,1212.64201,0.004556817822220838,1051.7827429287179,-0.0061994145913217835
35380,2025,8,1193.35514,-0.01590801701055289,1047.9007265653522,-0.003690891859050767
35380,2025,9,1173.0992,-0.01697609901835251,1045.6153069839343,-0.0021809504693338644
35380,2025,10,1158.14083,-0.012743001660714959,1043.7534472066566,-0.001780635540472623
35380,2025,11,1156.74327,-0.0012093892584245092,1038.4510562478263,-0.005080118272203856
35380,2025,12,1152.16534,-0.003962793769607509,1030.1452191288715,-0.007998294256607105
35380,2026,1,1144.72305,-0.006454108415759552,1046.2868642532708,0.015669290916138223
35380,2026,2,1151.37942,0.005806387025728332,1042.0167260003511,-0.004081230873492214
35380,2026,3,1157.0563,0.004932373400572843,1043.4081820443482,0.0013353490488946518
35380,2026,4,1166.66527,0.008308664120877385,1044.7310835695703,0.0012678657767761416
35380,2026,5,1169.26438,0.0022264908757529955,1055.385347631839,0.010198092341491346
35380,2026,6,1177.61646,0.007143790564969388,1059.6773913368365,0.004066802438207303
35380,2026,7,1177.64378,2.1625362224941824e-5,1053.1080118548891,-0.0061994145913217835
35380,2026,8,1177.9593,2.70311182232863e-4,1049.2211040672325,-0.003690891859050767
35620,2017,1,1718.75299,NA,1718.75299,NA
35620,2017,2,1722.09198,0.0019506597819851645,1722.09198,0.0019506597819851645
35620,2017,3,1730.49892,0.0048735175853820145,1730.49892,0.0048735175853820145
35620,2017,4,1743.88216,0.007737017386129086,1743.88216,0.007737017386129086
35620,2017,5,1767.02558,0.01326933226106397,1767.02558,0.01326933226106397
35620,2017,6,1785.88355,0.01067734814851562,1785.88355,0.01067734814851562
35620,2017,7,1793.86596,0.00446631247009166,1793.86596,0.00446631247009166
35620,2017,8,1793.69791,-9.772424660714485e-5,1793.69791,-9.772424660714485e-5
35620,2017,9,1788.03741,-0.0031519149715961703,1788.03741,-0.0031519149715961703
35620,2017,10,1778.27274,-0.005453631873720832,1778.27274,-0.005453631873720832
35620,2017,11,1763.20522,-0.008477917981072558,1763.20522,-0.008477917981072558
35620,2017,12,1750.08579,-0.00744432292702335,1750.08579,-0.00744432292702335
35620,2018,1,1741.95323,-0.004645339009578642,1741.95323,-0.004645339009578642
35620,2018,2,1747.5854,0.003232948398621316,1747.5854,0.003232948398621316
35620,2018,3,1761.87187,0.008175446075911141,1761.87187,0.008175446075911141
35620,2018,4,1779.39966,0.009949877492133385,1779.39966,0.009949877492133385
35620,2018,5,1799.67036,0.011391204758444795,1799.67036,0.011391204758444795
35620,2018,6,1815.7542,0.008937268653808728,1815.7542,0.008937268653808728
35620,2018,7,1830.73962,0.008254688518259279,1830.73962,0.008254688518259279
35620,2018,8,1835.42183,0.0025614631460513237,1835.42183,0.0025614631460513237
35620,2018,9,1828.58827,-0.0037249283667621924,1828.58827,-0.0037249283667621924
35620,2018,10,1821.05154,-0.004122327677116289,1821.05154,-0.004122327677116289
35620,2018,11,1812.89058,-0.004488351944551439,1812.89058,-0.004488351944551439
35620,2018,12,1812.05917,-4.593199647048296e-4,1812.05917,-4.593199647048296e-4
35620,2019,1,1806.29416,-0.003180438489352233,1806.29416,-0.003180438489352233
35620,2019,2,1810.06772,0.002098750454931464,1810.06772,0.002098750454931464
35620,2019,3,1818.41291,0.00460031717976328,1818.41291,0.00460031717976328
35620,2019,4,1835.23816,0.009254907631683684,1835.23816,0.009254907631683684
35620,2019,5,1852.4294400000001,0.009373022411672816,1852.4294400000001,0.009373022411672816
35620,2019,6,1869.47351,0.009203179710419285,1869.47351,0.009203179710419285
35620,2019,7,1878.882,0.0050284830156832605,1878.882,0.0050284830156832605
35620,2019,8,1882.83137,0.0020992967355935033,1882.83137,0.0020992967355935033
35620,2019,9,1880.04076,-0.0014780675721286496,1880.04076,-0.0014780675721286496
35620,2019,10,1872.49299,-0.004021166487948147,1872.49299,-0.004021166487948147
35620,2019,11,1863.33692,-0.004891692314893836,1863.33692,-0.004891692314893836
35620,2019,12,1852.92443,-0.005586066585913763,1852.92443,-0.005586066585913763
35620,2020,1,1849.92156,-0.0016201896922821701,1849.92156,-0.0016201896922821701
35620,2020,2,1848.4609,-7.817959986259337e-4,1848.4609,-7.817959986259337e-4
35620,2020,3,1856.62528,0.004409934206626609,1859.3355685159374,0.005883093613685479
35620,2020,4,1847.32688,-0.00500430795378104,1876.0335190781623,0.008980600836648719
35620,2020,5,1830.19302,-0.009276063722524652,1897.316218500307,0.01134451981039386
35620,2020,6,1801.33477,-0.01576848936195685,1915.541709401997,0.009605932170914544
35620,2020,7,1783.9807,-0.009634567660941173,1926.8750017120276,0.0059164946680114
35620,2020,8,1762.26252,-0.012172652680194518,1929.8058014777193,0.0015210118783458941
35620,2020,9,1742.44013,-0.01125327961602074,1924.4313496290902,-0.0027849703034956708
35620,2020,10,1719.57724,-0.01311685698475773,1915.7091044244582,-0.004532375346261756
35620,2020,11,1699.99939,-0.011379710218801353,1904.3055508075822,-0.005952654080172611
35620,2020,12,1680.85373,-0.011265790152101163,1895.7427079285637,-0.0044965698258806475
35620,2021,1,1677.71745,-0.0018642609443849656,1888.3248776148291,-0.003912888749465437
35620,2021,2,1692.41168,0.008750963259015254,1892.9086972745622,0.002427452878512648
35620,2021,3,1716.42252,0.014190825165408594,1904.0448563427879,0.005883093613685479
35620,2021,4,1752.37322,0.020950095111644362,1921.1443231726764,0.008980600836648719
35620,2021,5,1790.26214,0.021620607727897978,1942.9387830055346,0.01134451981039386
35620,2021,6,1841.11993,0.02840916045484021,1961.6025211673252,0.009605932170914544
35620,2021,7,1892.0335,0.02764817900499894,1973.2083320245695,0.0059164946680114
35620,2021,8,1943.09324,0.02698539545765155,1976.20960533603,0.0015210118783458941
35620,2021,9,1981.4485,0.019735432431517985,1970.7059202716864,-0.0027849703034956708
35620,2021,10,2002.08411,0.010417703460402716,1961.773941343915,-0.004532375346261756
35620,2021,11,2012.00953,0.004958134953209736,1950.0961796875981,-0.005952654080172611
35620,2021,12,2018.85129,0.0033980265307456126,1941.32743604845,-0.0044965698258806475
35620,2022,1,2028.95801,0.0050146532074242245,1933.7312377649073,-0.003912888749465437
35620,2022,2,2039.75385,0.005313634007257706,1938.4252792242894,0.002427452878512648
35620,2022,3,2065.53927,0.01264449314597571,1949.8292166051006,0.005883093613685479
35620,2022,4,2095.26892,0.01439619779123924,1967.3398544990664,0.008980600836648719
35620,2022,5,2143.47481,0.02300822020958404,1989.6583804522086,0.01134451981039386
35620,2022,6,2191.29852,0.022306732912142913,2008.770903898124,0.009605932170914544
35620,2022,7,2228.89486,0.017160000000000064,2020.6557862402938,0.0059164946680114
35620,2022,8,2239.85655,0.004915647489087238,2023.729227693214,0.0015210118783458941
35620,2022,9,2223.36459,-0.0073667527588636705,2018.0932018917722,-0.0027849703034956708
35620,2022,10,2189.7119,-0.01512866759311271,2008.9464460170595,-0.004532375346261756
35620,2022,11,2152.10377,-0.017182371307341238,1996.9878827583277,-0.005952654080172611
35620,2022,12,2120.83399,-0.01452994063801405,1988.0082873020672,-0.0044965698258806475
35620,2023,1,2112.29338,-0.0040192593817161,1980.229432040839,-0.003912888749465437
35620,2023,2,2122.25848,0.004709787852066993,1985.0363456757618,0.002427452878512648
35620,2023,3,2147.99603,0.01213228840772751,1996.714500323941,0.005883093613685479
35620,2023,4,2176.87833,0.013445686770586773,2014.6461962360986,0.008980600836648719
35620,2023,5,2205.7188,0.013247166354613427,2037.5013899202336,0.01134451981039386
35620,2023,6,2230.78407,0.011365216872975648,2057.0734900699513,0.009605932170914544
35620,2023,7,2244.4543,0.006129545588495322,2069.244154405658,0.0059164946680114
35620,2023,8,2247.22074,0.0012301564056000913,2072.391499343707,0.0015210118783458941
35620,2023,9,2233.83226,-0.0059579530384585855,2066.619950560818,-0.0027849703034956708
35620,2023,10,2213.38938,-0.0091523528315397,2057.2532532468035,-0.004532375346261756
35620,2023,11,2189.92097,-0.010603120544907418,2045.0071362749152,-0.005952654080172611
35620,2023,12,2166.91306,-0.010506619170077114,2035.8116188922309,-0.0044965698258806475
35620,2024,1,2157.71142,-0.0042472721389059664,2027.845714512636,-0.003912888749465437
35620,2024,2,2158.99381,5.991855139284574e-4,2032.7682144295095,0.002427452878512648
35620,2024,3,2178.56115,0.009063597426060221,2044.7271801299228,0.005883093613685479
35620,2024,4,2201.78222,0.010651887466178511,2063.0900587545157,0.008980600836648719
35620,2024,5,2228.35615,0.012072294432612152,2086.4948247966827,0.01134451981039386
35620,2024,6,2250.70435,0.010030386169867622,2106.537552558644,0.009605932170914544
35620,2024,7,2258.57416,0.003495243936871395,2119.0008707563234,0.0059164946680114
35620,2024,8,2257.17475,-6.20937227127194e-4,2122.2238962509687,0.0015210118783458941
35620,2024,9,2243.96593,-0.005854027920703664,2116.313565722541,-0.0027849703034956708
35620,2024,10,2220.29552,-0.010546566018573622,2106.721638292301,-0.004532375346261756
35620,2024,11,2196.3264,-0.010797153657116532,2094.181053136332,-0.005952654080172611
35620,2024,12,2179.12691,-0.00782208741980861,2084.7644218028686,-0.0044965698258806475
35620,2025,1,2187.98512,0.004062547136608252,2076.60697055151,-0.003912888749465437
35620,2025,2,2203.61619,0.007140782581698257,2081.647836119715,0.002427452878512648
35620,2025,3,2230.17288,0.012052266263598677,2093.894365210333,0.005883093613685479
35620,2025,4,2254.02729,0.010700178827598217,2112.698794698395,0.008980600836648719
35620,2025,5,2278.91845,0.011043815560502823,2136.6663480282464,0.01134451981039386
35620,2025,6,2295.56706,0.007298147097568153,2157.1910200392813,0.009605932170914544
35620,2025,7,2305.48434,0.0043242520857595945,2169.954029207226,0.0059164946680114
35620,2025,8,2308.30815,0.001226107536284049,2173.2545550611153,0.0015210118783458941
35620,2025,9,2299.85829,-0.0036643250427187413,2167.202105663333,-0.0027849703034956708
35620,2025,10,2283.80141,-0.006984012043371179,2157.379532269258,-0.004532375346261756
35620,2025,11,2260.55261,-0.010180289960756483,2144.5373981940147,-0.005952654080172611
35620,2025,12,2242.70818,-0.007890655292749127,2134.894336038823,-0.0044965698258806475
35620,2026,1,2240.58607,-9.477654231725419e-4,2126.5407320100394,-0.003912888749465437
35620,2026,2,2252.37641,0.0052616651507595424,2131.7028094312313,0.002427452878512648
35620,2026,3,2272.39543,0.008892175080506215,2144.2438166156717,0.005883093613685479
35620,2026,4,2294.63857,0.009787755180760138,2163.5004144291493,0.008980600836648719
35620,2026,5,2314.74991,0.00876656862370595,2188.044287740436,0.01134451981039386
35620,2026,6,2333.07436,0.007914118560311989,2209.062492755428,0.009605932170914544
35620,2026,7,2339.87755,0.0029116182962338755,2222.1323992151197,0.0059164946680114
35620,2026,8,2343.22808,0.0014328525941185166,2225.5122889895833,0.0015210118783458941
36420,2017,1,839.7385,NA,839.7385,NA
36420,2017,2,834.24589,-0.0065357795332321444,834.24589,-0.0065357795332321444
36420,2017,3,831.12214,-0.003742650677303172,831.12214,-0.003742650677303172
36420,2017,4,840.23179,0.010958156221970716,840.23179,0.010958156221970716
36420,2017,5,843.59885,0.004011726585403608,843.59885,0.004011726585403608
36420,2017,6,836.79865,-0.008068234209313019,836.79865,-0.008068234209313019
36420,2017,7,834.21168,-0.003085702481472885,834.21168,-0.003085702481472885
36420,2017,8,831.86105,-0.0028232856310301813,831.86105,-0.0028232856310301813
36420,2017,9,828.88002,-0.0035845552424121907,828.88002,-0.0035845552424121907
36420,2017,10,827.83355,-0.0012512871312938545,827.83355,-0.0012512871312938545
36420,2017,11,818.9571,-0.01072756933115826,818.9571,-0.01072756933115826
36420,2017,12,826.35469,0.009036581665633259,826.35469,0.009036581665633259
36420,2018,1,828.45338,0.0025363455705469384,828.45338,0.0025363455705469384
36420,2018,2,829.68912,0.0014866591899012072,829.68912,0.0014866591899012072
36420,2018,3,825.5812,-0.004948174384082571,825.5812,-0.004948174384082571
36420,2018,4,822.83528,-0.003323911222780529,822.83528,-0.003323911222780529
36420,2018,5,832.5352,0.011790656757963314,832.5352,0.011790656757963314
36420,2018,6,837.54351,0.00600830521671436,837.54351,0.00600830521671436
36420,2018,7,841.67801,0.004940469280084514,841.67801,0.004940469280084514
36420,2018,8,846.81924,0.006109927348342925,846.81924,0.006109927348342925
36420,2018,9,845.46107,-0.0016075119287590756,845.46107,-0.0016075119287590756
36420,2018,10,845.19887,-3.066857493355668e-4,845.19887,-3.066857493355668e-4
36420,2018,11,841.30787,-0.004601697515083436,841.30787,-0.004601697515083436
36420,2018,12,839.70388,-0.001913396342716256,839.70388,-0.001913396342716256
36420,2019,1,835.0843,-0.005493869253631489,835.0843,-0.005493869253631489
36420,2019,2,832.07975,-0.0035965638584144477,832.07975,-0.0035965638584144477
36420,2019,3,837.5008,0.006504972863486502,837.5008,0.006504972863486502
36420,2019,4,848.57159,0.013222564790567493,848.57159,0.013222564790567493
36420,2019,5,859.18444,0.012502546343450716,859.18444,0.012502546343450716
36420,2019,6,867.47114,0.009644644518773893,867.47114,0.009644644518773893
36420,2019,7,868.07802,7.098999912817927e-4,868.07802,7.098999912817927e-4
36420,2019,8,868.20895,1.4934660858734183e-4,868.20895,1.4934660858734183e-4
36420,2019,9,864.70522,-0.004044199995022479,864.70522,-0.004044199995022479
36420,2019,10,862.30285,-0.002773717155815425,862.30285,-0.002773717155815425
36420,2019,11,860.92252,-0.0016037085760822745,860.92252,-0.0016037085760822745
36420,2019,12,858.02182,-0.003363158357072016,858.02182,-0.003363158357072016
36420,2020,1,855.04373,-0.0034752389226758718,855.04373,-0.0034752389226758718
36420,2020,2,854.33587,-8.212981565014488e-4,854.33587,-8.212981565014488e-4
36420,2020,3,859.69893,0.006272288120589664,853.7133860202721,-7.286173992997469e-4
36420,2020,4,867.28479,0.00882197702767229,859.6486319226703,0.006952269929919227
36420,2020,5,870.22935,0.0034007673526335047,867.7593966166504,0.009434976562272546
36420,2020,6,872.50126,0.0026071087164334372,869.9532993394846,0.002528238508725078
36420,2020,7,877.03604,0.0052006587501083335,870.697012784676,8.548889299644736e-4
36420,2020,8,884.3686,0.008351913672255185,871.6942477084508,0.001145329441966695
36420,2020,9,891.15161,0.007671915657793349,869.0105140554275,-0.003078755722064582
36420,2020,10,895.95344,0.005394920288537497,867.7557526603275,-0.0014438966788149488
36420,2020,11,891.40265,-0.005088628964186714,862.857857049535,-0.005644325140774657
36420,2020,12,887.54224,-0.004326853153633681,863.9393133196007,0.0012533423219483288
36420,2021,1,886.03751,-0.0016920061837348843,862.6617528296556,-0.0014787618415422754
36420,2021,2,890.81285,0.005389455201677995,860.1756524670258,-0.0028818947339151286
36420,2021,3,898.65926,0.008804909404031225,859.5489135201843,-7.286173992997469e-4
36420,2021,4,912.9113,0.01585717720605917,865.5247295849455,0.006952269929919227
36420,2021,5,934.29775,0.0234322299672185,873.6909351226467,0.009434976562272546
36420,2021,6,959.14932,0.02659605222077044,875.8998341895478,0.002528238508725078
36420,2021,7,986.18368,0.028182340418342333,876.648631261554,8.548889299644736e-4
36420,2021,8,1012.28134,0.02646772055520863,877.6526827491978,0.001145329441966695
36420,2021,9,1029.99981,0.017503228491840828,874.9506045301983,-0.003078755722064582
36420,2021,10,1027.23845,-0.002685211407952859,873.68726625819,-0.0014438966788149488
36420,2021,11,1020.92024,-0.006142131445819987,868.7558912560743,-0.005644325140774657
36420,2021,12,1016.69901,-0.004137697493042047,869.8447397820274,0.0012533423219483288
36420,2022,1,1019.29329,0.0025503156015556083,868.5584465727715,-0.0014787618415422754
36420,2022,2,1017.53843,-0.0017170839251265946,866.0553525594959,-0.0028818947339151286
36420,2022,3,1022.74193,0.00510702454769385,865.4243295608644,-7.286173992997469e-4
36420,2022,4,1036.19759,0.013162203559921926,871.440993103891,0.006952269929919227
36420,2022,5,1058.39785,0.021426113792995638,879.6630184492296,0.009434976562272546
36420,2022,6,1080.37683,0.02076230528959022,881.8870163671744,0.002528238508725078
36420,2022,7,1092.12489,0.010869999999999935,882.6409318149462,8.548889299644736e-4
36420,2022,8,1097.66893,0.0050847289958155795,883.6518464608388,0.001145329441966695
36420,2022,9,1084.58992,-0.011919174023877765,880.9312982822346,-0.003078755722064582
36420,2022,10,1068.38424,-0.014941727263671711,879.6593245063806,-0.0014438966788149488
36420,2022,11,1056.35432,-0.011265041965820677,874.6942412657523,-0.005644325140774657
36420,2022,12,1057.40412,0.0010022909507445554,875.7905325770952,0.0012533423219483288
36420,2023,1,1063.46119,0.005721642111285785,874.4954469563363,-0.0014787618415422754
36420,2023,2,1063.04382,-3.8604547209297735e-4,871.9752431329201,-0.0028818947339151286
36420,2023,3,1058.59317,-0.004187162079759221,871.3399067990149,-7.286173992997469e-4
36420,2023,4,1062.78812,0.003959830176355261,877.3976970317922,0.006952269929919227
36420,2023,5,1071.66007,0.008345870776237163,885.675923739079,0.009434976562272546
36420,2023,6,1081.35226,0.00904297682296118,887.9151237157268,0.002528238508725078
36420,2023,7,1085.67197,0.003996403237086721,888.6741925257394,8.548889299644736e-4
36420,2023,8,1086.41973,6.866354861181367e-4,889.6920172427552,0.001145329441966695
36420,2023,9,1084.31962,-0.0019292156843246921,886.9528728537938,-0.003078755722064582
36420,2023,10,1087.07883,0.0025407263488268494,885.672204546415,-0.0014438966788149488
36420,2023,11,1085.98206,-0.0010037765851719227,880.6731826558084,-0.005644325140774657
36420,2023,12,1084.65494,-0.0012236492603389104,881.7769676274359,0.0012533423219483288
36420,2024,1,1077.55563,-0.006544085421729906,880.4730294949575,-0.0014787618415422754
36420,2024,2,1075.40912,-0.0019952074915530194,877.9355989079019,-0.0028818947339151286
36420,2024,3,1071.42851,-0.003697006228651656,877.295919755073,-7.286173992997469e-4
36420,2024,4,1065.66205,-0.00538458435848832,883.3951177976269,0.006952269929919227
36420,2024,5,1065.92415,2.4331393580578897e-4,891.7299300292735,0.009434976562272546
36420,2024,6,1075.26702,0.008767306561796806,893.9844359777563,0.002528238508725078
36420,2024,7,1090.94541,0.01457895847358004,894.7486933756342,8.548889299644736e-4
36420,2024,8,1101.26024,0.00945750559527836,895.7734753973186,0.001145329441966695
36420,2024,9,1101.74871,4.414664534546642e-4,893.0156076842653,-0.003078755722064582
36420,2024,10,1095.05778,-0.006069936653003483,891.7261854142001,-0.0014438966788149488
36420,2024,11,1084.3872,-0.009747531052989755,886.6929928871797,-0.005644325140774657
36420,2024,12,1078.07266,-0.005818413685227841,887.8043227417401,0.0012533423219483288
36420,2025,1,1077.71152,-3.407257458386548e-4,886.4914715865134,-0.0014787618415422754
36420,2025,2,1082.02294,0.003999879702865972,883.9366964828877,-0.0028818947339151286
36420,2025,3,1091.64335,0.00889647735442134,883.2926448259507,-7.286173992997469e-4
36420,2025,4,1090.74665,-8.214324594478795e-4,889.4335337198929,0.006952269929919227
36420,2025,5,1093.02927,0.0020899366085578297,897.8253182642394,0.009434976562272546
36420,2025,6,1094.6182,0.0014529855393341506,900.0952348079834,0.002528238508725078
36420,2025,7,1103.99836,0.008567085809036978,900.8647162601345,8.548889299644736e-4
36420,2025,8,1109.46447,0.0049517546434934,901.8965031428962,0.001145329441966695
36420,2025,9,1105.69011,-0.003398512055466818,899.119784123135,-0.003078755722064582
36420,2025,10,1098.9074,-0.006136228173885927,897.8215480529828,-0.0014438966788149488
36420,2025,11,1088.01391,-0.009910042766553717,892.7539513173783,-0.005644325140774657
36420,2025,12,1078.50899,-0.008738220779091699,893.8728776276508,0.0012533423219483288
36420,2026,1,1077.72679,-7.212477586223676e-4,892.5510525250255,-0.0014787618415422754
36420,2026,2,1081.13909,0.0031677610144853485,889.9788143470032,-0.0028818947339151286
36420,2026,3,1089.13344,0.007394749727693384,889.3303602978617,-7.286173992997469e-4
36420,2026,4,1091.85413,0.0024898076598784957,895.5132250195247,0.006952269929919227
36420,2026,5,1094.05424,0.0020185628624012075,903.9623713087891,0.009434976562272546
36420,2026,6,1097.7964,0.003416744020698026,906.2478037863705,0.002528238508725078
36420,2026,7,1106.08267,0.007548321064441366,907.022545001632,8.548889299644736e-4
36420,2026,8,1115.30619,0.008341554420340014,908.06138462695,0.001145329441966695
36740,2017,1,1106.35949,NA,1106.35949,NA
36740,2017,2,1108.80667,0.0022108148215449486,1108.80667,0.0022108148215449486
36740,2017,3,1109.75375,8.612223313440026e-4,1109.75375,8.612223313440026e-4
36740,2017,4,1120.08543,0.009314332296730177,1120.08543,0.009314332296730177
36740,2017,5,1133.94711,0.012369314527587827,1133.94711,0.012369314527587827
36740,2017,6,1150.86416,0.014921844990101407,1150.86416,0.014921844990101407
36740,2017,7,1162.16509,0.009811342727378491,1162.16509,0.009811342727378491
36740,2017,8,1165.79943,0.003128153380423715,1165.79943,0.003128153380423715
36740,2017,9,1161.27304,-0.0038800350640206815,1161.27304,-0.0038800350640206815
36740,2017,10,1160.5172,-6.491913960499085e-4,1160.5172,-6.491913960499085e-4
36740,2017,11,1164.74227,0.003637833468067786,1164.74227,0.003637833468067786
36740,2017,12,1172.43364,0.006602036706748748,1172.43364,0.006602036706748748
36740,2018,1,1180.01419,0.0064730005858566475,1180.01419,0.0064730005858566475
36740,2018,2,1186.48325,0.0054801521949003895,1186.48325,0.0054801521949003895
36740,2018,3,1198.40595,0.010053373245601627,1198.40595,0.010053373245601627
36740,2018,4,1208.81771,0.00868118656862471,1208.81771,0.00868118656862471
36740,2018,5,1219.63517,0.00895294851361661,1219.63517,0.00895294851361661
36740,2018,6,1230.89215,0.009230642436230285,1230.89215,0.009230642436230285
36740,2018,7,1239.85665,0.007281586433111498,1239.85665,0.007281586433111498
36740,2018,8,1246.50279,0.005350772889417543,1246.50279,0.005350772889417543
36740,2018,9,1242.41066,-0.0032793935809902752,1242.41066,-0.0032793935809902752
36740,2018,10,1235.80643,-0.005312837108953694,1235.80643,-0.005312837108953694
36740,2018,11,1227.91593,-0.006385055445598198,1227.91593,-0.006385055445598198
36740,2018,12,1220.8643,-0.005743911590149309,1220.8643,-0.005743911590149309
36740,2019,1,1218.0788,-0.002277904328018332,1218.0788,-0.002277904328018332
36740,2019,2,1221.30023,0.0026406997854431236,1221.30023,0.0026406997854431236
36740,2019,3,1234.52161,0.010823045267489784,1234.52161,0.010823045267489784
36740,2019,4,1245.83498,0.009173689424473164,1245.83498,0.009173689424473164
36740,2019,5,1257.56954,0.009413030323404792,1257.56954,0.009413030323404792
36740,2019,6,1266.26384,0.006914007859854632,1266.26384,0.006914007859854632
36740,2019,7,1277.68265,0.009023073666384551,1277.68265,0.009023073666384551
36740,2019,8,1280.33454,0.0020716964309128727,1280.33454,0.0020716964309128727
36740,2019,9,1274.28585,-0.004723647021877997,1274.28585,-0.004723647021877997
36740,2019,10,1262.61562,-0.009163456608337839,1262.61562,-0.009163456608337839
36740,2019,11,1251.00334,-0.009195127776450929,1251.00334,-0.009195127776450929
36740,2019,12,1248.74841,-0.0018078823671205946,1248.74841,-0.0018078823671205946
36740,2020,1,1247.79366,-7.647106174033524e-4,1247.79366,-7.647106174033524e-4
36740,2020,2,1250.90196,0.002497281185805722,1250.90196,0.002497281185805722
36740,2020,3,1252.22529,0.0010580309909331564,1259.9658458460267,0.007245880281478471
36740,2020,4,1238.57575,-0.010903593503331255,1271.3766040139801,0.009056402763276017
36740,2020,5,1220.52353,-0.014567637391622035,1284.4019816477369,0.010245097788203076
36740,2020,6,1206.24987,-0.011694622120954179,1297.7026043505464,0.010355498428728774
36740,2020,7,1207.93196,0.0013888503097136962,1308.999539311767,0.008705334275624846
36740,2020,8,1215.97789,0.0066572355829241925,1313.603126063347,0.0035168742335847103
36740,2020,9,1211.90299,-0.0033479375051665983,1308.3999109489225,-0.003961025222296318
36740,2020,10,1210.02754,-0.0015482658040614217,1301.8031831571375,-0.005041828371113814
36740,2020,11,1203.4302,-0.005455023744582954,1296.6209868491012,-0.0039807832513271135
36740,2020,12,1202.28402,-9.466401236201127e-4,1296.2104951212884,-3.165857501737181e-4
36740,2021,1,1205.9507,0.0030516268375948563,1298.9293590200155,0.0020975481289191578
36740,2021,2,1217.1749,0.009307623916425811,1303.4027274655439,0.0034438889339628207
36740,2021,3,1237.57849,0.016764390123048978,1312.847027587312,0.007245880281478471
36740,2021,4,1262.20551,0.01989928525016227,1324.7366990357123,0.009056402763276017
36740,2021,5,1299.95004,0.029903639404316396,1338.3087560609547,0.010245097788203076
36740,2021,6,1348.52349,0.037360654681358296,1352.167610281498,0.010355498428728774
36740,2021,7,1404.61634,0.041593162223271474,1363.9386813256715,0.008705334275624846
36740,2021,8,1457.83465,0.03789270294124658,1368.7354821302151,0.0035168742335847103
36740,2021,9,1487.78111,0.020535745067169264,1363.3138863628456,-0.003961025222296318
36740,2021,10,1512.25248,0.016451591108708863,1356.440291731848,-0.005041828371113814
36740,2021,11,1524.50203,0.008098197569432974,1351.0405969370963,-0.0039807832513271135
36740,2021,12,1543.41535,0.012406866084968993,1350.6128767362,-3.165857501737181e-4
36740,2022,1,1552.31383,0.005763782604448098,1353.445852248692,0.0020975481289191578
36740,2022,2,1563.5251,0.007230892097822128,1358.1069694419693,0.0034438889339628207
36740,2022,3,1585.46165,0.014025801474369937,1367.9476499519874,0.007245880281478471
36740,2022,4,1616.18819,0.019379312531039528,1380.3363348290293,0.009056402763276017
36740,2022,5,1647.6059,0.019435892651677777,1394.4780155599628,0.010245097788203076
36740,2022,6,1675.30726,0.01681817257438034,1408.918530458991,0.010355498428728774
36740,2022,7,1687.66566,0.007379999999999942,1421.1836372337586,0.008705334275624846
36740,2022,8,1685.93649,-0.001032381028013174,1426.1817613487383,0.0035168742335847103
36740,2022,9,1668.70396,-0.010215235407516454,1420.5326194204567,-0.003961025222296318
36740,2022,10,1646.44484,-0.013342569724715259,1413.37053775777,-0.005041828371113814
36740,2022,11,1628.66704,-0.010796015344383791,1407.744215993145,-0.0039807832513271135
36740,2022,12,1614.1951,-0.0088874259381172,1407.298544234472,-3.165857501737181e-4
36740,2023,1,1610.74785,-0.00213799402191972,1410.2504206627616,0.0020975481289191578
36740,2023,2,1612.99513,0.0014041145757495155,1415.1071664805984,0.0034438889339628207
36740,2023,3,1622.27158,0.005743604657201251,1425.3608635943792,0.007245880281478471
36740,2023,4,1631.84318,0.005907016130697995,1438.269505658101,0.009056402763276017
36740,2023,5,1636.59051,0.0029053651725765572,1453.0047173893588,0.010245097788203076
36740,2023,6,1636.41502,-1.023656706486964e-4,1468.0513054572198,0.010355498428728774
36740,2023,7,1627.67103,-0.005344035053593932,1480.8311828049925,0.008705334275624846
36740,2023,8,1618.55181,-0.005609477443725197,1486.0390798360881,0.0035168742335847103
36740,2023,9,1601.26833,-0.01067155218813387,1480.1528415595394,-0.003961025222296318
36740,2023,10,1586.45083,-0.0092591623858298,1472.6901649693798,-0.005041828371113814
36740,2023,11,1566.23247,-0.01274605051955735,1466.8277046262756,-0.0039807832513271135
36740,2023,12,1554.57811,-0.007434029671940068,1466.363327877031,-3.165857501737181e-4
36740,2024,1,1548.04644,-0.004202857943401583,1469.4390955317351,0.0020975481289191578
36740,2024,2,1550.29584,0.0014501536730011644,1474.499680571969,0.0034438889339628207
36740,2024,3,1558.19827,0.0051006073180748235,1485.1837287324722,0.007245880281478471
36740,2024,4,1565.9756,0.0049887108913020395,1498.6341507573372,0.009056402763276017
36740,2024,5,1574.03893,0.005145815948820021,1513.9878041805869,0.010245097788203076
36740,2024,6,1579.16734,0.0032568782927997475,1529.6659025078939,0.010355498428728774
36740,2024,7,1582.89575,0.002365771634079916,1542.9821555192505,0.008705334275624846
36740,2024,8,1581.70082,-7.514499809491149e-4,1548.408629704877,0.0035168742335847103
36740,2024,9,1570.81408,-0.006884645123023336,1542.2753440681945,-0.003961025222296318
36740,2024,10,1554.25189,-0.010547870695263528,1534.4994564824021,-0.005041828371113814
36740,2024,11,1537.0756,-0.011048354064716381,1528.3909467468666,-0.0039807832513271135
36740,2024,12,1526.89859,-0.006626775223708137,1527.907079952432,-3.165857501737181e-4
36740,2025,1,1527.33309,2.852722704380639e-4,1531.1119385891486,0.0020975481289191578
36740,2025,2,1535.11753,0.005100529796965958,1536.384918051114,0.0034438889339628207
36740,2025,3,1547.20137,0.00786843024270989,1547.5173792335816,0.007245880281478471
36740,2025,4,1553.2964,0.003941398763440462,1561.5323199030902,0.009056402763276017
36740,2025,5,1554.4572,7.442000927553316e-4,1577.5303712199373,0.010245097788203076
36740,2025,6,1552.09733,-0.0015088483176342038,1593.8664845003773,0.010355498428728774
36740,2025,7,1551.46052,-4.101634177405833e-4,1607.7416250386682,0.008705334275624846
36740,2025,8,1547.67625,-0.0024403939184519663,1613.3958501340283,0.0035168742335847103
36740,2025,9,1539.90013,-0.005033448074300062,1607.005148478099,-0.003961025222296318
36740,2025,10,1525.26326,-0.009497699011064342,1598.9029043279763,-0.005041828371113814
36740,2025,11,1511.7835,-0.008841878652080304,1592.5380184259293,-0.0039807832513271135
36740,2025,12,1502.62762,-0.006050598964970844,1592.0338435826857,-3.165857501737181e-4
36740,2026,1,1501.01136,-0.0010814667811311907,1595.3732111924685,0.0020975481289191578
36740,2026,2,1500.91593,-6.696727532473634e-5,1600.867499340035,0.0034438889339628207
36740,2026,3,1500.39506,-3.4602076124568004e-4,1612.4671935867627,0.007245880281478471
36740,2026,4,1501.98721,0.001060753246463264,1627.0703459344538,0.009056402763276017
36740,2026,5,1508.35406,0.004238516965221928,1643.7398407368378,0.010245097788203076
36740,2026,6,1516.54561,0.005431281515871689,1660.761586074827,0.010355498428728774
36740,2026,7,1519.58066,0.002010538758105751,1675.2190708337253,0.008705334275624846
36740,2026,8,1522.09938,0.0016537125847526646,1681.1106056195501,0.0035168742335847103
37980,2017,1,1162.34019,NA,1162.34019,NA
37980,2017,2,1165.87726,0.0030422475595883736,1165.87726,0.0030422475595883736
37980,2017,3,1159.73231,-0.005274818018778382,1159.73231,-0.005274818018778382
37980,2017,4,1176.76947,0.014701983243186056,1176.76947,0.014701983243186056
37980,2017,5,1200.30058,0.01998928678747336,1200.30058,0.01998928678747336
37980,2017,6,1225.52874,0.02101932855990074,1225.52874,0.02101932855990074
37980,2017,7,1222.01136,-0.002872842232035322,1222.01136,-0.002872842232035322
37980,2017,8,1212.50747,-0.007775247537209262,1212.50747,-0.007775247537209262
37980,2017,9,1194.91807,-0.014505801052431377,1194.91807,-0.014505801052431377
37980,2017,10,1180.50507,-0.012055943696040905,1180.50507,-0.012055943696040905
37980,2017,11,1171.48747,-0.0076448218378828425,1171.48747,-0.0076448218378828425
37980,2017,12,1175.3779,0.0033203406958277615,1175.3779,0.0033203406958277615
37980,2018,1,1179.6426,0.0036232831916285235,1179.6426,0.0036232831916285235
37980,2018,2,1183.1065,0.002945508100147265,1183.1065,0.002945508100147265
37980,2018,3,1188.30316,0.004392291398645831,1188.30316,0.004392291398645831
37980,2018,4,1208.24271,0.01678073773143063,1208.24271,0.01678073773143063
37980,2018,5,1230.24152,0.01820888685295463,1230.24152,0.01820888685295463
37980,2018,6,1246.56965,0.013271847936115355,1246.56965,0.013271847936115355
37980,2018,7,1252.04969,0.004390671057337814,1252.04969,0.004390671057337814
37980,2018,8,1253.73203,0.0013384579490893778,1253.73203,0.0013384579490893778
37980,2018,9,1247.2601,-0.005150467220955024,1247.2601,-0.005150467220955024
37980,2018,10,1238.83458,-0.006754924438527654,1238.83458,-0.006754924438527654
37980,2018,11,1228.16299,-0.008625183052446084,1228.16299,-0.008625183052446084
37980,2018,12,1221.71301,-0.005245171062679188,1221.71301,-0.005245171062679188
37980,2019,1,1225.98921,0.003498439544951104,1225.98921,0.003498439544951104
37980,2019,2,1229.14329,0.0025707908003309576,1229.14329,0.0025707908003309576
37980,2019,3,1240.62247,0.009343690194753895,1240.62247,0.009343690194753895
37980,2019,4,1249.38276,0.007063722209829759,1249.38276,0.007063722209829759
37980,2019,5,1267.01319,0.014102185469580641,1267.01319,0.014102185469580641
37980,2019,6,1277.65643,0.00840917364397531,1277.65643,0.00840917364397531
37980,2019,7,1282.86185,0.0040672418564913215,1282.86185,0.0040672418564913215
37980,2019,8,1280.99469,-0.0014501264366437727,1280.99469,-0.0014501264366437727
37980,2019,9,1269.08683,-0.00930148823811816,1269.08683,-0.00930148823811816
37980,2019,10,1263.40866,-0.00447028893330903,1263.40866,-0.00447028893330903
37980,2019,11,1255.38632,-0.006352219626168276,1255.38632,-0.006352219626168276
37980,2019,12,1255.64454,2.0819555686180102e-4,1255.64454,2.0819555686180102e-4
37980,2020,1,1248.27485,-0.005864994918637012,1248.27485,-0.005864994918637012
37980,2020,2,1246.60445,-0.0013424967977139213,1246.60445,-0.0013424967977139213
37980,2020,3,1249.69258,0.0024789413317216624,1250.120358054767,0.0028203878582071145
37980,2020,4,1251.80102,0.001685448550760249,1266.1829225065933,0.01284881439481548
37980,2020,5,1256.19357,0.003512607312609717,1288.2568630219448,0.017433453036669544
37980,2020,6,1260.24376,0.0032188184610866255,1306.5932027290396,0.014233450046663801
37980,2020,7,1270.85634,0.00841771379773082,1309.0256745255706,0.0018616902272646043
37980,2020,8,1280.51105,0.007597386886039059,1305.5842826691564,-0.0026289720082545527
37980,2020,9,1280.92166,3.241763519354901e-4,1292.9820187482294,-0.009652585503834854
37980,2020,10,1278.69457,-0.0017403828842345037,1282.947979593423,-0.00776038568929253
37980,2020,11,1271.76154,-0.005422628351569148,1273.2736005143067,-0.007540741505499067
37980,2020,12,1271.21497,-4.2311923500037985e-4,1272.5450185858786,-5.722116033298752e-4
37980,2021,1,1272.6083,0.0010884814474385607,1277.0763749819707,0.003560861368289814
37980,2021,2,1278.01648,0.004252543069079628,1280.719680811416,0.002852848820022199
37980,2021,3,1291.15032,0.010273560618819566,1284.3318070489436,0.0028203878582071145
37980,2021,4,1309.24362,0.014015241724220084,1300.8339480590737,0.01284881439481548
37980,2021,5,1337.43286,0.02153669105299616,1323.5119756010668,0.017433453036669544
37980,2021,6,1368.40911,0.023151820303249915,1342.350117191946,0.014233450046663801
37980,2021,7,1400.15565,0.023200943767204052,1344.8491572866897,0.0018616902272646043
37980,2021,8,1428.67671,0.020368946963873924,1341.3135864968583,-0.0026289720082545527
37980,2021,9,1449.04395,0.014258810868980287,1328.366442415742,-0.009652585503834854
37980,2021,10,1460.14088,0.007660477453580894,1318.0578064858826,-0.00776038568929253
37980,2021,11,1462.50774,0.0016215305563744842,1308.1186732778674,-0.007540741505499067
37980,2021,12,1462.83899,2.207598343251238e-4,1307.3701525944853,-5.722116033298752e-4
37980,2022,1,1464.55257,0.0011771259209434337,1312.0255164649143,0.003560861368289814
37980,2022,2,1476.50968,0.008167207297997914,1315.7685269114002,0.002852848820022199
37980,2022,3,1483.60317,0.0048002332434373685,1319.4795044889124,0.0028203878582071145
37980,2022,4,1497.71444,0.009513150531617276,1336.4332517398536,0.01284881439481548
37980,2022,5,1511.204,0.009002627905066785,1359.731898070704,0.017433453036669544
37980,2022,6,1537.44477,0.017366445219903826,1379.0855741187488,0.014233450046663801
37980,2022,7,1555.74663,0.011900000000000022,1381.6530042546472,0.0018616902272646043
37980,2022,8,1557.13331,8.992983496391993e-4,1378.020677181341,-0.0026289720082545527
37980,2022,9,1545.59059,-0.007415013674825444,1364.7192147687956,-0.009652585503834854
37980,2022,10,1529.10226,-0.010673430816671714,1354.1284673046016,-0.00776038568929253
37980,2022,11,1508.96501,-0.013161466764531338,1343.9173345674196,-0.007540741505499067
37980,2022,12,1492.69373,-0.010789827607286973,1343.148329474664,-5.722116033298752e-4
37980,2023,1,1480.75658,-0.007992666522469105,1347.9310944729734,0.003560861368289814
37980,2023,2,1488.10083,0.004962985266786513,1351.7765381053116,0.002852848820022199
37980,2023,3,1499.12132,0.007397381987994667,1355.589072240393,0.0028203878582071145
37980,2023,4,1518.37314,0.01285035946137203,1373.0067846252502,0.01284881439481548
37980,2023,5,1533.72682,0.010105305791818564,1396.943033924043,0.017433453036669544
37980,2023,6,1548.37531,0.009553118546883343,1416.826352815436,0.014233450046663801
37980,2023,7,1550.71018,0.001509269096722221,1419.4640445902035,0.0018616902272646043
37980,2023,8,1548.28863,-0.0015664812666685846,1415.732313350252,-0.0026289720082545527
37980,2023,9,1537.99356,-0.006643165681942342,1402.0668361450969,-0.009652585503834854
37980,2023,10,1531.78706,-0.004038546123395492,1391.186256734445,-0.00776038568929253
37980,2023,11,1519.84187,-0.0077986992131041655,1380.6956807864074,-0.007540741505499067
37980,2023,12,1510.9877,-0.005826715897020884,1379.9056306971938,-5.722116033298752e-4
37980,2024,1,1505.77378,-0.003449363546637607,1384.819283349429,0.003560861368289814
37980,2024,2,1507.97026,0.0014600775985296188,1388.7699634078765,0.002852848820022199
37980,2024,3,1519.99599,0.007972839329955184,1392.6868333505147,0.0028203878582071145
37980,2024,4,1533.48574,0.008870682243463213,1410.581207982339,0.01284881439481548
37980,2024,5,1551.728,0.01190070381584496,1435.1725092261076,0.017433453036669544
37980,2024,6,1564.69131,0.008352406146895364,1455.5999654445227,0.014233450046663801
37980,2024,7,1570.15373,0.0034881892858547037,1458.3098416749974,0.0018616902272646043
37980,2024,8,1562.1629,-0.005081907820654541,1454.4759859218718,-0.0026289720082545527
37980,2024,9,1549.54063,-0.008080072435241337,1440.4365321044863,-0.009652585503834854
37980,2024,10,1535.54929,-0.009028942224691638,1429.2581890544084,-0.00776038568929253
37980,2024,11,1527.17936,-0.005456711755459254,1418.4805225061314,-0.007540741505499067
37980,2024,12,1520.58755,-0.004308782668223654,1417.6688514920559,-5.722116033298752e-4
37980,2025,1,1519.43249,-7.684219040685614e-4,1422.7169737383617,0.003560861368289814
37980,2025,2,1524.54669,0.0033694904278138704,1426.7757701781168,0.002852848820022199
37980,2025,3,1531.0233,0.0042456207581609284,1430.7998312367115,0.0028203878582071145
37980,2025,4,1541.72368,0.006989214918358799,1449.1839127044054,0.01284881439481548
37980,2025,5,1553.19125,0.007439318694030694,1474.4481923880346,0.017433453036669544
37980,2025,6,1562.58915,0.006048067785872746,1495.4346770807836,0.014233450046663801
37980,2025,7,1568.32538,0.003679834702612128,1498.2187132046174,0.0018616902272646043
37980,2025,8,1570.62015,0.0014606554323637333,1494.2799381453594,-0.0026289720082545527
37980,2025,9,1568.49222,-0.0013606374439593116,1479.8562732757464,-0.009652585503834854
37980,2025,10,1562.11025,-0.004067869710543959,1468.3720178304075,-0.00776038568929253
37980,2025,11,1550.33818,-0.007529231132632708,1457.2994040100402,-0.007540741505499067
37980,2025,12,1541.92111,-0.005434405339204029,1456.4655203815398,-5.722116033298752e-4
37980,2026,1,1539.00963,-0.0018845160582703357,1461.6517921873126,0.003560861368289814
37980,2026,2,1540.62146,0.001048930091306799,1465.8216637779374,0.002852848820022199
37980,2026,3,1551.10388,0.006795932419890738,1469.9558494007538,0.0028203878582071145
37980,2026,4,1560.42562,0.006016572833240863,1488.8430392782775,0.01284881439481548
37980,2026,5,1571.87992,0.007340263067146191,1514.7987144825079,0.017433453036669544
37980,2026,6,1581.11123,0.005868544600938996,1536.3595263158454,0.014233450046663801
37980,2026,7,1589.19204,0.0051147413457799384,1539.2197518315525,0.0018616902272646043
37980,2026,8,1592.40544,0.002021941450767173,1535.1731861894348,-0.0026289720082545527
38060,2017,1,940.80467,NA,940.80467,NA
38060,2017,2,943.41881,0.0027929245910358613,943.41881,0.0027929245910358613
38060,2017,3,951.54848,0.008604111405835502,951.54848,0.008604111405835502
38060,2017,4,957.27595,0.006032314798073646,957.27595,0.006032314798073646
38060,2017,5,965.60764,0.008691958304741343,965.60764,0.008691958304741343
38060,2017,6,973.78034,0.008471281868541292,973.78034,0.008471281868541292
38060,2017,7,979.48341,0.005846356467130276,979.48341,0.005846356467130276
38060,2017,8,980.80849,0.001357285429141708,980.80849,0.001357285429141708
38060,2017,9,979.51717,-0.001307606442353726,979.51717,-0.001307606442353726
38060,2017,10,978.25673,-0.0012933512167081496,978.25673,-0.0012933512167081496
38060,2017,11,978.86639,6.235311046094427e-4,978.86639,6.235311046094427e-4
38060,2017,12,979.26044,3.994503563098384e-4,979.26044,3.994503563098384e-4
38060,2018,1,982.45882,0.003274185047355882,982.45882,0.003274185047355882
38060,2018,2,986.21597,0.003820682628629557,986.21597,0.003820682628629557
38060,2018,3,995.63433,0.009547069271758524,995.63433,0.009547069271758524
38060,2018,4,1005.5309,0.009943761978070231,1005.5309,0.009943761978070231
38060,2018,5,1015.91595,0.010328039694514013,1015.91595,0.010328039694514013
38060,2018,6,1023.79941,0.007759217920098704,1023.79941,0.007759217920098704
38060,2018,7,1031.42706,0.007455048198108827,1031.42706,0.007455048198108827
38060,2018,8,1039.58151,0.007900283561041554,1039.58151,0.007900283561041554
38060,2018,9,1045.49911,0.005686947102365059,1045.49911,0.005686947102365059
38060,2018,10,1051.25013,0.0055051910361128,1051.25013,0.0055051910361128
38060,2018,11,1054.00557,0.0026185020977773643,1054.00557,0.0026185020977773643
38060,2018,12,1057.45751,0.0032794183113220576,1057.45751,0.0032794183113220576
38060,2019,1,1058.5099,9.909630089779409e-4,1058.5099,9.909630089779409e-4
38060,2019,2,1064.44715,0.005614823133071267,1064.44715,0.005614823133071267
38060,2019,3,1073.83044,0.008816009873931163,1073.83044,0.008816009873931163
38060,2019,4,1087.65993,0.012875411459698949,1087.65993,0.012875411459698949
38060,2019,5,1101.94429,0.0131287567225562,1101.94429,0.0131287567225562
38060,2019,6,1117.11628,0.013767653111915523,1117.11628,0.013767653111915523
38060,2019,7,1127.84483,0.00960448022401117,1127.84483,0.00960448022401117
38060,2019,8,1134.3481,0.005768884081485348,1134.3481,0.005768884081485348
38060,2019,9,1135.19134,7.445503054035463e-4,1135.19134,7.445503054035463e-4
38060,2019,10,1135.66518,4.1333131260268274e-4,1135.66518,4.1333131260268274e-4
38060,2019,11,1136.34195,6.059687926072144e-4,1136.34195,6.059687926072144e-4
38060,2019,12,1140.07298,0.0032757552818112323,1140.07298,0.0032757552818112323
38060,2020,1,1146.56375,0.005693276446298023,1146.56375,0.005693276446298023
38060,2020,2,1152.95432,0.005579200087302949,1152.95432,0.005579200087302949
38060,2020,3,1157.62138,0.004042486807656287,1163.3182996148814,0.008989063517175063
38060,2020,4,1144.66814,-0.011186921569951935,1174.5061210268411,0.009617162745280941
38060,2020,5,1133.86705,-0.009441567491494385,1187.0924240948939,0.010716251573937186
38060,2020,6,1128.91031,-0.004372655043036855,1198.962617443257,0.009999384300185174
38060,2020,7,1144.99253,0.014256224109505444,1208.1170506771466,0.007635294963083424
38060,2020,8,1161.96055,0.014820784613703397,1214.168288732841,0.005008817690556204
38060,2020,9,1174.59493,0.010862396188066281,1216.2420440412182,0.0017079636551382929
38060,2020,10,1183.26563,0.007390146471371484,1218.1171532384292,0.0015417237106691109
38060,2020,11,1189.17172,0.004983147181283565,1219.6795923170284,0.0012826673316646737
38060,2020,12,1196.50467,0.0061684553872054515,1222.5070632848199,0.0023182079831477096
38060,2021,1,1205.46919,0.007490098168651427,1225.1141500972317,0.0021325740281669114
38060,2021,2,1217.84373,0.01027583880426608,1230.1078911167706,0.0040761434509122285
38060,2021,3,1236.2251,0.015090026455705896,1241.1654090829973,0.008989063517175063
38060,2021,4,1264.83374,0.023139889424475868,1253.1018988159617,0.009617162745280941
38060,2021,5,1302.52058,0.029800915048843857,1266.5304540114519,0.010716251573937186
38060,2021,6,1353.52989,0.03915706051873191,1279.1949787490005,0.009999384300185174
38060,2021,7,1411.1482,0.0425694179637397,1288.9620097270442,0.007635294963083424
38060,2021,8,1470.11962,0.04178442781934044,1295.41818544382,0.005008817690556204
38060,2021,9,1510.53738,0.02750146284376842,1297.6307126227632,0.0017079636551382929
38060,2021,10,1532.93928,0.014827086353282226,1299.6313006601063,0.0015417237106691109
38060,2021,11,1538.17366,0.0034179488225931642,1301.2982952726718,0.0012826673316646737
38060,2021,12,1542.89101,0.003060591578797567,1304.3149753692294,0.0023182079831477096
38060,2022,1,1542.82024,-4.0548211823865365e-5,1307.0965236102509,0.0021325740281669114
38060,2022,2,1545.05709,0.0014496573537163826,1312.4244365446748,0.0040761434509122285
38060,2022,3,1546.37788,8.50314312611955e-4,1324.2219031662673,0.008989063517175063
38060,2022,4,1551.74316,0.003469166894235931,1336.9571607198832,0.009617162745280941
38060,2022,5,1558.08337,0.00408208518959019,1351.2843299977342,0.010716251573937186
38060,2022,6,1564.03465,0.003824571617863981,1364.7963413121995,0.009999384300185174
38060,2022,7,1567.88472,0.0024599999999999067,1375.2169639426552,0.007635294963083424
38060,2022,8,1565.82321,-0.0013167607685095062,1382.1051750000042,0.005008817690556204
38060,2022,9,1555.25094,-0.0067523023752920075,1384.4657604064828,0.0017079636551382929
38060,2022,10,1536.96607,-0.011756069108389222,1386.600224095911,0.0015417237106691109
38060,2022,11,1518.95209,-0.011712747662029677,1388.3787709054377,0.0012826673316646737
38060,2022,12,1503.37873,-0.010255565394674648,1391.5973216557836,0.0023182079831477096
38060,2023,1,1495.41222,-0.00530575726680671,1394.5650059616132,0.0021325740281669114
38060,2023,2,1491.53739,-0.002583357737522496,1400.249452977535,0.0040761434509122285
38060,2023,3,1491.96149,2.831227389503699e-4,1412.8363842502397,0.008989063517175063
38060,2023,4,1490.88999,-7.233310969473328e-4,1426.4238616900286,0.009617162745280941
38060,2023,5,1490.87762,0,1441.709778642966,0.010716251573937186
38060,2023,6,1490.54693,-2.3079424692884487e-4,1456.1259887689519,0.009999384300185174
38060,2023,7,1492.98066,0.0016369188151226233,1467.2439401966142,0.007635294963083424
38060,2023,8,1490.97647,-0.0013409179002064064,1474.5930976006325,0.005008817690556204
38060,2023,9,1479.7212,-0.007552790861123038,1477.1116490174522,0.0017079636551382929
38060,2023,10,1466.30536,-0.009068904649663367,1479.3889470700478,0.0015417237106691109
38060,2023,11,1451.48852,-0.010101225586927054,1481.2865109432803,0.0012826673316646737
38060,2023,12,1442.83696,-0.005958794879530993,1484.720441158278,0.0023182079831477096
38060,2024,1,1437.61325,-0.0036205569587322017,1487.8867174101804,0.0021325740281669114
38060,2024,2,1440.09052,0.0017189420890584284,1493.9515571090515,0.0040761434509122285
38060,2024,3,1445.22711,0.003573174042899918,1507.3807825474871,0.008989063517175063
38060,2024,4,1448.87861,0.0025215358642483032,1521.8775088523555,0.009617162745280941
38060,2024,5,1449.85459,6.800738365879688e-4,1538.186331101934,0.010716251573937186
38060,2024,6,1450.24528,2.6968716289110795e-4,1553.567247351914,0.009999384300185174
38060,2024,7,1451.02729,5.392289026691088e-4,1565.4291915304314,0.007635294963083424
38060,2024,8,1448.50647,-0.0017461600646725417,1573.2701409582821,0.005008817690556204
38060,2024,9,1442.11094,-0.004405429043438769,1575.957229178753,0.0017079636551382929
38060,2024,10,1429.08357,-0.00903421723333886,1578.3869198059783,0.0015417237106691109
38060,2024,11,1413.42551,-0.01096616031169284,1580.41146514474,0.0012826673316646737
38060,2024,12,1402.82723,-0.007491424145180892,1584.0751876198967,0.0023182079831477096
38060,2025,1,1398.57345,-0.003032566643996759,1587.4533452236785,0.0021325740281669114
38060,2025,2,1402.96133,0.0031312555216336246,1593.9240327804407,0.0040761434509122285
38060,2025,3,1410.06344,0.005072407219540498,1608.2519171526558,0.008989063517175063
38060,2025,4,1410.8931,5.878699143706534e-4,1623.718737575323,0.009617162745280941
38060,2025,5,1406.86376,-0.002860025052932591,1641.1189160524962,0.010716251573937186
38060,2025,6,1398.4678,-0.005969916954786436,1657.5290947764083,0.009999384300185174
38060,2025,7,1393.33654,-0.0036683293443980913,1670.1848183249188,0.007635294963083424
38060,2025,8,1387.90033,-0.003906337696158779,1678.550469589443,0.005008817690556204
38060,2025,9,1377.74384,-0.007313664946246301,1681.4173727848172,0.0017079636551382929
38060,2025,10,1367.96568,-0.007095097004166218,1684.0096538159708,0.0015417237106691109
38060,2025,11,1356.66897,-0.008254824842220843,1686.1696779851281,0.0012826673316646737
38060,2025,12,1349.77168,-0.00508404233243398,1690.0785699935748,0.0023182079831477096
38060,2026,1,1345.25658,-0.003348744510492385,1693.6827876575044,0.0021325740281669114
38060,2026,2,1344.99985,-1.8602055527139338e-4,1700.5864816603373,0.0040761434509122285
38060,2026,3,1346.50182,0.0011163309921391473,1715.8731615604313,0.008989063517175063
38060,2026,4,1349.91809,0.0025321748826836465,1732.3749930054178,0.009617162745280941
38060,2026,5,1351.05213,8.342022940563965e-4,1750.9395592508615,0.010716251573937186
38060,2026,6,1350.3315,-5.325183487300267e-4,1768.4478767902076,0.009999384300185174
38060,2026,7,1349.32881,-7.41289844329085e-4,1781.9504979563394,0.007635294963083424
38060,2026,8,1347.8307,-0.0011011683976260844,1790.8759631341989,0.005008817690556204
38300,2017,1,910.41334,NA,910.41334,NA
38300,2017,2,916.4807,0.006662590129684842,916.4807,0.006662590129684842
38300,2017,3,922.5613,0.00663114868199588,922.5613,0.00663114868199588
38300,2017,4,934.59408,0.013049217424099702,934.59408,0.013049217424099702
38300,2017,5,946.38598,0.012620527902907464,946.38598,0.012620527902907464
38300,2017,6,964.67259,0.019313725490196276,964.67259,0.019313725490196276
38300,2017,7,970.13168,0.005662691160911892,970.13168,0.005662691160911892
38300,2017,8,954.80383,-0.01580451181751885,954.80383,-0.01580451181751885
38300,2017,9,939.68466,-0.015827512906164576,939.68466,-0.015827512906164576
38300,2017,10,924.727,-0.015921601540322405,924.727,-0.015921601540322405
38300,2017,11,920.14456,-0.004954096222344884,920.14456,-0.004954096222344884
38300,2017,12,910.44029,-0.010549932566141895,910.44029,-0.010549932566141895
38300,2018,1,908.09143,-0.0025732484076433915,908.09143,-0.0025732484076433915
38300,2018,2,915.79005,0.008480420955835344,915.79005,0.008480420955835344
38300,2018,3,931.38699,0.017020845469972956,931.38699,0.017020845469972956
38300,2018,4,949.60235,0.019562672776629375,949.60235,0.019562672776629375
38300,2018,5,970.41224,0.021910915153217525,970.41224,0.021910915153217525
38300,2018,6,991.65587,0.021895280324126576,991.65587,0.021895280324126576
38300,2018,7,1009.35676,0.017847326994374635,1009.35676,0.017847326994374635
38300,2018,8,1013.09659,0.003711406542646678,1013.09659,0.003711406542646678
38300,2018,9,1003.6697,-0.00930717098635403,1003.6697,-0.00930717098635403
38300,2018,10,991.80357,-0.011821259778827975,991.80357,-0.011821259778827975
38300,2018,11,981.34879,-0.01054773375742557,981.34879,-0.01054773375742557
38300,2018,12,980.40789,-9.572883919918285e-4,980.40789,-9.572883919918285e-4
38300,2019,1,972.38484,-0.00818615215359686,972.38484,-0.00818615215359686
38300,2019,2,974.2745,0.001944156200426983,974.2745,0.001944156200426983
38300,2019,3,983.20343,0.009166230179515233,983.20343,0.009166230179515233
38300,2019,4,1004.98282,0.022153018614197606,1004.98282,0.022153018614197606
38300,2019,5,1022.71949,0.017645293818953967,1022.71949,0.017645293818953967
38300,2019,6,1030.34721,0.007461924904457851,1030.34721,0.007461924904457851
38300,2019,7,1030.16011,-1.8010108173216466e-4,1030.16011,-1.8010108173216466e-4
38300,2019,8,1021.72186,-0.00819607534084632,1021.72186,-0.00819607534084632
38300,2019,9,1008.63328,-0.012804358930699755,1008.63328,-0.012804358930699755
38300,2019,10,1003.46254,-0.0051283820299654614,1003.46254,-0.0051283820299654614
38300,2019,11,1001.48704,-0.0019648409056761684,1001.48704,-0.0019648409056761684
38300,2019,12,1006.00453,0.004504869659876398,1006.00453,0.004504869659876398
38300,2020,1,1002.81323,-0.0031703942817614683,1002.81323,-0.0031703942817614683
38300,2020,2,1005.38493,0.002567512866477717,1005.38493,0.002567512866477717
38300,2020,3,1003.13964,-0.002237936484132619,1016.3832460574113,0.01093940811049469
38300,2020,4,997.04306,-0.0060814169932825735,1034.9372913211957,0.018254969604975562
38300,2020,5,993.68849,-0.003361755092070262,1052.9371748983533,0.01739224562502632
38300,2020,6,996.5291,0.0028595438735732337,1070.0196523285888,0.0162236435729269
38300,2020,7,995.04754,-0.0014897058994681744,1078.3408089138888,0.00777663902451812
38300,2020,8,996.60801,0.0015735182702953932,1071.0479251014374,-0.0067630602052394986
38300,2020,9,994.04255,-0.0025718608169439383,1057.5030807360565,-0.012646347607739453
38300,2020,10,992.5677,-0.0014934254279014292,1045.9159336996183,-0.010957081116371947
38300,2020,11,977.80283,-0.014874796975964166,1039.8263772370265,-0.005822223628482208
38300,2020,12,969.16496,-0.008824785311002503,1037.3993007094907,-0.0023341170994191085
38300,2021,1,969.0166,-1.5556938394534203e-4,1031.8184034003486,-0.0053797002806201255
38300,2021,2,979.82959,0.01115486349654704,1037.695354622889,0.005695722428649057
38300,2021,3,995.79063,0.016287300403631466,1049.0471276014732,0.01093940811049469
38300,2021,4,1016.05031,0.020347313618840124,1068.1974510300251,0.018254969604975562
38300,2021,5,1042.09256,0.025637513412323454,1086.7758034743665,0.01739224562502632
38300,2021,6,1067.22564,0.024117437563994093,1104.4072667536157,0.0162236435729269
38300,2021,7,1095.27047,0.026277181886349643,1112.9958434032133,0.00777663902451812
38300,2021,8,1109.0948,0.012622171394686355,1105.468585506096,-0.0067630602052394986
38300,2021,9,1112.11088,0.0027188405190894382,1091.4884455043498,-0.012646347607739453
38300,2021,10,1104.82767,-0.006549239224520109,1079.528918069376,-0.010957081116371947
38300,2021,11,1094.5452,-0.009311260641815533,1073.2436592949628,-0.005822223628482208
38300,2021,12,1088.43553,-0.005584165130226526,1070.738582917959,-0.0023341170994191085
38300,2022,1,1083.36937,-0.004645859750444958,1064.9783302629646,-0.0053797002806201255
38300,2022,2,1082.29263,-9.956000899251638e-4,1071.0441512246687,0.005695722428649057
38300,2022,3,1093.38603,0.010244540174457306,1082.760740299274,0.01093940811049469
38300,2022,4,1107.54826,0.012951609139317144,1102.5265047028981,0.018254969604975562
38300,2022,5,1135.30628,0.025069375359966672,1121.7019164807928,0.01739224562502632
38300,2022,6,1159.79253,0.021565242264197204,1139.900008568846,0.0162236435729269
38300,2022,7,1182.17319,0.019300000000000095,1148.7645994595312,0.00777663902451812
38300,2022,8,1187.82209,0.004777788678504757,1140.9954353117384,-0.0067630602052394986
38300,2022,9,1177.65428,-0.00856303152796889,1126.5660104179424,-0.012646347607739453
38300,2022,10,1154.30405,-0.019824699625763387,1114.2221352588456,-0.010957081116371947
38300,2022,11,1131.59009,-0.019683101068051934,1107.7348848155636,-0.005822223628482208
38300,2022,12,1123.22079,-0.0073897179403081825,1105.1493018792926,-0.0023341170994191085
38300,2023,1,1124.97779,0.0015591603250486585,1099.2039298698455,-0.0053797002806201255
38300,2023,2,1131.41774,0.005721767459123006,1105.4646903468645,0.005695722428649057
38300,2023,3,1130.01094,-0.0012403513987269132,1117.5578197463103,0.01093940811049469
38300,2023,4,1141.8409,0.010468839806223817,1137.9588037775823,0.018254969604975562
38300,2023,5,1154.19506,0.010817454190874765,1157.750462804043,0.01739224562502632
38300,2023,6,1167.91615,0.011887416220344171,1176.533393658967,0.0162236435729269
38300,2023,7,1163.17678,-0.004051638530287893,1185.6828691617443,0.00777663902451812
38300,2023,8,1160.0882,-0.002662226299206316,1177.6640245332821,-0.0067630602052394986
38300,2023,9,1150.74666,-0.008047988002999329,1162.770875913905,-0.012646347607739453
38300,2023,10,1150.24153,-4.4345898004438666e-4,1150.0303011067615,-0.010957081116371947
38300,2023,11,1145.19729,-0.0043760587238848014,1143.3345675141873,-0.005822223628482208
38300,2023,12,1140.98697,-0.003676247189645654,1140.6658907497954,-0.0023341170994191085
38300,2024,1,1149.37394,0.007349129387369313,1134.5294501372348,-0.0053797002806201255
38300,2024,2,1162.90906,0.011775746200884063,1140.9914149723445,0.005695722428649057
38300,2024,3,1170.42647,0.006462615564132301,1153.473185711298,0.01093940811049469
38300,2024,4,1172.76592,0.002001644916119316,1174.5298036566119,0.018254969604975562
38300,2024,5,1177.21995,0.003797505908879728,1194.9575144957216,0.01739224562502632
38300,2024,6,1192.70495,0.013152320621065305,1214.3440792956908,0.0162236435729269
38300,2024,7,1207.68968,0.012563449308621077,1223.7875948519343,0.00777663902451812
38300,2024,8,1208.62576,7.778738115817863e-4,1215.5110456695252,-0.0067630602052394986
38300,2024,9,1206.31202,-0.0019191831956318905,1200.1392704649415,-0.012646347607739453
38300,2024,10,1183.01982,-0.01930565036390386,1186.9892471275136,-0.010957081116371947
38300,2024,11,1168.07894,-0.012636883228924756,1180.0783302861337,-0.005822223628482208
38300,2024,12,1152.67838,-0.013175923903330111,1177.3238892767588,-0.0023341170994191085
38300,2025,1,1158.74873,0.005262257639329082,1170.9902396192358,-0.0053797002806201255
38300,2025,2,1168.57015,0.008477629866880276,1177.6598749907644,0.005695722428649057
38300,2025,3,1187.09329,0.015850015383546356,1190.5427769786427,0.01093940811049469
38300,2025,4,1201.82511,0.012407917619243092,1212.276099185811,0.018254969604975562
38300,2025,5,1218.34701,0.013751640546591393,1233.3603028681996,0.01739224562502632
38300,2025,6,1234.40539,0.013174804139020946,1253.3699008189303,0.0162236435729269
38300,2025,7,1241.75232,0.005956799113057132,1263.1169061017954,0.00777663902451812
38300,2025,8,1245.24139,0.002811323750548711,1254.5743704195731,-0.0067630602052394986
38300,2025,9,1237.66256,-0.00609120035764843,1238.7085868314864,-0.012646347607739453
38300,2025,10,1226.56259,-0.008967895496373557,1225.1359563660274,-0.010957081116371947
38300,2025,11,1210.72859,-0.012906947057877871,1218.00294085277,-0.005822223628482208
38300,2025,12,1197.37805,-0.011025749099547788,1215.159979361383,-0.0023341170994191085
38300,2026,1,1192.20449,-0.004319989151596926,1208.622782879414,-0.0053797002806201255
38300,2026,2,1197.90961,0.004786225010944056,1215.5067627716367,0.005695722428649057
38300,2026,3,1211.42436,0.011279251019005176,1228.8036873106619,0.01093940811049469
38300,2026,4,1230.07071,0.015394631026691696,1251.235461273,0.018254969604975562
38300,2026,5,1250.04891,0.016236092777673017,1272.9972557502033,0.01739224562502632
38300,2026,6,1265.0692,0.012014993227069448,1293.6499094968085,0.0162236435729269
38300,2026,7,1271.87696,0.005381519477066776,1303.7101578670658,0.00777663902451812
38300,2026,8,1269.54713,-0.0018328713160199461,1294.8930875792284,-0.0067630602052394986
38900,2017,1,1412.18798,NA,1412.18798,NA
38900,2017,2,1410.41543,-0.0012511192611036615,1410.41543,-0.0012511192611036615
38900,2017,3,1401.32078,-0.006447651212772465,1401.32078,-0.006447651212772465
38900,2017,4,1400.1565,-8.281829419036768e-4,1400.1565,-8.281829419036768e-4
38900,2017,5,1417.14117,0.012123761335098404,1417.14117,0.012123761335098404
38900,2017,6,1437.47574,0.014349797709410472,1437.47574,0.014349797709410472
38900,2017,7,1451.79867,0.009965416270018235,1451.79867,0.009965416270018235
38900,2017,8,1450.84996,-6.562149521560645e-4,1450.84996,-6.562149521560645e-4
38900,2017,9,1435.24679,-0.010745113957902896,1435.24679,-0.010745113957902896
38900,2017,10,1406.96464,-0.019708178954609745,1406.96464,-0.019708178954609745
38900,2017,11,1392.4797,-0.010292270947726112,1392.4797,-0.010292270947726112
38900,2017,12,1384.18139,-0.0059708919019777484,1384.18139,-0.0059708919019777484
38900,2018,1,1385.5961,0.0010261544237266662,1385.5961,0.0010261544237266662
38900,2018,2,1381.35357,-0.00306280628062805,1381.35357,-0.00306280628062805
38900,2018,3,1392.75593,0.008263633741708132,1392.75593,0.008263633741708132
38900,2018,4,1410.79076,0.012946795015297496,1410.79076,0.012946795015297496
38900,2018,5,1439.99291,0.020700578290176352,1439.99291,0.020700578290176352
38900,2018,6,1454.21564,0.00987574128204205,1454.21564,0.00987574128204205
38900,2018,7,1461.07066,0.004704957476713512,1461.07066,0.004704957476713512
38900,2018,8,1451.3928,-0.006615371847917495,1451.3928,-0.006615371847917495
38900,2018,9,1442.77234,-0.00594335907197685,1442.77234,-0.00594335907197685
38900,2018,10,1431.25893,-0.007983864190267975,1431.25893,-0.007983864190267975
38900,2018,11,1416.29682,-0.010444401413564397,1416.29682,-0.010444401413564397
38900,2018,12,1405.51826,-0.007619397052528565,1405.51826,-0.007619397052528565
38900,2019,1,1409.16047,0.00260037958147441,1409.16047,0.00260037958147441
38900,2019,2,1419.23946,0.007141715732671194,1419.23946,0.007141715732671194
38900,2019,3,1434.88813,0.011033270681280127,1434.88813,0.011033270681280127
38900,2019,4,1445.48282,0.007387913759385745,1445.48282,0.007387913759385745
38900,2019,5,1459.19605,0.009478729778310324,1459.19605,0.009478729778310324
38900,2019,6,1472.38326,0.009045476668130714,1472.38326,0.009045476668130714
38900,2019,7,1483.60814,0.007623260355516859,1483.60814,0.007623260355516859
38900,2019,8,1489.78698,0.004156402143582705,1489.78698,0.004156402143582705
38900,2019,9,1483.61618,-0.004139197972258035,1483.61618,-0.004139197972258035
38900,2019,10,1472.67121,-0.007378781333551299,1472.67121,-0.007378781333551299
38900,2019,11,1455.65251,-0.01155035933144366,1455.65251,-0.01155035933144366
38900,2019,12,1449.31194,-0.004355224484453246,1449.31194,-0.004355224484453246
38900,2020,1,1449.02566,-2.0317672789860186e-4,1449.02566,-2.0317672789860186e-4
38900,2020,2,1459.40732,0.0071604466014776325,1459.40732,0.0071604466014776325
38900,2020,3,1467.13316,0.005293580050562019,1465.6580847305074,0.004283084403405265
38900,2020,4,1457.32739,-0.006682487396545422,1475.1880504944465,0.006502175277593188
38900,2020,5,1445.46487,-0.008141870609630009,1495.9897113222487,0.01410102313452836
38900,2020,6,1436.17993,-0.006423161729460336,1512.580743692908,0.011090338553194412
38900,2020,7,1445.57272,0.006549112311848848,1523.8210509095738,0.007431211367416202
38900,2020,8,1455.73697,0.0070217482475585236,1522.2387229238968,-0.0010383948854969516
38900,2020,9,1457.20307,0.001011411096964565,1511.6704938213056,-0.006942557000712594
38900,2020,10,1455.30991,-0.0012956755343176418,1493.9986503019634,-0.011690274826143007
38900,2020,11,1447.15132,-0.005606008307842414,1477.9197230448963,-0.010762343897578056
38900,2020,12,1443.00296,-0.002872668948842527,1469.0790469610276,-0.0059818378129865195
38900,2021,1,1443.00601,1.2003937291282796e-5,1471.7428795210938,0.0018132670026005382
38900,2021,2,1460.24665,0.011943774232657578,1473.130139547192,9.42596730313161e-4
38900,2021,3,1473.42585,0.0090270693459229,1479.4396802720728,0.004283084403405265
38900,2021,4,1496.52362,0.0156707381587764,1489.0592563858281,0.006502175277593188
38900,2021,5,1520.00551,0.01569517107273488,1510.0565154088083,0.01410102313452836
38900,2021,6,1558.81355,0.025526483726866722,1526.8035533991492,0.011090338553194412
38900,2021,7,1591.95761,0.021268557205084804,1538.1495533209802,0.007431211367416202
38900,2021,8,1621.27414,0.018410114682392953,1536.5523466916825,-0.0010383948854969516
38900,2021,9,1647.93201,0.01644265903117592,1525.8847444401968,-0.006942557000712594
38900,2021,10,1657.73113,0.0059493151980827275,1508.046732424672,-0.011690274826143007
38900,2021,11,1651.69136,-0.003646698640585977,1491.8166148766988,-0.010762343897578056
38900,2021,12,1635.37848,-0.009878977284644708,1482.892809839788,-0.0059818378129865195
38900,2022,1,1630.28118,-0.003114010930813871,1485.5816904402639,0.0018132670026005382
38900,2022,2,1636.32975,0.003708111094583355,1486.981994884286,9.42596730313161e-4
38900,2022,3,1650.49659,0.008659108471741339,1493.3508642747192,0.004283084403405265
38900,2022,4,1668.82306,0.011103531510731068,1503.0608933451786,0.006502175277593188
38900,2022,5,1697.75195,0.01733390075044361,1524.2555897748439,0.01410102313452836
38900,2022,6,1732.16463,0.020272820952322634,1541.160100307046,0.011090338553194412
38900,2022,7,1760.65442,0.016450000000000076,1552.612786763456,0.007431211367416202
38900,2022,8,1771.4107,0.0061094987456340455,1551.0005615865234,-0.0010383948854969516
38900,2022,9,1766.30263,-0.002884634189271096,1540.232651779572,-0.006942557000712594
38900,2022,10,1750.9457,-0.008698551548969702,1522.2269087840696,-0.011690274826143007
38900,2022,11,1728.4732,-0.012830912904119307,1505.8441793015884,-0.010762343897578056
38900,2022,12,1705.06015,-0.013548859069818842,1496.8364636493764,-0.0059818378129865195
38900,2023,1,1694.91932,-0.005943008076395473,1499.5506278172013,0.0018132670026005382
38900,2023,2,1695.99866,6.336228921819398e-4,1500.9640993359208,9.42596730313161e-4
38900,2023,3,1699.59225,0.002124356565078811,1507.3928552598577,0.004283084403405265
38900,2023,4,1697.61379,-0.0011720342437830933,1517.194187816949,0.006502175277593188
38900,2023,5,1694.73101,-0.0016937911331054156,1538.5881781589278,0.01410102313452836
38900,2023,6,1693.28019,-8.585533376260779e-4,1555.6516419486532,0.011090338553194412
38900,2023,7,1691.43607,-0.001084343511840835,1567.2120181140417,0.007431211367416202
38900,2023,8,1685.35521,-0.003594506856189006,1565.5846331699427,-0.0010383948854969516
38900,2023,9,1673.17683,-0.00722522559559291,1554.7154726147205,-0.006942557000712594
38900,2023,10,1654.17856,-0.011356695481132495,1536.5404214633975,-0.011690274826143007
38900,2023,11,1635.22982,-0.011455737292927703,1520.003645035079,-0.010762343897578056
38900,2023,12,1621.8314,-0.00819880513537563,1510.9112297553306,-0.0059818378129865195
38900,2024,1,1622.33712,3.20410124959869e-4,1513.6509152321044,0.0018132670026005382
38900,2024,2,1632.13388,0.006032457826179893,1515.0776776356377,9.42596730313161e-4
38900,2024,3,1647.40944,0.009360573096311997,1521.5668832066663,0.004283084403405265
38900,2024,4,1663.94892,0.010041321879567189,1531.460377777857,0.006502175277593188
38900,2024,5,1678.14248,0.008525743790468665,1553.0555359945163,0.01410102313452836
38900,2024,6,1692.30772,0.008443348024896657,1570.2794476806082,0.011090338553194412
38900,2024,7,1699.21734,0.004083972200329411,1581.9485261622326,0.007431211367416202
38900,2024,8,1700.09761,5.198882749903877e-4,1580.3058389035461,-0.0010383948854969516
38900,2024,9,1692.19269,-0.0046561860029139535,1569.3344755383994,-0.006942557000712594
38900,2024,10,1679.77381,-0.007339393194939259,1550.9885242252142,-0.011690274826143007
38900,2024,11,1663.42688,-0.009724155710234661,1534.2962523463054,-0.010762343897578056
38900,2024,12,1648.58557,-0.008924108630456451,1525.118341007697,-0.0059818378129865195
38900,2025,1,1641.59385,-0.004244812188074487,1527.883787770507,0.0018132670026005382
38900,2025,2,1645.20549,0.0022053159721855398,1529.323966033158,9.42596730313161e-4
38900,2025,3,1653.37321,0.00495893872394193,1535.8741896598285,0.004283084403405265
38900,2025,4,1661.83676,0.005123047427475935,1545.860712845328,0.006502175277593188
38900,2025,5,1670.04085,0.004940587867417134,1567.6589305199186,0.01410102313452836
38900,2025,6,1678.78446,0.005227456593440927,1585.0447987953232,0.011090338553194412
38900,2025,7,1685.91942,0.004251016323077339,1596.8236017219951,0.007431211367416202
38900,2025,8,1683.07444,-0.0016849892119593646,1595.1654682609262,-0.0010383948854969516
38900,2025,9,1673.27493,-0.005825082847909724,1584.0909410719562,-0.006942557000712594
38900,2025,10,1655.88422,-0.010393374741200723,1565.5724826212215,-0.011690274826143007
38900,2025,11,1635.47404,-0.012322691325996948,1548.723253166667,-0.010762343897578056
38900,2025,12,1621.65429,-0.008451778262619447,1539.459041849023,-0.0059818378129865195
38900,2026,1,1614.93139,-0.0041444135868403675,1542.250492131463,0.0018132670026005382
38900,2026,2,1619.22859,0.002660030890681231,1543.70421240267,9.42596730313161e-4
38900,2026,3,1630.10562,0.006718014548566575,1550.3160278382827,0.004283084403405265
38900,2026,4,1640.75386,0.006535044842096216,1560.396454386949,0.006502175277593188
38900,2026,5,1651.97387,0.006830442447979923,1582.3996408892956,0.01410102313452836
38900,2026,6,1655.66818,0.0022438922092902214,1599.9489886332112,0.011090338553194412
38900,2026,7,1657.75875,0.0012554402410445142,1611.8385477448282,0.007431211367416202
38900,2026,8,1656.52023,-7.418707682019798e-4,1610.1648228406032,-0.0010383948854969516
39300,2017,1,924.4042,NA,924.4042,NA
39300,2017,2,917.0741,-0.00792852133077182,917.0741,-0.00792852133077182
39300,2017,3,918.00174,0.0010143546552729976,918.00174,0.0010143546552729976
39300,2017,4,949.72555,0.034560584658846594,949.72555,0.034560584658846594
39300,2017,5,977.3868,0.029117136369707364,977.3868,0.029117136369707364
39300,2017,6,993.5752,0.016569327276660273,993.5752,0.016569327276660273
39300,2017,7,1000.01133,0.006482821233012581,1000.01133,0.006482821233012581
39300,2017,8,1007.36861,0.007357190173500117,1007.36861,0.007357190173500117
39300,2017,9,1002.24778,-0.005092832258335234,1002.24778,-0.005092832258335234
39300,2017,10,995.20409,-0.007017395828938788,995.20409,-0.007017395828938788
39300,2017,11,984.62692,-0.01063588726809217,984.62692,-0.01063588726809217
39300,2017,12,975.70756,-0.009061108804878426,975.70756,-0.009061108804878426
39300,2018,1,965.41869,-0.010545170889550093,965.41869,-0.010545170889550093
39300,2018,2,965.46923,5.839757066117279e-5,965.46923,5.839757066117279e-5
39300,2018,3,980.0856,0.015138686131386914,980.0856,0.015138686131386914
39300,2018,4,1009.97753,0.03050174727123678,1009.97753,0.03050174727123678
39300,2018,5,1036.40693,0.026165954952692028,1036.40693,0.026165954952692028
39300,2018,6,1052.74561,0.01576163083241533,1052.74561,0.01576163083241533
39300,2018,7,1048.09754,-0.004418143844053035,1048.09754,-0.004418143844053035
39300,2018,8,1046.99463,-0.0010489228369328085,1046.99463,-0.0010489228369328085
39300,2018,9,1040.98229,-0.00573474772494742,1040.98229,-0.00573474772494742
39300,2018,10,1042.40754,0.0013674889653116917,1042.40754,0.0013674889653116917
39300,2018,11,1035.81134,-0.006327830284346803,1035.81134,-0.006327830284346803
39300,2018,12,1036.55807,7.211767427304228e-4,1036.55807,7.211767427304228e-4
39300,2019,1,1028.29504,-0.00798161644729678,1028.29504,-0.00798161644729678
39300,2019,2,1023.54669,-0.0046191592307799345,1023.54669,-0.0046191592307799345
39300,2019,3,1025.74808,0.002161938859818413,1025.74808,0.002161938859818413
39300,2019,4,1035.85421,0.009852013685642369,1035.85421,0.009852013685642369
39300,2019,5,1056.94785,0.02035540316216289,1056.94785,0.02035540316216289
39300,2019,6,1070.48762,0.012815042005600796,1070.48762,0.012815042005600796
39300,2019,7,1078.91198,0.007873497386472916,1078.91198,0.007873497386472916
39300,2019,8,1085.87825,0.006453382800559071,1085.87825,0.006453382800559071
39300,2019,9,1077.46364,-0.00774891943460132,1077.46364,-0.00774891943460132
39300,2019,10,1065.44308,-0.01115820317609817,1065.44308,-0.01115820317609817
39300,2019,11,1047.43129,-0.016906327305438396,1047.43129,-0.016906327305438396
39300,2019,12,1038.5075200000001,-0.008517795868936195,1038.5075200000001,-0.008517795868936195
39300,2020,1,1044.81269,0.006066610569745556,1044.81269,0.006066610569745556
39300,2020,2,1047.73933,0.0028059194107568075,1047.73933,0.0028059194107568075
39300,2020,3,1066.33975,0.01775697162920209,1054.135771501255,0.006104993215492774
39300,2020,4,1067.85616,0.001414277594935065,1080.45906867197,0.024971448538575247
39300,2020,5,1072.46213,0.004316034000316771,1107.7005011074834,0.025212831494854093
39300,2020,6,1065.0905,-0.006873349016309316,1124.3699167574919,0.015048666704892133
39300,2020,7,1072.91607,0.007344378572940791,1128.0946450058166,0.0033127249251441544
39300,2020,8,1078.75172,0.0054385665304836905,1132.8934280661933,0.004253883379042127
39300,2020,9,1084.67946,0.005500607549290049,1125.8783633638611,-0.006192166472627991
39300,2020,10,1092.92265,0.007601548896800647,1119.5704008896062,-0.005602703346575089
39300,2020,11,1091.91016,-9.285170808454035e-4,1106.9304343230451,-0.01129001495262579
39300,2020,12,1091.5492,-3.3560945386024166e-4,1100.7103236228936,-0.005619242643694733
39300,2021,1,1085.16449,-0.00584931241526232,1090.514010580277,-0.009263393668423436
39300,2021,2,1085.41864,2.337905236906579e-4,1085.9740978857212,-0.004163094330296861
39300,2021,3,1102.24943,0.015504479937670457,1092.6039623855145,0.006104993215492774
39300,2021,4,1124.40796,0.020114060661858835,1119.8878660052676,0.024971448538575247
39300,2021,5,1164.52958,0.0356744425084925,1148.1234100639901,0.025212831494854093
39300,2021,6,1208.24935,0.03754402527141343,1165.4011365981273,0.015048666704892133
39300,2021,7,1259.57737,0.04248468941382333,1169.2617899911272,0.0033127249251441544
39300,2021,8,1292.25866,0.025949175870287666,1174.2356932853197,0.004253883379042127
39300,2021,9,1308.55979,0.012608249896385537,1166.9646303943953,-0.006192166472627991
39300,2021,10,1308.86155,2.369617199111662e-4,1160.42647375435,-0.005602703346575089
39300,2021,11,1301.08019,-0.00595494486560999,1147.3252415142404,-0.01129001495262579
39300,2021,12,1294.44044,-0.005102317166968184,1140.878142590936,-0.005619242643694733
39300,2022,1,1284.14949,-0.007948606271776959,1130.3097392284164,-0.009263393668423436
39300,2022,2,1288.46095,0.0033585775436284493,1125.6041531615554,-0.004163094330296861
39300,2022,3,1289.8152,0.001050144394854291,1132.4759588799375,0.006104993215492774
39300,2022,4,1317.79016,0.021691144330798107,1160.7555240082813,0.024971448538575247
39300,2022,5,1362.04619,0.03358396526091734,1190.0214574418233,0.025212831494854093
39300,2022,6,1409.44629,0.03480033527530879,1207.929693726535,0.015048666704892133
39300,2022,7,1429.24481,0.014049999999999896,1211.9312325307649,0.0033127249251441544
39300,2022,8,1416.12046,-0.009181006853705376,1217.0866466573696,0.004253883379042127
39300,2022,9,1389.49441,-0.018810836634353123,1209.5502435296546,-0.006192166472627991
39300,2022,10,1352.8939,-0.026332873488598696,1202.7734923323803,-0.005602703346575089
39300,2022,11,1324.29442,-0.021148476892944967,1189.1941616193258,-0.01129001495262579
39300,2022,12,1310.96568,-0.010057685348772827,1182.5117910747217,-0.005619242643694733
39300,2023,1,1315.67117,0.0035908958962724835,1171.557718836444,-0.009263393668423436
39300,2023,2,1323.04716,0.005602751025742592,1166.6804135395405,-0.004163094330296861
39300,2023,3,1338.05297,0.011345477788430758,1173.8029895488478,0.006104993215492774
39300,2023,4,1360.00959,0.01640069521251375,1203.1145504967928,0.024971448538575247
39300,2023,5,1385.56545,0.01879948596774872,1233.4484749274754,0.025212831494854093
39300,2023,6,1406.66127,0.015217789351616329,1252.0102299243165,0.015048666704892133
39300,2023,7,1418.29563,0.008276387246748618,1256.1577954195222,0.0033127249251441544
39300,2023,8,1428.71159,0.0073438804308940675,1261.5013441869116,0.004253883379042127
39300,2023,9,1421.6915,-0.004912841457278994,1253.6899178582623,-0.006192166472627991
39300,2023,10,1412.77117,-0.006275466198733204,1246.6658651599103,-0.005602703346575089
39300,2023,11,1397.36244,-0.01090426593239946,1232.590988901327,-0.01129001495262579
39300,2023,12,1379.9036,-0.012497100148270657,1225.6647610542589,-0.005619242643694733
39300,2024,1,1367.3771,-0.009080323582284722,1214.310945867099,-0.009263393668423436
39300,2024,2,1369.89694,0.0018450755037882072,1209.2556548531422,-0.004163094330296861
39300,2024,3,1400.75242,0.02252196637652526,1216.638152421817,0.006104993215492774
39300,2024,4,1427.97314,0.01942988237424914,1247.0193694350858,0.024971448538575247
39300,2024,5,1445.75695,0.012456323903902833,1278.4602586674719,0.025212831494854093
39300,2024,6,1450.21304,0.0030806426454532687,1297.6993809956086,0.015048666704892133
39300,2024,7,1458.52421,0.0057341678653346495,1301.998302080377,0.0033127249251441544
39300,2024,8,1458.0652,-3.092325235307669e-4,1307.536851017138,0.004253883379042127
39300,2024,9,1450.88112,-0.004929917834702646,1299.4403651665439,-0.006192166472627991
39300,2024,10,1429.74055,-0.014571595103944124,1292.1599862839505,-0.005602703346575089
39300,2024,11,1407.08881,-0.01584187697160877,1277.57148071762,-0.01129001495262579
39300,2024,12,1388.98739,-0.012871495397313581,1270.3924965728033,-0.005619242643694733
39300,2025,1,1396.82708,0.005652068027763191,1258.6243507636382,-0.009263393668423436
39300,2025,2,1433.04375,0.025922001917158655,1253.3845788650008,-0.004163094330296861
39300,2025,3,1470.81902,0.026358754450498623,1261.0364832153748,0.006104993215492774
39300,2025,4,1491.14802,0.013827931847365749,1292.5263908612535,0.024971448538575247
39300,2025,5,1496.636,0.003676852840817757,1325.1146409566902,0.025212831494854093
39300,2025,6,1495.10501,-0.001026500668638075,1345.0558495342202,0.015048666704892133
39300,2025,7,1494.32107,-5.184912846328826e-4,1349.5116495726832,0.0033127249251441544
39300,2025,8,1498.95371,0.0031031295391523717,1355.2523147486245,0.004253883379042127
39300,2025,9,1496.828,-0.0014198267999360192,1346.8603668032865,-0.006192166472627991
39300,2025,10,1497.44693,4.1431261770252803e-4,1339.3143077188283,-0.005602703346575089
39300,2025,11,1477.43108,-0.013365460637777216,1324.193429158417,-0.01129001495262579
39300,2025,12,1463.35004,-0.009539800045791025,1316.7524649727898,-0.005619242643694733
39300,2026,1,1455.99233,-0.005027739251040275,1304.55486852588,-0.009263393668423436
39300,2026,2,1467.14952,0.007666840913050921,1299.1238835491588,-0.004163094330296861
39300,2026,3,1484.2895,0.011681749188233725,1307.055026044311,0.006104993215492774
39300,2026,4,1496.96018,0.00853670116798022,1339.6940833642627,0.024971448538575247
39300,2026,5,1506.84787,0.006609609355139323,1373.4715645427789,0.025212831494854093
39300,2026,6,1513.37802,0.00433070497890764,1394.14048034623,0.015048666704892133
39300,2026,7,1521.79674,0.00556000521541522,1398.7588842646253,0.0033127249251441544
39300,2026,8,1522.80758,6.668457270935235e-4,1404.709041433686,0.004253883379042127
39580,2017,1,1060.25605,NA,1060.25605,NA
39580,2017,2,1059.93146,-3.0437870508603915e-4,1059.93146,-3.0437870508603915e-4
39580,2017,3,1066.36768,0.006074928956678161,1066.36768,0.006074928956678161
39580,2017,4,1072.34925,0.005605914311654248,1072.34925,0.005605914311654248
39580,2017,5,1082.05566,0.009057036400114571,1082.05566,0.009057036400114571
39580,2017,6,1096.3862,0.013236380162472194,1096.3862,0.013236380162472194
39580,2017,7,1107.25062,0.009909733124018771,1107.25062,0.009909733124018771
39580,2017,8,1108.09213,7.633481839253164e-4,1108.09213,7.633481839253164e-4
39580,2017,9,1098.95924,-0.008237872021745862,1098.95924,-0.008237872021745862
39580,2017,10,1093.91401,-0.0045866428012081295,1093.91401,-0.0045866428012081295
39580,2017,11,1088.17657,-0.00525398966059798,1088.17657,-0.00525398966059798
39580,2017,12,1082.67705,-0.005055783081485576,1082.67705,-0.005055783081485576
39580,2018,1,1071.86529,-0.009978425026968663,1071.86529,-0.009978425026968663
39580,2018,2,1070.55824,-0.0012186554645945424,1070.55824,-0.0012186554645945424
39580,2018,3,1072.34778,0.0016651355075791852,1072.34778,0.0016651355075791852
39580,2018,4,1082.9259,0.009873889366580846,1082.9259,0.009873889366580846
39580,2018,5,1096.11885,0.012175566561182904,1096.11885,0.012175566561182904
39580,2018,6,1110.38548,0.013010500932325808,1110.38548,0.013010500932325808
39580,2018,7,1122.70468,0.011099577883883605,1122.70468,0.011099577883883605
39580,2018,8,1130.21517,0.006693403780609675,1130.21517,0.006693403780609675
39580,2018,9,1128.8618,-0.0011965300628178355,1128.8618,-0.0011965300628178355
39580,2018,10,1122.75511,-0.00541806202183559,1122.75511,-0.00541806202183559
39580,2018,11,1118.31917,-0.003941965507801792,1118.31917,-0.003941965507801792
39580,2018,12,1115.77913,-0.002281097125267917,1115.77913,-0.002281097125267917
39580,2019,1,1114.28396,-0.0013359777428862962,1114.28396,-0.0013359777428862962
39580,2019,2,1119.00212,0.004233957163938262,1119.00212,0.004233957163938262
39580,2019,3,1127.13703,0.007278620083498,1127.13703,0.007278620083498
39580,2019,4,1141.62812,0.012843236168298189,1141.62812,0.012843236168298189
39580,2019,5,1154.35917,0.011159272022399414,1154.35917,0.011159272022399414
39580,2019,6,1168.56797,0.012314123300983804,1168.56797,0.012314123300983804
39580,2019,7,1179.59917,0.009428999763288815,1179.59917,0.009428999763288815
39580,2019,8,1179.9107,2.735835537202025e-4,1179.9107,2.735835537202025e-4
39580,2019,9,1174.97149,-0.004193800468872078,1174.97149,-0.004193800468872078
39580,2019,10,1164.4216,-0.0089722462005285,1164.4216,-0.0089722462005285
39580,2019,11,1159.2717,-0.004421158211476484,1159.2717,-0.004421158211476484
39580,2019,12,1157.79249,-0.0012858411654758095,1157.79249,-0.0012858411654758095
39580,2020,1,1160.06018,0.0019644279267321263,1160.06018,0.0019644279267321263
39580,2020,2,1162.64129,0.002225519287833766,1162.64129,0.002225519287833766
39580,2020,3,1167.79992,0.004441154700222105,1168.461737592235,0.005006228182585115
39580,2020,4,1163.64257,-0.0035661648594589312,1179.49320037656,0.00944101328217776
39580,2020,5,1160.32546,-0.002852577224284003,1192.2285324734662,0.010797291661232297
39580,2020,6,1158.35707,-0.0016952519700681457,1207.5530423672947,0.012853668131927268
39580,2020,7,1169.3196,0.009459118829351132,1219.8050006260526,0.010146103590397063
39580,2020,8,1177.53271,0.007031147325535558,1222.948167933281,0.0025767785060850645
39580,2020,9,1179.8706,0.00198368678629679,1217.392639484965,-0.004542734184478592
39580,2020,10,1177.17999,-0.0022793284447164552,1209.6918393196438,-0.00632565034119074
39580,2020,11,1174.50486,-0.002271481162371858,1204.2010023427347,-0.004539037793292085
39580,2020,12,1174.69223,1.570105197048477e-4,1200.7398391029478,-0.0028742404574097677
39580,2021,1,1182.62307,0.006750392464678345,1193.9470120222368,-0.005657201384927479
39580,2021,2,1190.53097,0.0066921357658922265,1195.0259114918422,9.036409980858935e-4
39580,2021,3,1202.79575,0.010300628622323282,1201.0084838888722,0.005006228182585115
39580,2021,4,1217.7636,0.012444262734927047,1212.3472209372753,0.00944101328217776
39580,2021,5,1249.68122,0.02621051701727617,1225.4372874764194,0.010797291661232297
39580,2021,6,1296.28645,0.03728480078701435,1241.1886516861307,0.012853668131927268
39580,2021,7,1349.00437,0.04067479135053098,1253.7818803213636,0.010146103590397063
39580,2021,8,1398.44797,0.03664718681293655,1257.0125985218945,0.0025767785060850645
39580,2021,9,1429.3686,0.02210989010988995,1251.3023244202686,-0.004542734184478592
39580,2021,10,1440.85988,0.008041973078742659,1243.387023444867,-0.00632565034119074
39580,2021,11,1434.2728,-0.004564846416382218,1237.7432427537617,-0.004539037793292085
39580,2021,12,1427.96451,-0.004403634337633466,1234.1856710495533,-0.0028742404574097677
39580,2022,1,1429.79588,0.0012806577630459781,1227.2036341620342,-0.005657201384927479
39580,2022,2,1439.99922,0.00713671539122962,1228.312585678863,9.036409980858935e-4
39580,2022,3,1455.07532,0.010469136856484207,1234.4617987623124,0.005006228182585115
39580,2022,4,1473.44499,0.012631356603474808,1246.1163690007686,0.00944101328217776
39580,2022,5,1502.94526,0.020014392841125828,1259.5710508807056,0.010797291661232297
39580,2022,6,1536.75,0.02249488752556239,1275.7611591573093,0.012853668131927268
39580,2022,7,1560.35982,0.01536000000000004,1288.7051640347245,0.010146103590397063
39580,2022,8,1566.68539,0.0040576741254332305,1292.02587180209,0.0025767785060850645
39580,2022,9,1558.67622,-0.005110448463922723,1286.156541707024,-0.004542734184478592
39580,2022,10,1539.85698,-0.01207765190728316,1278.0207651401502,-0.00632565034119074
39580,2022,11,1518.05962,-0.01415141414343013,1272.219780586567,-0.004539037793292085
39580,2022,12,1499.50377,-0.012228701004211251,1268.5631150224879,-0.0028742404574097677
39580,2023,1,1492.01567,-0.004990981388866,1261.3865980113148,-0.005657201384927479
39580,2023,2,1493.79186,0.0011947800471732162,1262.5264386557142,9.036409980858935e-4
39580,2023,3,1496.88376,0.0020677948665193124,1268.846934094171,0.005006228182585115
39580,2023,4,1507.28146,0.006940024228486941,1280.8261348520048,0.00944101328217776
39580,2023,5,1515.40512,0.005393446300034688,1294.6555881973306,0.010797291661232297
39580,2023,6,1523.79641,0.005536907647219813,1311.2966614731645,0.012853668131927268
39580,2023,7,1524.94388,7.563762518028039e-4,1324.601213238213,0.010146103590397063
39580,2023,8,1520.78038,-0.0027309738793936944,1328.0144171736192,0.0025767785060850645
39580,2023,9,1505.45772,-0.010074675882418394,1321.9816006832443,-0.004542734184478592
39580,2023,10,1487.69566,-0.011800253154219842,1313.6192073198345,-0.00632565034119074
39580,2023,11,1465.17314,-0.015143376580447954,1307.6566400918155,-0.004539037793292085
39580,2023,12,1448.00828,-0.011715718151496746,1303.898120472463,-0.0028742404574097677
39580,2024,1,1435.31949,-0.008755638100291785,1296.521706219522,-0.005657201384927479
39580,2024,2,1434.627,-4.8179871520348527e-4,1297.69329638817,9.036409980858935e-4
39580,2024,3,1443.69525,0.006319961437523558,1304.1898451409002,0.005006228182585115
39580,2024,4,1447.86184,0.0028846665602213495,1316.502718791357,0.00944101328217776
39580,2024,5,1453.3692,0.003799779230703848,1330.7173826189526,0.010797291661232297
39580,2024,6,1455.18573,0.0012477002135893311,1347.8219822325236,0.012853668131927268
39580,2024,7,1456.5387700000001,9.293287711737985e-4,1361.497123685669,0.010146103590397063
39580,2024,8,1448.64351,-0.005412534289934601,1365.0054002100792,0.0025767785060850645
39580,2024,9,1434.63537,-0.009674647543679193,1358.804543516547,-0.004542734184478592
39580,2024,10,1420.44951,-0.009886990520057815,1350.2092210922401,-0.00632565034119074
39580,2024,11,1405.34065,-0.010634845075298549,1344.0805704088507,-0.004539037793292085
39580,2024,12,1391.08847,-0.010147732615993665,1340.2173596553632,-0.0028742404574097677
39580,2025,1,1386.87035,-0.003026921929717874,1332.635480152217,-0.005657201384927479
39580,2025,2,1392.62349,0.004144182078074543,1333.8397042075865,9.036409980858935e-4
39580,2025,3,1406.97767,0.010306661811279927,1340.5172101258415,0.005006228182585115
39580,2025,4,1415.14991,0.005810714870842615,1353.1730509116276,0.00944101328217776
39580,2025,5,1423.09207,0.005614256083920743,1367.7836550104396,0.010797291661232297
39580,2025,6,1422.54322,-3.887521057406307e-4,1385.3646921882187,0.012853668131927268
39580,2025,7,1422.97361,3.0248033877811054e-4,1399.420745865639,0.010146103590397063
39580,2025,8,1417.73919,-0.0036718648753725214,1403.0267431645552,0.0025767785060850645
39580,2025,9,1409.99889,-0.005463059313215446,1396.653165616644,-0.004542734184478592
39580,2025,10,1394.20939,-0.011193216496643177,1387.818426043036,-0.00632565034119074
39580,2025,11,1372.55047,-0.015541471479746494,1381.5190657569997,-0.004539037793292085
39580,2025,12,1358.31286,-0.010367799361809427,1377.548247765518,-0.0028742404574097677
39580,2026,1,1353.89012,-0.003258323999592694,1369.7551799104544,-0.005657201384927479
39580,2026,2,1362.84405,0.006617405023779499,1370.9929468483622,9.036409980858935e-4
39580,2026,3,1369.88039,0.005153127959947712,1377.8564503769996,0.005006228182585115
39580,2026,4,1380.48303,0.007740545876756988,1390.8648114259433,0.00944101328217776
39580,2026,5,1387.69388,0.005232046843517191,1405.882384456254,0.010797291661232297
39580,2026,6,1395.74625,0.00580281502973401,1423.9531300585772,0.012853668131927268
39580,2026,7,1397.3408,0.0011340489953206578,1438.400706024022,0.010146103590397063
39580,2026,8,1398.16255,5.938764736934665e-4,1442.1071460464423,0.0025767785060850645
40060,2017,1,954.55238,NA,954.55238,NA
40060,2017,2,976.19132,0.02267306705310501,976.19132,0.02267306705310501
40060,2017,3,985.43269,0.00946153391982052,985.43269,0.00946153391982052
40060,2017,4,990.32375,0.004956937519191795,990.32375,0.004956937519191795
40060,2017,5,984.27967,-0.00609649633337217,984.27967,-0.00609649633337217
40060,2017,6,995.56058,0.01146261839581908,995.56058,0.01146261839581908
40060,2017,7,997.35749,0.0018091819602847892,997.35749,0.0018091819602847892
40060,2017,8,999.79336,0.002441596717569494,999.79336,0.002441596717569494
40060,2017,9,996.98692,-0.002810365203355203,996.98692,-0.002810365203355203
40060,2017,10,1005.22576,0.008266971137864676,1005.22576,0.008266971137864676
40060,2017,11,1000.48191,-0.004730301162507278,1000.48191,-0.004730301162507278
40060,2017,12,1000.3647,-1.1521898808919406e-4,1000.3647,-1.1521898808919406e-4
40060,2018,1,1004.8551,0.004494058336334206,1004.8551,0.004494058336334206
40060,2018,2,1013.01074,0.00811620803877422,1013.01074,0.00811620803877422
40060,2018,3,1023.53207,0.010383625165355737,1023.53207,0.010383625165355737
40060,2018,4,1023.36361,-1.6893556515984454e-4,1023.36361,-1.6893556515984454e-4
40060,2018,5,1031.99666,0.00844820546035674,1031.99666,0.00844820546035674
40060,2018,6,1043.47946,0.011114058725792741,1043.47946,0.011114058725792741
40060,2018,7,1055.56328,0.01158567739619154,1055.56328,0.01158567739619154
40060,2018,8,1066.1495,0.010033307851916584,1066.1495,0.010033307851916584
40060,2018,9,1065.2575,-8.379397494289176e-4,1065.2575,-8.379397494289176e-4
40060,2018,10,1067.63394,0.0022318711195876695,1067.63394,0.0022318711195876695
40060,2018,11,1065.08275,-0.0023888573973601668,1065.08275,-0.0023888573973601668
40060,2018,12,1061.01658,-0.003815089898129065,1061.01658,-0.003815089898129065
40060,2019,1,1055.65042,-0.005065525904800583,1055.65042,-0.005065525904800583
40060,2019,2,1057.30328,0.0015697087166606227,1057.30328,0.0015697087166606227
40060,2019,3,1064.5368,0.006841380814151421,1064.5368,0.006841380814151421
40060,2019,4,1079.87147,0.014401927476008103,1079.87147,0.014401927476008103
40060,2019,5,1090.26086,0.0096206450235512,1090.26086,0.0096206450235512
40060,2019,6,1103.833,0.012449777965743314,1103.833,0.012449777965743314
40060,2019,7,1108.14716,0.003903088530924581,1108.14716,0.003903088530924581
40060,2019,8,1110.81387,0.0024055653078474126,1110.81387,0.0024055653078474126
40060,2019,9,1104.88178,-0.005331430795174508,1104.88178,-0.005331430795174508
40060,2019,10,1102.43467,-0.002217034650947358,1102.43467,-0.002217034650947358
40060,2019,11,1092.56654,-0.008953195048948537,1092.56654,-0.008953195048948537
40060,2019,12,1089.76301,-0.0025585566575228036,1089.76301,-0.0025585566575228036
40060,2020,1,1088.21649,-0.0014280047600158108,1088.21649,-0.0014280047600158108
40060,2020,2,1095.44618,0.006647069728026311,1095.44618,0.006647069728026311
40060,2020,3,1108.71521,0.012114595390929184,1105.1907360633786,0.008895513299775892
40060,2020,4,1111.20586,0.0022483592176230083,1112.2602468073087,0.006396643143346684
40060,2020,5,1114.3352,0.002813869654296086,1116.6990380014217,0.003990784716845256
40060,2020,6,1118.27744,0.0035300963341307057,1129.7370409016382,0.011675485029118379
40060,2020,7,1136.71626,0.01649314503659416,1136.2510850549659,0.005765982629133637
40060,2020,8,1151.33517,0.012866342155968047,1141.8870684030483,0.00496015662577783
40060,2020,9,1157.33579,0.005206312654093104,1138.4691203602915,-0.0029932452493195427
40060,2020,10,1159.54712,0.0019173545487369825,1141.6119811005485,0.002760602535501662
40060,2020,11,1165.41407,0.005057596957986021,1135.4958506191122,-0.005357451202938661
40060,2020,12,1170.40187,0.004277942631058407,1133.0398239857311,-0.0021629551812470207
40060,2021,1,1177.94758,0.0064511363356560825,1132.7160762291367,-2.857337842331886e-4
40060,2021,2,1187.12053,0.007779816513761473,1144.933923285927,0.010786327936179951
40060,2021,3,1202.77585,0.013193989270021467,1155.1186982278816,0.008895513299775892
40060,2021,4,1224.01291,0.01764642459238308,1162.5075803286525,0.006396643143346684
40060,2021,5,1255.26133,0.025533868575330132,1167.1468978134449,0.003990784716845256
40060,2021,6,1287.92331,0.02602307294954942,1180.7739039456476,0.011675485029118379
40060,2021,7,1316.64096,0.022297554317424195,1187.5822257647326,0.005765982629133637
40060,2021,8,1335.37064,0.014227086183310478,1193.4728196105154,0.00496015662577783
40060,2021,9,1353.52098,0.013585109252765015,1189.900462763024,-0.0029932452493195427
40060,2021,10,1358.91622,0.003992164711393187,1193.185304997522,0.002760602535501662
40060,2021,11,1356.70742,-0.001632930049093928,1186.7928729499345,-0.005357451202938661
40060,2021,12,1346.55852,-0.007477032552705709,1184.2258931563206,-0.0021629551812470207
40060,2022,1,1345.36656,-8.881659907331585e-4,1183.887519810482,-2.857337842331886e-4
40060,2022,2,1352.71199,0.005462256876017424,1196.6573188387085,0.010786327936179951
40060,2022,3,1374.35515,0.01599948869809764,1207.3021999337125,0.008895513299775892
40060,2022,4,1397.26905,0.01667016145942557,1215.024881272866,0.006396643143346684
40060,2022,5,1423.16749,0.018541817056821674,1219.8737839996363,0.003990784716845256
40060,2022,6,1440.92219,0.01247367568443214,1234.116402102138,0.011675485029118379
40060,2022,7,1456.00028,0.010459999999999914,1241.232295838988,0.005765982629133637
40060,2022,8,1463.9509,0.005462858500089318,1247.389002435323,0.00496015662577783
40060,2022,9,1459.30296,-0.003169353727435542,1243.65526122973,-0.0029932452493195427
40060,2022,10,1439.57624,-0.013517516489592873,1247.0884990971708,0.002760602535501662
40060,2022,11,1410.57491,-0.020148738326643767,1240.4072833175117,-0.005357451202938661
40060,2022,12,1387.49286,-0.016364639303736772,1237.7243379572037,-0.0021629551812470207
40060,2023,1,1376.25306,-0.008100361400739442,1237.3706782982815,-2.857337842331886e-4
40060,2023,2,1380.82201,0.003318954686322151,1250.7173642130201,0.010786327936179951
40060,2023,3,1397.8153,0.012303165012678807,1261.8431371606378,0.008895513299775892
40060,2023,4,1416.11274,0.013091703777007968,1269.9146974119353,0.006396643143346684
40060,2023,5,1431.35027,0.010765379840859568,1274.982653578064,0.003990784716845256
40060,2023,6,1435.17574,0.002667713618426326,1289.8686944623003,0.011675485029118379
40060,2023,7,1434.94782,-1.6064095742007733e-4,1297.306054948433,0.005765982629133637
40060,2023,8,1425.38447,-0.006657629161018197,1303.740896172547,0.00496015662577783
40060,2023,9,1410.54817,-0.010412243990214454,1299.838479928735,-0.0029932452493195427
40060,2023,10,1394.15208,-0.011625056184366489,1303.4268173321689,0.002760602535501662
40060,2023,11,1385.79946,-0.005994584203236952,1296.44377176171,-0.005357451202938661
40060,2023,12,1380.01204,-0.004169526067336338,1293.6396219883827,-0.0021629551812470207
40060,2024,1,1387.86756,0.005690539087216617,1293.269985443758,-2.857337842331886e-4
40060,2024,2,1393.86695,0.004319026557860317,1307.219619616773,0.010786327936179951
40060,2024,3,1407.81616,0.010006822833750206,1318.848009128802,0.008895513299775892
40060,2024,4,1415.84085,0.005701009191213968,1327.284209203512,0.006396643143346684
40060,2024,5,1429.33523,0.009536022145554046,1332.5811147405113,0.003990784716845256
40060,2024,6,1438.89423,0.006683737247469734,1348.13964559575,0.011675485029118379
40060,2024,7,1442.5686,0.0025536005768131975,1355.9129953739016,0.005765982629133637
40060,2024,8,1444.28402,0.0011886449447628955,1362.6385362018837,0.00496015662577783
40060,2024,9,1438.72659,-0.0038410503526781214,1358.5598248768576,-0.0029932452493195427
40060,2024,10,1435.79467,-0.0020431055203909976,1362.3102685740432,0.002760602535501662
40060,2024,11,1424.49809,-0.007868010116013013,1355.0117577868955,-0.005357451202938661
40060,2024,12,1419.61541,-0.0034290916447501374,1352.0809280847398,-0.0021629551812470207
40060,2025,1,1418.50245,-7.815592614772715e-4,1351.6945928845687,-2.857337842331886e-4
40060,2025,2,1426.03936,0.005312665068465394,1366.2744140329828,0.010786327936179951
40060,2025,3,1440.50972,0.01014479573999405,1378.4281262541567,0.008895513299775892
40060,2025,4,1452.73856,0.008492462814216228,1387.2454390765565,0.006396643143346684
40060,2025,5,1464.39072,0.008024201547311982,1392.7816369733364,0.003990784716845256
40060,2025,6,1472.83758,0.005766070708163928,1409.0430381246495,0.011675485029118379
40060,2025,7,1478.67648,0.003962236462358826,1417.167555806178,0.005765982629133637
40060,2025,8,1480.48724,0.0012278308321964637,1424.1969288479472,0.00496015662577783
40060,2025,9,1473.67841,-0.00460358554104312,1419.9339581565775,-0.0029932452493195427
40060,2025,10,1461.18462,-0.008477310727171394,1423.8538314417096,0.002760602535501662
40060,2025,11,1447.24324,-0.009535924895962777,1416.2256040196435,-0.005357451202938661
40060,2025,12,1440.15442,-0.004898495604297115,1413.1623715116145,-0.0021629551812470207
40060,2026,1,1440.6657,3.50185598367192e-4,1412.7585832794664,-2.857337842331886e-4
40060,2026,2,1449.11003,0.005861054989898085,1427.9970606533718,0.010786327936179951
40060,2026,3,1464.06828,0.010321374592315635,1440.6998274984549,0.008895513299775892
40060,2026,4,1479.74594,0.01070802905340229,1449.9154701716436,0.006396643143346684
40060,2026,5,1491.57932,0.00800436247492553,1455.701770670722,0.003990784716845256
40060,2026,6,1491.78792,1.35244793075584e-4,1472.697794901049,0.011675485029118379
40060,2026,7,1485.61866,-0.004134067420071497,1481.189344804412,0.005765982629133637
40060,2026,8,1470.40157,-0.010242284339780139,1488.536275947075,0.00496015662577783
40140,2017,1,1236.12224,NA,1236.12224,NA
40140,2017,2,1238.77054,0.002144400119834078,1238.77054,0.002144400119834078
40140,2017,3,1238.33074,-3.618798873451512e-4,1238.33074,-3.618798873451512e-4
40140,2017,4,1243.52104,0.004186734661755898,1243.52104,0.004186734661755898
40140,2017,5,1256.59918,0.010517241379310427,1256.59918,0.010517241379310427
40140,2017,6,1266.3018,0.0077244032200523005,1266.3018,0.0077244032200523005
40140,2017,7,1271.71467,0.004278963813511005,1271.71467,0.004278963813511005
40140,2017,8,1276.14439,0.003479087161095462,1276.14439,0.003479087161095462
40140,2017,9,1284.24944,0.006353667104499472,1284.24944,0.006353667104499472
40140,2017,10,1284.0892,-1.2141447867675126e-4,1284.0892,-1.2141447867675126e-4
40140,2017,11,1287.61913,0.002747336146443846,1287.61913,0.002747336146443846
40140,2017,12,1284.52641,-0.0024067935152810582,1284.52641,-0.0024067935152810582
40140,2018,1,1290.20503,0.004430687059965965,1290.20503,0.004430687059965965
40140,2018,2,1290.51636,2.4170644751952963e-4,1290.51636,2.4170644751952963e-4
40140,2018,3,1299.36281,0.006856763124509113,1299.36281,0.006856763124509113
40140,2018,4,1315.01012,0.012030120301202984,1315.01012,0.012030120301202984
40140,2018,5,1328.50999,0.010271536135649573,1328.50999,0.010271536135649573
40140,2018,6,1341.35995,0.00966828538313691,1341.35995,0.00966828538313691
40140,2018,7,1342.96536,0.0012060447544317565,1342.96536,0.0012060447544317565
40140,2018,8,1348.04545,0.003773420605779121,1348.04545,0.003773420605779121
40140,2018,9,1348.49572,3.3254774951929633e-4,1348.49572,3.3254774951929633e-4
40140,2018,10,1349.71642,9.10588847454763e-4,1349.71642,9.10588847454763e-4
40140,2018,11,1350.63984,6.787101618794811e-4,1350.63984,6.787101618794811e-4
40140,2018,12,1347.96885,-0.001977026090972056,1347.96885,-0.001977026090972056
40140,2019,1,1348.92707,7.085122688297307e-4,1348.92707,7.085122688297307e-4
40140,2019,2,1354.7599,0.004334758987400322,1354.7599,0.004334758987400322
40140,2019,3,1366.42417,0.008603326235828934,1366.42417,0.008603326235828934
40140,2019,4,1375.34379,0.0065329643682423555,1375.34379,0.0065329643682423555
40140,2019,5,1380.27473,0.0035853976531941,1380.27473,0.0035853976531941
40140,2019,6,1385.75273,0.0039679737916036295,1385.75273,0.0039679737916036295
40140,2019,7,1392.96949,0.005204084503080297,1392.96949,0.005204084503080297
40140,2019,8,1400.18079,0.005177142217495989,1400.18079,0.005177142217495989
40140,2019,9,1403.73726,0.0025473983128705413,1403.73726,0.0025473983128705413
40140,2019,10,1400.58037,-0.002249343941350568,1400.58037,-0.002249343941350568
40140,2019,11,1396.89494,-0.0026301507118106082,1396.89494,-0.0026301507118106082
40140,2019,12,1394.19199,-0.0019394446769918083,1394.19199,-0.0019394446769918083
40140,2020,1,1401.94202,0.00555004124086067,1401.94202,0.00555004124086067
40140,2020,2,1407.84361,0.004212545879212604,1407.84361,0.004212545879212604
40140,2020,3,1410.31739,0.0017582478437236926,1414.9289159096647,0.005032736490997632
40140,2020,4,1401.33933,-0.006357279084551859,1425.6587083108104,0.0075832731104004125
40140,2020,5,1399.19887,-0.0015299452001446001,1437.2417933396011,0.008124725056051366
40140,2020,6,1409.75093,0.00753607845322346,1447.4752722486726,0.00712022079826428
40140,2020,7,1438.54522,0.02042057819132026,1452.6326715496957,0.003563031023674353
40140,2020,8,1472.57967,0.02367016231742669,1458.6512434374372,0.004143216661456857
40140,2020,9,1500.57563,0.019006525220705894,1463.1407838798716,0.0030778710556297697
40140,2020,10,1522.43325,0.014560521632960732,1462.4286393288676,-4.867231908575187e-4
40140,2020,11,1541.86156,0.012764050697734008,1462.8166195002862,2.6529853217090616e-4
40140,2020,12,1552.26702,0.006750350790700965,1459.7333608059453,-0.0021077547610816407
40140,2021,1,1562.6824,0.00670508908727907,1463.4842911599826,0.002569599664397848
40140,2021,2,1578.25229,0.009965700031181912,1466.7629182141095,0.00224028851825131
40140,2021,3,1609.6546,0.01989527502655175,1474.1447494762479,0.005032736490997632
40140,2021,4,1651.51542,0.02600956590179826,1485.323591715789,0.0075832731104004125
40140,2021,5,1695.79786,0.02681363813390303,1497.3914375177467,0.008124725056051366
40140,2021,6,1744.89739,0.028952359059824184,1508.0531951743037,0.00712022079826428
40140,2021,7,1796.23403,0.029422277824940668,1513.4264354940608,0.003563031023674353
40140,2021,8,1842.50021,0.02576010764122505,1519.696889117489,0.004143216661456857
40140,2021,9,1870.98905,0.015465662421190629,1524.3743201858342,0.0030778710556297697
40140,2021,10,1871.34104,1.8751171948250267e-4,1523.6323718526521,-4.867231908575187e-4
40140,2021,11,1868.45126,-0.001551889347164881,1524.0365892844727,2.6529853217090616e-4
40140,2021,12,1864.26506,-0.0022323524195988487,1520.824293907346,-0.0021077547610816407
40140,2022,1,1875.57604,0.006063837572792163,1524.7322035025784,0.002569599664397848
40140,2022,2,1879.46425,0.0020679836639683202,1528.1480435514934,0.00224028851825131
40140,2022,3,1894.52982,0.008016343800555825,1535.8388099739218,0.005032736490997632
40140,2022,4,1913.8822,0.010215944280408618,1547.485495123506,0.0075832731104004125
40140,2022,5,1928.90262,0.007851803572519689,1560.0583892996121,0.008124725056051366
40140,2022,6,1949.07733,0.010458242813115692,1571.16634948961,0.00712022079826428
40140,2022,7,1946.86613,-0.0011299999999999644,1576.7644639361947,0.003563031023674353
40140,2022,8,1945.84638,-5.305995775226613e-4,1583.297340734368,0.004143216661456857
40140,2022,9,1919.28036,-0.013652663421279354,1588.1705257918697,0.0030778710556297697
40140,2022,10,1891.0484,-0.014704836957073586,1587.3975263659304,-4.867231908575187e-4
40140,2022,11,1865.98884,-0.013254589118044113,1587.818660599647,2.6529853217090616e-4
40140,2022,12,1848.72324,-0.00925452019595363,1584.4719282580338,-0.0021077547610816407
40140,2023,1,1849.23764,2.84656988329024e-4,1588.5433867931335,0.002569599664397848
40140,2023,2,1854.57756,0.0028879192225805816,1592.1021823033102,0.00224028851825131
40140,2023,3,1870.98886,0.008848999495543852,1600.114813053585,0.005032736490997632
40140,2023,4,1879.10376,0.0043336041835948524,1612.2489206889677,0.0075832731104004125
40140,2023,5,1888.77155,0.005144694533762095,1625.3479998914813,0.008124725056051366
40140,2023,6,1888.24684,-2.7862051885330086e-4,1636.920836524726,0.00712022079826428
40140,2023,7,1887.32482,-4.851412586835968e-4,1642.7532362485624,0.003563031023674353
40140,2023,8,1878.06702,-0.004905403172504874,1649.5595188276493,0.004143216661456857
40140,2023,9,1866.65663,-0.006081550899260102,1654.6366503251877,0.0030778710556297697
40140,2023,10,1852.54626,-0.007559699700326772,1653.8313002950317,-4.867231908575187e-4
40140,2023,11,1835.85452,-0.009006070680821043,1654.2700593114582,2.6529853217090616e-4
40140,2023,12,1825.76992,-0.005488847129768271,1650.7832637178296,-0.0021077547610816407
40140,2024,1,1825.87437,5.3376603966981406e-5,1655.0251158382728,0.002569599664397848
40140,2024,2,1833.11228,0.003960332625241536,1658.732849602703,0.00224028851825131
40140,2024,3,1841.43368,0.004540138224348844,1667.080814943715,0.005032736490997632
40140,2024,4,1853.04647,0.006308413687987624,1679.722744060542,0.0075832731104004125
40140,2024,5,1861.75137,0.004701650310813932,1693.3700295264302,0.008124725056051366
40140,2024,6,1868.67005,0.003716499162478959,1705.4271980298217,0.00712022079826428
40140,2024,7,1870.31087,8.761408083441946e-4,1711.50368804502,0.003563031023674353
40140,2024,8,1870.54495,1.250534082262167e-4,1718.5948186414728,0.004143216661456857
40140,2024,9,1867.41197,-0.0016775901053442954,1723.8844318901247,0.0030778710556297697
40140,2024,10,1855.85353,-0.0061893330550046866,1723.0453773587658,-4.867231908575187e-4
40140,2024,11,1841.49394,-0.007740214457502281,1723.5024987682427,2.6529853217090616e-4
40140,2024,12,1830.01661,-0.006234123624047405,1719.8697781707278,-0.0021077547610816407
40140,2025,1,1829.26395,-4.047246274936356e-4,1724.2891549755236,0.002569599664397848
40140,2025,2,1843.49136,0.00777812110428,1728.1520601715604,0.00224028851825131
40140,2025,3,1858.52143,0.008151570578222467,1736.8493941067788,0.005032736490997632
40140,2025,4,1872.93911,0.007760555404073166,1750.020397413924,0.0075832731104004125
40140,2025,5,1873.58356,3.434137407121174e-4,1764.238831985394,0.008124725056051366
40140,2025,6,1872.57757,-5.409510335284695e-4,1776.800602010002,0.00712022079826428
40140,2025,7,1862.72985,-0.005256310174342915,1783.1313976778467,0.003563031023674353
40140,2025,8,1855.28472,-0.003997070210317144,1790.5192973942724,0.004143216661456857
40140,2025,9,1847.72981,-0.004076144051771258,1796.030284914269,0.0030778710556297697
40140,2025,10,1841.23526,-0.0035126582278480756,1795.156115323119,-4.867231908575187e-4
40140,2025,11,1833.87078,-0.004001397313347477,1795.6323676055317,2.6529853217090616e-4
40140,2025,12,1829.25135,-0.0025188916876573986,1791.847614933559,-0.0021077547610816407
40140,2026,1,1832.50492,0.001779397349017442,1796.4519459635446,0.002569599664397848
40140,2026,2,1844.2805,0.006424233399632051,1800.4765166316772,0.00224028851825131
40140,2026,3,1853.25785,0.004871965589761551,1809.5378404981136,0.005032736490997632
40140,2026,4,1859.55394,0.0033969963400781733,1823.260060146215,0.0075832731104004125
40140,2026,5,1865.11592,0.0029872021969037377,1838.0735468405826,0.008124725056051366
40140,2026,6,1873.48123,0.004483133386280924,1851.1610363375366,0.00712022079826428
40140,2026,7,1878.16619,0.0025072564788131135,1857.7567805398241,0.003563031023674353
40140,2026,8,1879.97899,9.651107282953042e-4,1865.4538693858913,0.004143216661456857
40900,2017,1,1227.61262,NA,1227.61262,NA
40900,2017,2,1235.38819,0.006326681448632687,1235.38819,0.006326681448632687
40900,2017,3,1255.23294,0.016069802285613388,1255.23294,0.016069802285613388
40900,2017,4,1283.1438,0.02223443011623183,1283.1438,0.02223443011623183
40900,2017,5,1308.37144,0.019657757035779877,1308.37144,0.019657757035779877
40900,2017,6,1328.91209,0.01570041608876549,1328.91209,0.01570041608876549
40900,2017,7,1344.44736,0.011688879178501255,1344.44736,0.011688879178501255
40900,2017,8,1346.32223,0.0014037360976137947,1346.32223,0.0014037360976137947
40900,2017,9,1338.63366,-0.005714901876213152,1338.63366,-0.005714901876213152
40900,2017,10,1322.02668,-0.012403752304522286,1322.02668,-0.012403752304522286
40900,2017,11,1298.5075,-0.017789246839526096,1298.5075,-0.017789246839526096
40900,2017,12,1287.65886,-0.00835697416045944,1287.65886,-0.00835697416045944
40900,2018,1,1279.97946,-0.005961188855536426,1279.97946,-0.005961188855536426
40900,2018,2,1287.74046,0.006053646364976739,1287.74046,0.006053646364976739
40900,2018,3,1305.51493,0.013810013669095289,1305.51493,0.013810013669095289
40900,2018,4,1322.57146,0.01306589939257452,1322.57146,0.01306589939257452
40900,2018,5,1344.078,0.016258935554244403,1344.078,0.016258935554244403
40900,2018,6,1358.66698,0.01085489010098839,1358.66698,0.01085489010098839
40900,2018,7,1379.11813,0.015052356020942348,1379.11813,0.015052356020942348
40900,2018,8,1387.22313,0.005868498269713918,1387.22313,0.005868498269713918
40900,2018,9,1384.25627,-0.002132251945843322,1384.25627,-0.002132251945843322
40900,2018,10,1371.61652,-0.009137148999764033,1371.61652,-0.009137148999764033
40900,2018,11,1357.04923,-0.010610570880465686,1357.04923,-0.010610570880465686
40900,2018,12,1356.39319,-4.947648529746163e-4,1356.39319,-4.947648529746163e-4
40900,2019,1,1359.8623,0.00256869932839221,1359.8623,0.00256869932839221
40900,2019,2,1375.77696,0.011703007819797717,1375.77696,0.011703007819797717
40900,2019,3,1385.89587,0.007346831102024609,1385.89587,0.007346831102024609
40900,2019,4,1398.56372,0.009139475200335312,1398.56372,0.009139475200335312
40900,2019,5,1405.98094,0.005306863889970037,1405.98094,0.005306863889970037
40900,2019,6,1418.02718,0.008570064146413925,1418.02718,0.008570064146413925
40900,2019,7,1428.9948,0.007729419141829785,1428.9948,0.007729419141829785
40900,2019,8,1440.25629,0.00788601470532213,1440.25629,0.00788601470532213
40900,2019,9,1440.07522,-1.2599536337076778e-4,1440.07522,-1.2599536337076778e-4
40900,2019,10,1434.90453,-0.0035913203457746956,1434.90453,-0.0035913203457746956
40900,2019,11,1427.18287,-0.005387426808139417,1427.18287,-0.005387426808139417
40900,2019,12,1419.81256,-0.005162307526033971,1419.81256,-0.005162307526033971
40900,2020,1,1419.9815,1.2781022737429204e-4,1419.9815,1.2781022737429204e-4
40900,2020,2,1430.32294,0.00728425195844129,1430.32294,0.00728425195844129
40900,2020,3,1434.34303,0.0028038213166543535,1448.0716490881762,0.01240888235224443
40900,2020,4,1431.34336,-0.002087497785987269,1469.5223228516172,0.014813268236380553
40900,2020,5,1419.06368,-0.008582983632744567,1489.7153016765126,0.01374118549333144
40900,2020,6,1428.55916,0.006687979539641953,1507.1575688987937,0.011708456778722601
40900,2020,7,1451.13801,0.015814946076750047,1524.4751380972418,0.011490218113757797
40900,2020,8,1477.36775,0.018069727891156573,1532.1779293800216,0.005052749690883281
40900,2020,9,1503.92876,0.01798238610541314,1528.105834976833,-0.002657716395142414
40900,2020,10,1523.25104,0.012838302544734947,1515.3042701270365,-0.008377407216687005
40900,2020,11,1536.73059,0.008851455188763513,1498.2382848239351,-0.0112624148427104
40900,2020,12,1536.8692,9.446884889707796e-5,1491.239491140357,-0.004671348846489343
40900,2021,1,1541.42683,0.0029636801586927497,1488.709983962278,-0.0016962447635721078
40900,2021,2,1552.47829,0.007169513673875416,1500.6610180304674,0.008027778544469047
40900,2021,3,1569.84884,0.0111861791658876,1519.282544053807,0.01240888235224443
40900,2021,4,1595.73641,0.016495393542868442,1541.7880839057266,0.014813268236380553
40900,2021,5,1631.95329,0.022698326055312856,1562.9740799580832,0.01374118549333144
40900,2021,6,1679.88654,0.029366632566828255,1581.2740944195364,0.011708456778722601
40900,2021,7,1729.71023,0.029663076707031166,1599.4432786620516,0.011490218113757797
40900,2021,8,1759.2396,0.01706899988459809,1607.5248651938966,0.005052749690883281
40900,2021,9,1779.43586,0.011480618076042282,1603.2525200040716,-0.002657716395142414
40900,2021,10,1780.00538,3.1613620371406803e-4,1589.8214207728176,-0.008377407216687005
40900,2021,11,1782.12013,0.0011927821388519888,1571.9161924062469,-0.0112624148427104
40900,2021,12,1780.66254,-8.146058834910264e-4,1564.573223514072,-0.004671348846489343
40900,2022,1,1771.92666,-0.0049120017935939675,1561.9193243764612,-0.0016962447635721078
40900,2022,2,1769.91529,-0.0011367709560141659,1574.4580668168821,0.008027778544469047
40900,2022,3,1772.03048,0.0011995816843357598,1593.9953317365548,0.01240888235224443
40900,2022,4,1784.05649,0.006789485002713702,1617.607612153107,0.014813268236380553
40900,2022,5,1804.00569,0.011178468987122825,1639.8354584071276,0.01374118549333144
40900,2022,6,1814.65803,0.005904660356291558,1659.0354009961043,0.011708456778722601
40900,2022,7,1822.39603,0.0042599999999999305,1678.0980796119952,0.011490218113757797
40900,2022,8,1815.049,-0.0040228626053012695,1686.5770891650263,0.005052749690883281
40900,2022,9,1796.05401,-0.010467697106636642,1682.0946455834808,-0.002657716395142414
40900,2022,10,1779.51101,-0.009214448092952798,1668.003053760419,-0.008377407216687005
40900,2022,11,1754.36536,-0.014133771147119667,1649.2173114100617,-0.0112624148427104
40900,2022,12,1740.98742,-0.0076233230240905225,1641.5132420247958,-0.004671348846489343
40900,2023,1,1731.35313,-0.005534709193245835,1638.728833783677,-0.0016962447635721078
40900,2023,2,1730.47454,-5.030971920888527e-4,1651.8841859557285,0.008027778544469047
40900,2023,3,1729.32819,-6.606474344856839e-4,1672.382222478786,0.01240888235224443
40900,2023,4,1732.26395,0.001699930743562339,1697.1556689341185,0.014813268236380553
40900,2023,5,1739.96546,0.004441650953278975,1720.476599792001,0.01374118549333144
40900,2023,6,1756.90474,0.009730507696800172,1740.6207256994696,0.011708456778722601
40900,2023,7,1764.55748,0.004358738651270011,1760.6208374910839,0.011490218113757797
40900,2023,8,1767.56599,0.0017071339688807807,1769.5168138834795,0.005052749690883281
40900,2023,9,1759.64395,-0.0044864226682408415,1764.8139400357413,-0.002657716395142414
40900,2023,10,1750.37566,-0.00525946704067326,1750.029374998376,-0.008377407216687005
40900,2023,11,1739.48813,-0.006220323871529598,1730.319818190215,-0.0112624148427104
40900,2023,12,1731.09007,-0.004830061132091279,1722.2368907034545,-0.004671348846489343
40900,2024,1,1726.13715,-0.0028617852088683726,1719.3155553959682,-0.0016962447635721078
40900,2024,2,1728.12538,0.0011458968482580545,1733.1178399227479,0.008027778544469047
40900,2024,3,1737.3281,0.005334397412607217,1754.6238953009251,0.01240888235224443
40900,2024,4,1745.77234,0.004856954845987582,1780.6156097159808,0.014813268236380553
40900,2024,5,1758.26021,0.00715146979335568,1805.0833791014097,0.01374118549333144
40900,2024,6,1769.14253,0.006192461709945141,1826.2181198276091,0.011708456778722601
40900,2024,7,1784.8618,0.008882780125548662,1847.201764347725,0.011490218113757797
40900,2024,8,1789.02451,0.002328229528864023,1856.5352124915319,0.005052749690883281
40900,2024,9,1786.28278,-0.0015316421029142324,1851.6010684191335,-0.002657716395142414
40900,2024,10,1774.80976,-0.006420415295217197,1836.0894522661338,-0.008377407216687005
40900,2024,11,1762.846,-0.006737965727373063,1815.4106511663874,-0.0112624148427104
40900,2024,12,1751.59316,-0.006382212157084788,1806.930234715157,-0.004671348846489343
40900,2025,1,1745.65688,-0.003387723387723529,1803.8652387663815,-0.0016962447635721078
40900,2025,2,1744.4626,-6.860849497910548e-4,1818.346269427264,0.008027778544469047
40900,2025,3,1739.98119,-0.0025693837639911843,1840.909914360229,0.01240888235224443
40900,2025,4,1743.81828,0.0022005527454764806,1868.1798067206598,0.014813268236380553
40900,2025,5,1754.6427,0.006212537462537471,1893.8508119797045,0.01374118549333144
40900,2025,6,1767.76516,0.007477273432409781,1916.0248823571178,0.011708456778722601
40900,2025,7,1771.70062,0.0022275601543895185,1938.040426166788,0.011490218113757797
40900,2025,8,1768.96108,-0.0015466082164842243,1947.8328593310214,0.005052749690883281
40900,2025,9,1768.12497,-4.718819884697023e-4,1942.65607200578,-0.002657716395142414
40900,2025,10,1756.86845,-0.006373414343774475,1926.381651008618,-0.008377407216687005
40900,2025,11,1739.7659,-0.009729897226669393,1904.6859417095734,-0.0112624148427104
40900,2025,12,1726.41621,-0.007676822463050015,1895.788489232844,-0.004671348846489343
40900,2026,1,1722.59367,-0.002207343094695169,1892.5727679351426,-0.0016962447635721078
40900,2026,2,1727.75419,0.0029917726252806087,1907.7659229954188,0.008027778544469047
40900,2026,3,1732.61433,0.002814800810830631,1931.43916588949,0.01240888235224443
40900,2026,4,1742.84963,0.005907058096544793,1960.050092336062,0.014813268236380553
40900,2026,5,1752.97041,0.005809897650010942,1986.983504231073,0.01374118549333144
40900,2026,6,1760.18918,0.004109688305504067,2010.2480147103977,0.011708456778722601
40900,2026,7,1761.76967,8.969257098085937e-4,2033.3462028621686,0.011490218113757797
40900,2026,8,1764.43244,0.0015141370963587253,2043.6201922601388,0.005052749690883281
41180,2017,1,907.06042,NA,907.06042,NA
41180,2017,2,911.09111,0.004437184895565549,911.09111,0.004437184895565549
41180,2017,3,911.97653,9.731487765214375e-4,911.97653,9.731487765214375e-4
41180,2017,4,917.34923,0.005897176774589674,917.34923,0.005897176774589674
41180,2017,5,954.61228,0.040618561945214404,954.61228,0.040618561945214404
41180,2017,6,958.90052,0.004485017353473175,958.90052,0.004485017353473175
41180,2017,7,961.72732,0.0029563842082851455,961.72732,0.0029563842082851455
41180,2017,8,934.33289,-0.028494141051456867,934.33289,-0.028494141051456867
41180,2017,9,922.49256,-0.012673400841563764,922.49256,-0.012673400841563764
41180,2017,10,925.13616,0.002870728684523316,925.13616,0.002870728684523316
41180,2017,11,928.74786,0.00390915625275845,928.74786,0.00390915625275845
41180,2017,12,931.14699,0.0025750210398061135,931.14699,0.0025750210398061135
41180,2018,1,928.00024,-0.0033702515786308007,928.00024,-0.0033702515786308007
41180,2018,2,922.97465,-0.0054181804467798855,922.97465,-0.0054181804467798855
41180,2018,3,925.08813,0.0022877799686535916,925.08813,0.0022877799686535916
41180,2018,4,932.00407,0.007478214812666417,932.00407,0.007478214812666417
41180,2018,5,944.54218,0.013456002002753653,944.54218,0.013456002002753653
41180,2018,6,956.03451,0.012165750632989525,956.03451,0.012165750632989525
41180,2018,7,950.17612,-0.006137888956680881,950.17612,-0.006137888956680881
41180,2018,8,952.14251,0.00207496899824422,952.14251,0.00207496899824422
41180,2018,9,942.52319,-0.010108312095667538,942.52319,-0.010108312095667538
41180,2018,10,943.3993,9.406988402174132e-4,943.3993,9.406988402174132e-4
41180,2018,11,937.99241,-0.005737816414606689,937.99241,-0.005737816414606689
41180,2018,12,938.37205,4.1043244655036837e-4,938.37205,4.1043244655036837e-4
41180,2019,1,941.23851,0.0030458998458402498,941.23851,0.0030458998458402498
41180,2019,2,948.36101,0.00757303454344882,948.36101,0.00757303454344882
41180,2019,3,964.5716,0.017086552182256742,964.5716,0.017086552182256742
41180,2019,4,978.74586,0.01469503271610173,978.74586,0.01469503271610173
41180,2019,5,986.20385,0.007628492419185617,986.20385,0.007628492419185617
41180,2019,6,990.99323,0.004850004731711932,990.99323,0.004850004731711932
41180,2019,7,993.30661,0.0023426647517246213,993.30661,0.0023426647517246213
41180,2019,8,996.95767,0.003676081977802559,996.95767,0.003676081977802559
41180,2019,9,997.02134,5.850827306974615e-5,997.02134,5.850827306974615e-5
41180,2019,10,996.23047999999994,-7.956659607081251e-4,996.23047999999994,-7.956659607081251e-4
41180,2019,11,993.74378,-0.002494291234849788,993.74378,-0.002494291234849788
41180,2019,12,992.00652,-0.00174919583949662,992.00652,-0.00174919583949662
41180,2020,1,993.8166,0.0018228217280349401,993.8166,0.0018228217280349401
41180,2020,2,999.85327,0.006080668638775544,999.85327,0.006080668638775544
41180,2020,3,1007.35419,0.007502391897883376,1006.634768447185,0.006782493642477258
41180,2020,4,1007.31262,-4.6323640111589626e-5,1016.05365680346,0.009356808101119274
41180,2020,5,1004.58877,-0.002698477039782321,1036.9515288227255,0.020567685455717893
41180,2020,6,1004.4804,-1.1612783351910849e-4,1044.383281869719,0.007166924239391544
41180,2020,7,1008.71342,0.004215929943555352,1044.091258380157,-2.796133322237049e-4
41180,2020,8,1014.59008,0.005828948129300793,1036.175971201394,-0.0075810300251366956
41180,2020,9,1015.15159,5.519207993653907e-4,1028.3275583141622,-0.007574401554720518
41180,2020,10,1013.86706,-0.0012641208039808616,1029.3612885560285,0.0010052538546775347
41180,2020,11,1009.23336,-0.0045681015338235875,1027.8779956160051,-0.0014409837988993424
41180,2020,12,1008.4383,-7.860362963819645e-4,1028.3015696267116,4.120858822866208e-4
41180,2021,1,1009.57289,0.0011221397006084821,1028.134803928742,-1.6217586639527548e-4
41180,2021,2,1017.17723,0.007534175342909011,1030.3939721676657,0.0021973463307448276
41180,2021,3,1025.00244,0.00768427934075766,1037.3826127331397,0.006782493642477258
41180,2021,4,1038.06936,0.01275878945151998,1047.0892027679213,0.009356808101119274
41180,2021,5,1047.68442,0.009260299835921693,1068.6254041345305,0.020567685455717893
41180,2021,6,1065.12859,0.016646994632875334,1076.284161446252,0.007166924239391544
41180,2021,7,1081.97112,0.01581581800856502,1075.9832180454505,-2.796133322237049e-4
41180,2021,8,1095.55154,0.012550541808183713,1067.8261569629046,-0.0075810300251366956
41180,2021,9,1102.09045,0.00596321971270064,1059.7380128594336,-0.007574401554720518
41180,2021,10,1106.21271,0.0037472610062561085,1060.803318581809,0.0010052538546775347
41180,2021,11,1111.61272,0.004882781603619435,1059.2747181859138,-0.0014409837988993424
41180,2021,12,1117.08161,0.004911529500660983,1059.7112303427416,4.120858822866208e-4
41180,2022,1,1119.52183,0.0021931198696660825,1059.539370755832,-1.6217586639527548e-4
41180,2022,2,1124.7714,0.004678837897544863,1061.867545704442,0.0021973463307448276
41180,2022,3,1130.46559,0.005071930133903058,1069.069655582335,0.006782493642477258
41180,2022,4,1141.22187,0.009514767497058818,1079.0727351963485,0.009356808101119274
41180,2022,5,1153.52854,0.01078467451750087,1101.266763797708,0.020567685455717893
41180,2022,6,1166.61197,0.011337088765056347,1109.1594592612064,0.007166924239391544
41180,2022,7,1179.7468,0.011260000000000048,1108.849323488835,-2.796133322237049e-4
41180,2022,8,1190.14309,0.008810790498981369,1100.4431034741135,-0.0075810300251366956
41180,2022,9,1195.10176,0.004165972337943691,1092.1079055202777,-0.007574401554720518
41180,2022,10,1192.57944,-0.002108510181371037,1093.2057512020256,0.0010052538546775347
41180,2022,11,1184.24574,-0.0069845244849645605,1091.63045942568,-0.0014409837988993424
41180,2022,12,1177.33151,-0.005841673890771504,1092.0803049266833,4.120858822866208e-4
41180,2023,1,1173.0558,-0.0036365798313499065,1091.9031958570588,-1.6217586639527548e-4
41180,2023,2,1173.89403,7.160474182512644e-4,1094.3024853380036,0.0021973463307448276
41180,2023,3,1181.15013,0.006181427889966562,1101.7245849877556,0.006782493642477258
41180,2023,4,1191.94282,0.009136163403986375,1112.0332105097714,0.009356808101119274
41180,2023,5,1205.98543,0.011784165761321796,1134.9051597998484,0.020567685455717893
41180,2023,6,1211.89146,0.004894800483675965,1143.0389390990285,0.007166924239391544
41180,2023,7,1216.26962,0.003619526188619604,1142.7193301724055,-2.796133322237049e-4
41180,2023,8,1210.07156,-0.005102774873629534,1134.0563406200645,-0.0075810300251366956
41180,2023,9,1204.38285,-0.004695107254760078,1125.4665425105309,-0.007574401554720518
41180,2023,10,1195.50629,-0.007371316763207458,1126.5979220907002,0.0010052538546775347
41180,2023,11,1188.30823,-0.006020863218087924,1124.9745127370936,-0.0014409837988993424
41180,2023,12,1185.91979,-0.0020125662674257416,1125.438098851725,4.120858822866208e-4
41180,2024,1,1185.60902,-2.6560424966803886e-4,1125.2555799529696,-1.6217586639527548e-4
41180,2024,2,1188.77072,0.0026665879482032917,1127.7281561727293,0.0021973463307448276
41180,2024,3,1194.37783,0.004720360356823994,1135.3769652224132,0.006782493642477258
41180,2024,4,1203.80422,0.007892166438757453,1146.0004696084304,0.009356808101119274
41180,2024,5,1215.10533,0.009390626817072034,1169.5710467994415,0.020567685455717893
41180,2024,6,1222.83487,0.006355789817294788,1177.9532738844389,0.007166924239391544
41180,2024,7,1230.91392,0.006611396788750223,1177.6239024443244,-2.796133322237049e-4
41180,2024,8,1231.88631,7.866403821366053e-4,1168.6963002815755,-0.0075810300251366956
41180,2024,9,1225.65274,-0.005057057625834416,1159.8441252077264,-0.007574401554720518
41180,2024,10,1213.19841,-0.010165522886703915,1161.0100629854164,0.0010052538546775347
41180,2024,11,1202.37984,-0.008914061523371819,1159.3370662942953,-0.0014409837988993424
41180,2024,12,1197.52539,-0.004036248617390714,1159.814812732127,4.120858822866208e-4
41180,2025,1,1200.23606,0.0022601071602534883,1159.626718760014,-1.6217586639527548e-4
41180,2025,2,1205.85054,0.004675259034622181,1162.1748202755148,0.0021973463307448276
41180,2025,3,1219.92248,0.011677292648239801,1170.0572636054806,0.006782493642477258
41180,2025,4,1227.05431,0.0058429759969396144,1181.0052648883577,0.009356808101119274
41180,2025,5,1236.036,0.007320713817134283,1205.2958096981286,0.020567685455717893
41180,2025,6,1237.13409,8.872025747750367e-4,1213.934073452291,0.007166924239391544
41180,2025,7,1242.0679,0.003988872648404085,1213.5946413009128,-2.796133322237049e-4
41180,2025,8,1249.97552,0.0063681106060036186,1204.3943438868657,-0.0075810300251366956
41180,2025,9,1256.73222,0.005403841487316319,1195.2717774960327,-0.007574401554720518
41180,2025,10,1257.99637,0.0010025527964725445,1196.4733290577476,0.0010052538546775347
41180,2025,11,1253.43488,-0.0036259772054937356,1194.7492303747601,-0.0014409837988993424
41180,2025,12,1248.80749,-0.0036857094990785377,1195.2415696654707,4.120858822866208e-4
41180,2026,1,1244.45849,-0.003484483306242181,1195.0477303283585,-1.6217586639527548e-4
41180,2026,2,1245.68568,9.843165562044565e-4,1197.6736640736603,0.0021973463307448276
41180,2026,3,1247.75921,0.001667010058251872,1205.7968780860024,0.006782493642477258
41180,2026,4,1252.56163,0.0038427016717152984,1217.0792880831818,0.009356808101119274
41180,2026,5,1253.96003,0.001117661851407048,1242.1117920551458,0.020567685455717893
41180,2026,6,1261.88782,0.006326346441895225,1251.01391316566,0.007166924239391544
41180,2026,7,1265.69792,0.0030138582007452897,1250.6641129967413,-2.796133322237049e-4
41180,2026,8,1271.98115,0.004968062455642297,1241.1827908047521,-0.0075810300251366956
41620,2017,1,1047.36107,NA,1047.36107,NA
41620,2017,2,1029.92248,-0.016646078756289318,1029.92248,-0.016646078756289318
41620,2017,3,1043.40685,0.013098028402040551,1043.40685,0.013098028402040551
41620,2017,4,1068.30073,0.023846246900139034,1068.30073,0.023846246900139034
41620,2017,5,1096.29839,0.026215126497216135,1096.29839,0.026215126497216135
41620,2017,6,1107.56202,0.010275746934546026,1107.56202,0.010275746934546026
41620,2017,7,1116.95152,0.008476024957975836,1116.95152,0.008476024957975836
41620,2017,8,1121.91871,0.0044495924738323644,1121.91871,0.0044495924738323644
41620,2017,9,1127.76536,0.00520335264667815,1127.76536,0.00520335264667815
41620,2017,10,1127.4794,-2.5182573659021656e-4,1127.4794,-2.5182573659021656e-4
41620,2017,11,1125.13847,-0.0020710887209628437,1125.13847,-0.0020710887209628437
41620,2017,12,1126.70636,0.001388265649540088,1126.70636,0.001388265649540088
41620,2018,1,1128.55685,0.0016384030471496835,1128.55685,0.0016384030471496835
41620,2018,2,1137.50651,0.007940946202885657,1137.50651,0.007940946202885657
41620,2018,3,1148.80361,0.00993120284065685,1148.80361,0.00993120284065685
41620,2018,4,1158.69354,0.008611217931110193,1158.69354,0.008611217931110193
41620,2018,5,1175.33512,0.014352047277332192,1175.33512,0.014352047277332192
41620,2018,6,1171.98483,-0.002845904984360992,1171.98483,-0.002845904984360992
41620,2018,7,1175.19114,0.002732865739556445,1175.19114,0.002732865739556445
41620,2018,8,1177.4648,0.0019333011116482446,1177.4648,0.0019333011116482446
41620,2018,9,1186.31258,0.00751728573725674,1186.31258,0.00751728573725674
41620,2018,10,1183.01867,-0.0027796619186316596,1183.01867,-0.0027796619186316596
41620,2018,11,1174.86279,-0.006895172045878861,1174.86279,-0.006895172045878861
41620,2018,12,1191.61403,0.014262116755972665,1191.61403,0.014262116755972665
41620,2019,1,1190.46288,-9.665673618007853e-4,1190.46288,-9.665673618007853e-4
41620,2019,2,1183.22284,-0.006083337751152995,1183.22284,-0.006083337751152995
41620,2019,3,1164.32307,-0.015974824316936198,1164.32307,-0.015974824316936198
41620,2019,4,1173.24798,0.00766989633443993,1173.24798,0.00766989633443993
41620,2019,5,1187.02409,0.011740025013111666,1187.02409,0.011740025013111666
41620,2019,6,1201.26933,0.012002552037642555,1201.26933,0.012002552037642555
41620,2019,7,1209.64404,0.006974270065802424,1209.64404,0.006974270065802424
41620,2019,8,1214.92461,0.00435644597485263,1214.92461,0.00435644597485263
41620,2019,9,1211.52562,-0.0027921352692137358,1211.52562,-0.0027921352692137358
41620,2019,10,1207.6749,-0.0031776212119238867,1207.6749,-0.0031776212119238867
41620,2019,11,1203.72782,-0.003266137987797735,1203.72782,-0.003266137987797735
41620,2019,12,1197.2518,-0.005387125948645322,1197.2518,-0.005387125948645322
41620,2020,1,1197.39312,1.1860520281481435e-4,1197.39312,1.1860520281481435e-4
41620,2020,2,1197.56203,1.4494472335324637e-4,1197.56203,1.4494472335324637e-4
41620,2020,3,1206.82243,0.007733656557139312,1200.378059959487,0.0023514689752537343
41620,2020,4,1200.52773,-0.00521643635032476,1216.4340612752749,0.013375787055229718
41620,2020,5,1197.27243,-0.002707320278617531,1237.6434806936768,0.01743573292922
41620,2020,6,1196.86792,-3.4262822202302257e-4,1245.6602726047788,0.006477464662609197
41620,2020,7,1209.35767,0.010440559993672327,1253.210286269203,0.006061053587778235
41620,2020,8,1216.72758,0.0060926288323548405,1257.696503204119,0.0035797798534444127
41620,2020,9,1218.65834,0.0015820117483822393,1261.8588510872644,0.003309501038240385
41620,2020,10,1216.61765,-0.0016701407320136585,1259.2471780934734,-0.0020697029557152544
41620,2020,11,1218.36359,0.0014265335235377208,1254.1126402224422,-0.00407746625154648
41620,2020,12,1222.40583,0.0033281533281532827,1258.4030667732427,0.003421085485622477
41620,2021,1,1230.73218,0.006802018663603304,1258.8257868166484,3.3591784267444913e-4
41620,2021,2,1242.96867,0.009948207784216123,1252.620417560999,-0.004929490101518885
41620,2021,3,1257.41709,0.011627316577811797,1255.565915610663,0.0023514689752537343
41620,2021,4,1280.0963,0.018031017867897958,1272.360097931676,0.013375787055229718
41620,2021,5,1311.19822,0.024293444097962524,1294.5446287890088,0.01743573292922
41620,2021,6,1353.86572,0.032549576434347305,1302.92999587616,0.006477464662609197
41620,2021,7,1397.01884,0.03187311354286848,1310.8271244022894,0.006061053587778235
41620,2021,8,1437.14995,0.028720184315142783,1315.5195969335732,0.0035797798534444127
41620,2021,9,1463.59479,0.01839999121718794,1319.8733104054506,0.003309501038240385
41620,2021,10,1473.96651,0.0070933454071127056,1317.1415647137346,-0.0020697029557152544
41620,2021,11,1479.97428,0.004067607925412942,1311.7709644351053,-0.00407746625154648
41620,2021,12,1486.47349,0.004392277267833089,1316.2586450419954,0.003421085485622477
41620,2022,1,1499.46056,0.008735524821415153,1316.7007998064394,3.3591784267444913e-4
41620,2022,2,1508.24959,0.0058714592364998985,1310.2101362471317,-0.004929490101518885
41620,2022,3,1525.39713,0.011360545640939801,1313.2910547335798,0.0023514689752537343
41620,2022,4,1544.48691,0.012515515101365393,1330.857356223234,0.013375787055229718
41620,2022,5,1564.80895,0.013157625906629944,1354.0618296532305,0.01743573292922
41620,2022,6,1577.77358,0.008288128415576024,1362.8327173057971,0.006477464662609197
41620,2022,7,1591.16296,0.008490000000000109,1371.0929194365651,0.006061053587778235
41620,2022,8,1595.56765,0.0027665123104838596,1376.0011302467644,0.0035797798534444127
41620,2022,9,1595.14282,-2.669883711731158e-4,1380.555007415936,0.003309501038240385
41620,2022,10,1580.59397,-0.009119593278009153,1377.6976686365597,-0.0020697029557152544
41620,2022,11,1566.01353,-0.009223489952984054,1372.0801528878599,-0.00407746625154648
41620,2022,12,1546.98767,-0.012150521384313162,1376.7741563840154,0.003421085485622477
41620,2023,1,1534.77372,-0.007894012177584675,1377.236639388478,3.3591784267444913e-4
41620,2023,2,1529.79569,-0.003248522230789086,1370.4475650071633,-0.004929490101518885
41620,2023,3,1524.732,-0.003310677709134735,1373.6701299384897,0.0023514689752537343
41620,2023,4,1527.77167,0.0019971439806287794,1392.0440490806768,0.013375787055229718
41620,2023,5,1533.5743,0.0038004358108456593,1416.3153573461575,0.01743573292922
41620,2023,6,1540.75193,0.004681118118499139,1425.4894900244778,0.006477464662609197
41620,2023,7,1540.51729,-1.5360353902549306e-4,1434.129458212331,0.006061053587778235
41620,2023,8,1534.19677,-0.004106965454377831,1439.2633259540705,0.0035797798534444127
41620,2023,9,1529.23354,-0.003229190234270596,1444.0265694256168,0.003309501038240385
41620,2023,10,1519.6018,-0.0063039082167470895,1441.0378633667453,-0.0020697029557152544
41620,2023,11,1509.14714,-0.006883805924433939,1435.1620801116667,-0.00407746625154648
41620,2023,12,1494.11416,-0.009952953476215387,1440.0718922734525,0.003421085485622477
41620,2024,1,1489.77676,-0.0029039684048237646,1440.5556381168012,3.3591784267444913e-4
41620,2024,2,1491.23721,9.743388792984309e-4,1433.454433358017,-0.004929490101518885
41620,2024,3,1497.24627,0.004031106173623122,1436.8251569854986,0.0023514689752537343
41620,2024,4,1504.21081,0.004657730568200957,1456.0438243209337,0.013375787055229718
41620,2024,5,1509.29095,0.0033774570475570975,1481.4310155750338,0.01743573292922
41620,2024,6,1515.55073,0.004139661300438968,1491.0269326285143,0.006477464662609197
41620,2024,7,1513.83438,-0.0011243441325893277,1500.0641267679964,0.006061053587778235
41620,2024,8,1508.80714,-0.0033247175553424713,1505.4340261078753,0.0035797798534444127
41620,2024,9,1497.49146,-0.007497725585335013,1510.4162615802818,0.003309501038240385
41620,2024,10,1483.22767,-0.00952461227242074,1507.2901485793284,-0.0020697029557152544
41620,2024,11,1462.97346,-0.013658412050038371,1501.1442238672078,-0.00407746625154648
41620,2024,12,1449.04439,-0.00952288512143562,1506.2797665833057,0.003421085485622477
41620,2025,1,1444.77515,-0.0029507518428588675,1506.7857528329607,3.3591784267444913e-4
41620,2025,2,1450.91701,0.004259036802446214,1499.358067379261,-0.004929490101518885
41620,2025,3,1457.54929,0.004567203131796482,1502.8837613574997,0.0023514689752537343
41620,2025,4,1466.46661,0.006116042433427227,1522.9860145181804,0.013375787055229718
41620,2025,5,1471.01619,0.003109365753940496,1549.5403919222567,0.01743573292922
41620,2025,6,1478.61583,0.0051590621447112905,1559.5774850542184,0.006477464662609197
41620,2025,7,1478.63943,2.1341300752153458e-5,1569.0301677654245,0.006061053587778235
41620,2025,8,1477.55673,-7.362591632253945e-4,1574.646950349438,0.0035797798534444127
41620,2025,9,1472.25242,-0.0035879036391593955,1579.8582460664813,0.003309501038240385
41620,2025,10,1460.03672,-0.008294753086419693,1576.5884087849865,-0.0020697029557152544
41620,2025,11,1440.19208,-0.013594415267241589,1570.1599227555862,-0.00407746625154648
41620,2025,12,1420.78683,-0.013475021910604679,1575.5315740774315,0.003421085485622477
41620,2026,1,1410.80448,-0.0070294280955024435,1576.0608232448612,3.3591784267444913e-4
41620,2026,2,1415.61463,0.003410984488408264,1568.291647017284,-0.004929490101518885
41620,2026,3,1423.74387,0.005751097835536401,1571.9794361693948,0.0023514689752537343
41620,2026,4,1438.67434,0.01048338837296936,1593.0058983627969,0.013375787055229718
41620,2026,5,1445.8503,0.004989910510615925,1620.7811237613228,0.01743573292922
41620,2026,6,1450.84295,0.0034483134909808477,1631.2796762163105,0.006477464662609197
41620,2026,7,1447.02509,-0.0026317220379533657,1641.166949750511,0.006061053587778235
41620,2026,8,1445.22947,-0.0012430080795525766,1647.041966133367,0.0035797798534444127
41700,2017,1,1040.0071,NA,1040.0071,NA
41700,2017,2,1037.26856,-0.00262715824839288,1037.26856,-0.00262715824839288
41700,2017,3,1038.40527,0.001089090103210344,1038.40527,0.001089090103210344
41700,2017,4,1042.75549,0.004187170307775823,1042.75549,0.004187170307775823
41700,2017,5,1045.6025,0.002733617192814508,1045.6025,0.002733617192814508
41700,2017,6,1047.6607,0.0019723865877712132,1047.6607,0.0019723865877712132
41700,2017,7,1051.16709,0.0033477105170769406,1051.16709,0.0033477105170769406
41700,2017,8,1052.83581,0.001587043724929016,1052.83581,0.001587043724929016
41700,2017,9,1050.49686,-0.0022208359326263416,1050.49686,-0.0022208359326263416
41700,2017,10,1046.03731,-0.004251488020807215,1046.03731,-0.004251488020807215
41700,2017,11,1042.5386,-0.0033403656821378025,1042.5386,-0.0033403656821378025
41700,2017,12,1040.14871,-0.002293173399188664,1040.14871,-0.002293173399188664
41700,2018,1,1038.81366,-0.001288139017983414,1038.81366,-0.001288139017983414
41700,2018,2,1039.54311,7.081257428998011e-4,1039.54311,7.081257428998011e-4
41700,2018,3,1042.21156,0.0025651393767849306,1042.21156,0.0025651393767849306
41700,2018,4,1047.94053,0.005495267264088,1047.94053,0.005495267264088
41700,2018,5,1055.84454,0.007546034571367821,1055.84454,0.007546034571367821
41700,2018,6,1061.24019,0.005113275855633814,1061.24019,0.005113275855633814
41700,2018,7,1065.37635,0.0038866196311424517,1065.37635,0.0038866196311424517
41700,2018,8,1067.4358,0.0019357861511146712,1067.4358,0.0019357861511146712
41700,2018,9,1068.04822,5.783832342698414e-4,1068.04822,5.783832342698414e-4
41700,2018,10,1065.18828,-0.0026811629851921648,1065.18828,-0.0026811629851921648
41700,2018,11,1059.77893,-0.005080774448143921,1059.77893,-0.005080774448143921
41700,2018,12,1058.52538,-0.0011775205136468347,1058.52538,-0.0011775205136468347
41700,2019,1,1058.72115,1.8614347939394094e-4,1058.72115,1.8614347939394094e-4
41700,2019,2,1063.60948,0.00461549914389936,1063.60948,0.00461549914389936
41700,2019,3,1069.78337,0.0058046189946894255,1069.78337,0.0058046189946894255
41700,2019,4,1078.33397,0.007993614931237847,1078.33397,0.007993614931237847
41700,2019,5,1084.67413,0.0058837144144912035,1084.67413,0.0058837144144912035
41700,2019,6,1088.52972,0.003548332404873289,1088.52972,0.003548332404873289
41700,2019,7,1091.17337,0.0024255735093583475,1091.17337,0.0024255735093583475
41700,2019,8,1090.39539,-7.102614725285061e-4,1090.39539,-7.102614725285061e-4
41700,2019,9,1088.50594,-0.0017347516534351737,1088.50594,-0.0017347516534351737
41700,2019,10,1084.8378,-0.0033669221022143425,1084.8378,-0.0033669221022143425
41700,2019,11,1079.29039,-0.005109824909791061,1079.29039,-0.005109824909791061
41700,2019,12,1075.61786,-0.003407818509322813,1075.61786,-0.003407818509322813
41700,2020,1,1073.02699,-0.002405842411215886,1073.02699,-0.002405842411215886
41700,2020,2,1074.3278,0.0012119431488486487,1074.3278,0.0012119431488486487
41700,2020,3,1076.81557,0.0023109089575232833,1077.7151012907805,0.0031529494915615666
41700,2020,4,1074.84505,-0.0018298261665141702,1084.0650175287144,0.00589201750103389
41700,2020,5,1074.23466,-5.621753742743874e-4,1089.90573080865,0.005387788726224511
41700,2020,6,1073.06865,-0.0010882989520537567,1093.7690814508262,0.0035446649494261053
41700,2020,7,1079.41156,0.005912596401028258,1097.2909827676438,0.0032199678858592464
41700,2020,8,1081.93428,0.0023365338979957073,1098.3197180835084,9.375228011717269e-4
41700,2020,9,1084.28366,0.002173253202209624,1097.083301372985,-0.001125734783930558
41700,2020,10,1080.23908,-0.003731343283582045,1093.316804816888,-0.0034331910360712405
41700,2020,11,1079.23062,-9.36329588014928e-4,1088.3855943289875,-0.004510321680024261
41700,2020,12,1078.62455,-5.598899694495563e-4,1085.890103052091,-0.0022928374740527704
41700,2021,1,1083.52969,0.0045425206727314205,1085.29178002761,-5.509977692947365e-4
41700,2021,2,1088.89944,0.004958417185946695,1086.2672643868702,8.988222128020935e-4
41700,2021,3,1096.95091,0.007394897159056724,1089.692210205819,0.0031529494915615666
41700,2021,4,1109.44419,0.011388130478516834,1096.112695779092,0.00589201750103389
41700,2021,5,1126.12569,0.015036881800637003,1102.0183194040824,0.005387788726224511
41700,2021,6,1146.99243,0.01853515146566509,1105.9246051144994,0.0035446649494261053
41700,2021,7,1169.20182,0.01935454316406693,1109.4856468271498,0.0032199678858592464
41700,2021,8,1194.53941,0.021672209239618878,1110.525814918623,9.375228011717269e-4
41700,2021,9,1217.45684,0.0191891089435543,1109.2756573803165,-0.001125734783930558
41700,2021,10,1231.8755,0.011846960574869003,1105.4673021368662,-0.0034331910360712405
41700,2021,11,1238.82646,0.005640861590957558,1100.4812889974803,-0.004510321680024261
41700,2021,12,1241.9142,0.0024918088411498562,1097.9580642585731,-0.0022928374740527704
41700,2022,1,1244.78178,0.002305804704687775,1097.3530918143874,-5.509977692947365e-4
41700,2022,2,1254.4331,0.007756273611785325,1098.3394171485972,8.988222128020935e-4
41700,2022,3,1266.15,0.009340607558352643,1101.802425855458,0.0031529494915615666
41700,2022,4,1284.25498,0.014296237122493283,1108.2942650312802,0.00589201750103389
41700,2022,5,1297.06407,0.00997269017153024,1114.2655203777551,0.005387788726224511
41700,2022,6,1313.58591,0.01274027262968147,1118.2152183121923,0.0035446649494261053
41700,2022,7,1324.9428,0.008650000000000047,1121.8158354046366,0.0032199678858592464
41700,2022,8,1331.4614,0.0049174639369453654,1122.8675633290438,9.375228011717269e-4
41700,2022,9,1325.61472,-0.004390248714988831,1121.603512255257,-0.001125734783930558
41700,2022,10,1312.55171,-0.00985968528280945,1117.7528331309566,-0.0034331910360712405
41700,2022,11,1298.56435,-0.01065842015192009,1112.7114082947774,-0.004510321680024261
41700,2022,12,1289.9952,-0.006595451970543009,1110.160141880033,-0.0022928374740527704
41700,2023,1,1287.80552,-0.0017005417294612135,1109.548446118297,-5.509977692947365e-4
41700,2023,2,1289.05685,9.79222130420121e-4,1110.5457329078483,8.988222128020935e-4
41700,2023,3,1292.8699,0.00295517308143034,1114.047227511776,0.0031529494915615666
41700,2023,4,1298.23115,0.004145372524714697,1120.6112132732537,0.00589201750103389
41700,2023,5,1302.50589,0.0032985601683681587,1126.6488297346082,0.005387788726224511
41700,2023,6,1303.23847,5.54675917988634e-4,1130.6424223516806,0.0035446649494261053
41700,2023,7,1298.28255,-0.0037999435552151795,1134.283054642043,0.0032199678858592464
41700,2023,8,1293.29362,-0.0038447918247583868,1135.3464708687525,9.375228011717269e-4
41700,2023,9,1284.33387,-0.006927022497587809,1134.0683718546827,-0.001125734783930558
41700,2023,10,1274.71965,-0.007486729465189801,1130.1748984861395,-0.0034331910360712405
41700,2023,11,1259.58769,-0.011871270906111842,1125.0774461392782,-0.004510321680024261
41700,2023,12,1247.1961,-0.009834287561659938,1122.4978264095587,-0.0022928374740527704
41700,2024,1,1240.85418,-0.005087102142270372,1121.8793326111686,-5.509977692947365e-4
41700,2024,2,1240.46955,-3.0699850735205203e-4,1122.887702675403,8.988222128020935e-4
41700,2024,3,1241.68357,9.74225384924976e-4,1126.4281108866344,0.0031529494915615666
41700,2024,4,1244.09082,0.0019465543871528546,1133.0650450296348,0.00589201750103389
41700,2024,5,1245.81652,0.0013831696758526135,1139.1697601053245,0.005387788726224511
41700,2024,6,1249.33998,0.0028257820984596282,1143.2077352254162,0.0035446649494261053
41700,2024,7,1250.73553,0.0011145107192800374,1146.8888274197082,0.0032199678858592464
41700,2024,8,1252.10112,0.001092264874231974,1147.9640618458232,9.375228011717269e-4
41700,2024,9,1247.13977,-0.0039551401084777504,1146.6717587707012,-0.001125734783930558
41700,2024,10,1234.0438,-0.010501148069347654,1142.7350155671734,-0.0034331910360712405
41700,2024,11,1219.82337,-0.011528021714833137,1137.5809130519378,-0.004510321680024261
41700,2024,12,1209.16353,-0.00873338933040424,1134.9726249047253,-0.0022928374740527704
41700,2025,1,1208.23577,-7.713115555508798e-4,1134.3472575201922,-5.509977692947365e-4
41700,2025,2,1209.46517,0.0010219612959339042,1135.3668340322824,8.988222128020935e-4
41700,2025,3,1214.68573,0.004311749245172303,1138.9465883143805,0.0031529494915615666
41700,2025,4,1214.31578,-3.027976338528804e-4,1145.6572815454717,0.00589201750103389
41700,2025,5,1212.69903,-0.0013305496359918845,1151.8298409310994,0.005387788726224511
41700,2025,6,1210.0684,-0.002177209705372718,1155.912691795951,0.0035446649494261053
41700,2025,7,1210.95059,7.381756206645829e-4,1159.6346935423912,0.0032199678858592464
41700,2025,8,1210.604,-2.9288294444984597e-4,1160.7218775086171,9.375228011717269e-4
41700,2025,9,1200.54647,-0.008300781249999889,1159.4152125166363,-0.001125734783930558
41700,2025,10,1185.42771,-0.012593686744351462,1155.4347186019395,-0.0034331910360712405
41700,2025,11,1166.79985,-0.015712955985993537,1150.2233363407765,-0.004510321680024261
41700,2025,12,1151.88627,-0.012789048251638069,1147.5860611716844,-0.0022928374740527704
41700,2026,1,1148.7204,-0.0027483179381914136,1146.953743811905,-5.509977692947365e-4
41700,2026,2,1152.887,0.003624969982504167,1147.9846513138996,8.988222128020935e-4
41700,2026,3,1157.56938,0.004067634391449859,1151.6041889365804,0.0031529494915615666
41700,2026,4,1154.25148,-0.002870987142970516,1158.3894609720587,0.00589201750103389
41700,2026,5,1151.26394,-0.0025833617844542855,1164.6306186504612,0.005387788726224511
41700,2026,6,1149.18056,-0.0018141779720001194,1168.75884398342,0.0035446649494261053
41700,2026,7,1149.47891,2.629052169540458e-4,1172.5222099273608,0.0032199678858592464
41700,2026,8,1148.35332,-9.82778520575489e-4,1173.6214762340478,9.375228011717269e-4
41740,2017,1,1576.55771,NA,1576.55771,NA
41740,2017,2,1586.40801,0.006246273106738309,1586.40801,0.006246273106738309
41740,2017,3,1595.35165,0.005644528067082488,1595.35165,0.005644528067082488
41740,2017,4,1614.78615,0.012183264584560982,1614.78615,0.012183264584560982
41740,2017,5,1636.1002,0.013186429330344973,1636.1002,0.013186429330344973
41740,2017,6,1660.47465,0.014911008001379011,1660.47465,0.014911008001379011
41740,2017,7,1672.92474,0.007487509023226924,1672.92474,0.007487509023226924
41740,2017,8,1676.35064,0.002051137960101146,1676.35064,0.002051137960101146
41740,2017,9,1665.51875,-0.006463281271906429,1665.51875,-0.006463281271906429
41740,2017,10,1656.6889,-0.00530586326113025,1656.6889,-0.00530586326113025
41740,2017,11,1642.67503,-0.008455219963398486,1642.67503,-0.008455219963398486
41740,2017,12,1639.36224,-0.002017369407522951,1639.36224,-0.002017369407522951
41740,2018,1,1638.69319,-4.0142218144290087e-4,1638.69319,-4.0142218144290087e-4
41740,2018,2,1651.87636,0.008046009982215496,1651.87636,0.008046009982215496
41740,2018,3,1668.5643,0.010101728676104482,1668.5643,0.010101728676104482
41740,2018,4,1684.71808,0.009676737798436585,1684.71808,0.009676737798436585
41740,2018,5,1702.65707,0.010644234256856677,1702.65707,0.010644234256856677
41740,2018,6,1722.30182,0.011539788805300377,1722.30182,0.011539788805300377
41740,2018,7,1733.93894,0.0067548204855283345,1733.93894,0.0067548204855283345
41740,2018,8,1743.64623,0.005598026458468963,1743.64623,0.005598026458468963
41740,2018,9,1737.64159,-0.0034371672350349547,1737.64159,-0.0034371672350349547
41740,2018,10,1728.41191,-0.005315551708280353,1728.41191,-0.005315551708280353
41740,2018,11,1714.3976,-0.008104322758733185,1714.3976,-0.008104322758733185
41740,2018,12,1714.58905,1.0967167043651749e-4,1714.58905,1.0967167043651749e-4
41740,2019,1,1717.96721,0.001973873589845576,1717.96721,0.001973873589845576
41740,2019,2,1719.83166,0.0010807557081684571,1719.83166,0.0010807557081684571
41740,2019,3,1724.57895,0.002760467912976905,1724.57895,0.002760467912976905
41740,2019,4,1735.4221,0.00628253700019088,1735.4221,0.00628253700019088
41740,2019,5,1749.83599,0.008315388886631858,1749.83599,0.008315388886631858
41740,2019,6,1767.09404,0.009858568492874697,1767.09404,0.009858568492874697
41740,2019,7,1777.15669,0.00569247343290713,1777.15669,0.00569247343290713
41740,2019,8,1782.10639,0.0027904516299677162,1782.10639,0.0027904516299677162
41740,2019,9,1774.09997,-0.0044971381847915826,1774.09997,-0.0044971381847915826
41740,2019,10,1767.8209,-0.00353712658144012,1767.8209,-0.00353712658144012
41740,2019,11,1762.14174,-0.0032173150043872667,1762.14174,-0.0032173150043872667
41740,2019,12,1757.14761,-0.002827571489543379,1757.14761,-0.002827571489543379
41740,2020,1,1758.50979,7.75774436894805e-4,1758.50979,7.75774436894805e-4
41740,2020,2,1762.29231,0.0021517735425409246,1762.29231,0.0021517735425409246
41740,2020,3,1771.34198,0.005134497152687878,1773.1637295149483,0.006168908218721292
41740,2020,4,1755.43573,-0.00898259208152008,1789.7975062118535,0.009380846461062816
41740,2020,5,1743.07228,-0.007042347806295202,1808.9758143959277,0.01071535082461117
41740,2020,6,1731.72234,-0.00651250589900898,1830.8700689502475,0.01210312176651803
41740,2020,7,1747.3656,0.009038842593849239,1843.0360802956845,0.006644934313887463
41740,2020,8,1768.73257,0.01222628718997143,1849.4496099763142,0.003479872016179275
41740,2020,9,1788.02313,0.01090928418618864,1840.5737396124389,-0.004799195563910989
41740,2020,10,1802.19978,0.007926075869502336,1831.88712635587,-0.004719513850283574
41740,2020,11,1807.728,0.0030646444360402647,1819.8108026662094,-0.006592285908839646
41740,2020,12,1812.6074,0.002704248790888819,1816.9383713021582,-0.0015784230755432709
41740,2021,1,1824.30352,0.006444167833618453,1818.3668949526254,7.862257042013376e-4
41740,2021,2,1834.70503,0.005707218407389858,1827.6848365604617,0.005124346265707421
41740,2021,3,1846.98106,0.00668682106989138,1838.959656569952,0.006168908218721292
41740,2021,4,1864.59562,0.009543684625760163,1856.2106547563233,0.009380846461062816
41740,2021,5,1899.89777,0.018932136734899796,1876.1006031264185,0.01071535082461117
41740,2021,6,1952.68083,0.027771592567851666,1898.8072771722952,0.01210312176651803
41740,2021,7,2026.7964,0.03796203796203801,1911.4247268038368,0.006644934313887463
41740,2021,8,2096.82803,0.03455593306817262,1918.0762402216744,0.003479872016179275
41740,2021,9,2151.56375,0.026104890323592977,1908.8710172383596,-0.004799195563910989
41740,2021,10,2169.04193,0.00811613833482605,1899.8620740340982,-0.004719513850283574
41740,2021,11,2176.60072,0.0034890398639058073,1887.3376400547043,-0.006592285908839646
41740,2021,12,2173.68955,-0.0013389338199566447,1884.3586227723008,-0.0015784230755432709
41740,2022,1,2184.13928,0.0048114870197975,1885.8401539574577,7.862257042013376e-4
41740,2022,2,2193.79009,0.004411828003271223,1895.5038519081106,0.005124346265707421
41740,2022,3,2221.64485,0.01269524972681113,1907.1970411987643,0.006168908218721292
41740,2022,4,2257.07067,0.015953113925121887,1925.088163813243,0.009380846461062816
41740,2022,5,2303.42972,0.020534180246784883,1945.7161588568083,0.01071535082461117
41740,2022,6,2350.26406,0.02033528217372238,1969.265398450534,0.01210312176651803
41740,2022,7,2387.41681,0.015810000000000102,1982.3510376698493,0.006644934313887463
41740,2022,8,2403.9003,0.006900896821255831,1989.2493655720805,0.003479872016179275
41740,2022,9,2392.52924,-0.004732015408380752,1979.7025688413144,-0.004799195563910989
41740,2022,10,2365.09676,-0.011463879447533465,1970.359335148226,-0.004719513850283574
41740,2022,11,2324.36611,-0.01722133338633236,1957.3701630677774,-0.006592285908839646
41740,2022,12,2288.71566,-0.015339036178689147,1954.2806048350112,-0.0015784230755432709
41740,2023,1,2265.75082,-0.01003275793019165,1955.8171104797545,7.862257042013376e-4
41740,2023,2,2268.22852,0.0010995394381976276,1965.8393945862479,0.005124346265707421
41740,2023,3,2292.82613,0.010838255103098104,1977.966477384197,0.006168908218721292
41740,2023,4,2315.10079,0.009717495592275194,1996.5214772136674,0.009380846461062816
41740,2023,5,2339.40362,0.010497035653374454,2017.9149052708829,0.01071535082461117
41740,2023,6,2357.15145,0.00758504289818962,2042.3379750838476,0.01210312176651803
41740,2023,7,2369.07139,0.005055188298285884,2055.9091767750374,0.006644934313887463
41740,2023,8,2369.46628,1.6865079365069313e-4,2063.063477587103,0.003479872016179275
41740,2023,9,2351.01896,-0.0077863852326491845,2053.1624324974005,-0.004799195563910989
41740,2023,10,2322.03084,-0.01232605566218814,2043.472503960347,-0.004719513850283574
41740,2023,11,2287.30284,-0.014959665583659798,2030.0013489673881,-0.006592285908839646
41740,2023,12,2257.35532,-0.013090699848953391,2026.7971479947942,-0.0015784230755432709
41740,2024,1,2246.26207,-0.004914260726519348,2028.3906680097496,7.862257042013376e-4
41740,2024,2,2249.96428,0.0016426889877059203,2038.7848441547608,0.005124346265707421
41740,2024,3,2268.31117,0.008158191618267807,2051.3619207360716,0.006168908218721292
41740,2024,4,2280.64802,0.005439681700910803,2070.6054319505674,0.009380846461062816
41740,2024,5,2292.38998,0.005152620622848714,2092.7926955732632,0.01071535082461117
41740,2024,6,2299.62997,0.0031577436486291965,2118.1220203998655,0.01210312176651803
41740,2024,7,2298.95092,-2.9638411381149865e-4,2132.1968020942213,0.006644934313887463
41740,2024,8,2295.37863,-0.001553922119876927,2139.616574078816,0.003479872016179275
41740,2024,9,2283.12046,-0.005344801105820918,2129.348135708027,-0.004799195563910989
41740,2024,10,2276.40589,-0.0029441133174803458,2119.298647689477,-0.004719513850283574
41740,2024,11,2271.08236,-0.0023333367748330502,2105.3276250776908,-0.006592285908839646
41740,2024,12,2262.9434,-0.0035806314743715983,2102.0045273726896,-0.0015784230755432709
41740,2025,1,2262.26256,-3.0118917796129185e-4,2103.6571773624573,7.862257042013376e-4
41740,2025,2,2268.45629,0.002732297207446832,2114.437045163603,0.005124346265707421
41740,2025,3,2285.373,0.007459671152830083,2127.4808132294816,0.006168908218721292
41740,2025,4,2292.99415,0.0033319964211890873,2147.4383840872442,0.009380846461062816
41740,2025,5,2290.58852,-0.001045478306325176,2170.448939746975,0.01071535082461117
41740,2025,6,2289.22604,-5.95109838807395e-4,2196.7181475527427,0.01210312176651803
41740,2025,7,2288.62494,-2.669322300133947e-4,2211.315195349355,0.006644934313887463
41740,2025,8,2285.69909,-0.0012734013165326408,2219.0102892166033,0.003479872016179275
41740,2025,9,2280.87829,-0.002107904126350868,2208.360824880322,-0.004799195563910989
41740,2025,10,2272.77439,-0.0035549418844283975,2197.9384353808755,-0.004719513850283574
41740,2025,11,2254.04044,-0.008241729832580091,2183.448996804817,-0.006592285908839646
41740,2025,12,2239.70127,-0.0063603945529998596,2180.0025905239886,-0.0015784230755432709
41740,2026,1,2234.90055,-0.0021511920752183,2181.716564595884,7.862257042013376e-4
41740,2026,2,2245.12089,0.0045745654162854255,2192.8964357265027,0.005124346265707421
41740,2026,3,2253.86092,0.0038942277495133126,2206.4242125716605,0.006168908218721292
41740,2026,4,2260.86332,0.0031074683517904322,2227.1223393377663,0.009380846461062816
41740,2026,5,2267.69453,0.0030250738076427197,2250.9867365330992,0.01071535082461117
41740,2026,6,2271.47961,0.001668618570377367,2278.2307031001765,0.01210312176651803
41740,2026,7,2278.14586,0.002928151643075916,2293.3693964741587,0.006644934313887463
41740,2026,8,2288.04639,0.00435361236343379,2301.3500284597108,0.003479872016179275
41860,2017,1,2503.54532,NA,2503.54532,NA
41860,2017,2,2518.95048,0.006157332677691363,2518.95048,0.006157332677691363
41860,2017,3,2515.36472,-0.0014236690288239595,2515.36472,-0.0014236690288239595
41860,2017,4,2528.48931,0.005213376033365691,2528.48931,0.005213376033365691
41860,2017,5,2556.60164,0.011113580795732325,2556.60164,0.011113580795732325
41860,2017,6,2576.61066,0.007830083011441502,2576.61066,0.007830083011441502
41860,2017,7,2572.4313,-0.0016203246881394406,2572.4313,-0.0016203246881394406
41860,2017,8,2560.89762,-0.004483931711072531,2560.89762,-0.004483931711072531
41860,2017,9,2557.29741,-0.0014108057268261698,2557.29741,-0.0014108057268261698
41860,2017,10,2532.83648,-0.009565171890534296,2532.83648,-0.009565171890534296
41860,2017,11,2509.40979,-0.009245464439302076,2509.40979,-0.009245464439302076
41860,2017,12,2481.21313,-0.011230083399099922,2481.21313,-0.011230083399099922
41860,2018,1,2485.32566,0.0016502540096858809,2485.32566,0.0016502540096858809
41860,2018,2,2505.37588,0.008065384532552233,2505.37588,0.008065384532552233
41860,2018,3,2535.55073,0.012049351065534397,2535.55073,0.012049351065534397
41860,2018,4,2571.45076,0.014154079984801005,2571.45076,0.014154079984801005
41860,2018,5,2601.52527,0.01169809749802253,2601.52527,0.01169809749802253
41860,2018,6,2627.0486,0.009814007077606712,2627.0486,0.009814007077606712
41860,2018,7,2646.26517,0.007314439396100214,2646.26517,0.007314439396100214
41860,2018,8,2654.09217,0.002953074433656999,2654.09217,0.002953074433656999
41860,2018,9,2648.37237,-0.0021477836486105684,2648.37237,-0.0021477836486105684
41860,2018,10,2634.26537,-0.0053355430026575945,2634.26537,-0.0053355430026575945
41860,2018,11,2622.5325,-0.004449817638752074,2622.5325,-0.004449817638752074
41860,2018,12,2614.59003,-0.00303082873266447,2614.59003,-0.00303082873266447
41860,2019,1,2616.81561,8.495741893219666e-4,2616.81561,8.495741893219666e-4
41860,2019,2,2632.55471,0.006023788339009295,2632.55471,0.006023788339009295
41860,2019,3,2653.05904,0.007787085230969382,2653.05904,0.007787085230969382
41860,2019,4,2680.02641,0.010157968002905138,2680.02641,0.010157968002905138
41860,2019,5,2696.81389,0.006271157667688598,2696.81389,0.006271157667688598
41860,2019,6,2722.73554,0.009606128868997477,2722.73554,0.009606128868997477
41860,2019,7,2738.26266,0.005700974080226295,2738.26266,0.005700974080226295
41860,2019,8,2741.60834,0.001221693364739096,2741.60834,0.001221693364739096
41860,2019,9,2719.93488,-0.007897151558931004,2719.93488,-0.007897151558931004
41860,2019,10,2678.50422,-0.015241112630740017,2678.50422,-0.015241112630740017
41860,2019,11,2643.51851,-0.013059030414451778,2643.51851,-0.013059030414451778
41860,2019,12,2619.10792,-0.009232918594409667,2619.10792,-0.009232918594409667
41860,2020,1,2626.14882,0.0026873754662035676,2626.14882,0.0026873754662035676
41860,2020,2,2650.22114,0.009171694113810469,2650.22114,0.009171694113810469
41860,2020,3,2671.65073,0.008078523245950597,2666.4871083529015,0.006137589089226607
41860,2020,4,2653.93609,-0.006631406018351549,2692.730162526515,0.009841808007023944
41860,2020,5,2609.93547,-0.016578262711009817,2718.834239061579,0.009694278653814484
41860,2020,6,2576.24803,-0.01289965341153787,2743.530515169932,0.009083406319348564
41860,2020,7,2541.12595,-0.013639574503448992,2753.951439774419,0.0037983629293956893
41860,2020,8,2486.56205,-0.021474234078630028,2753.667632306939,-1.0305463755881181e-4
41860,2020,9,2412.73453,-0.029684002066471482,2743.1525313019183,-0.0038185803114559142
41860,2020,10,2355.8013,-0.0236040552831821,2715.5913211451384,-0.010047275841310635
41860,2020,11,2326.81218,-0.012303183150432884,2691.373394875854,-0.008918104164168642
41860,2020,12,2289.76999,-0.015918475322912795,2670.2965045558067,-0.007831276908724686
41860,2021,1,2279.57387,-0.0044530674739068354,2673.634145806707,0.0012499140995039237
41860,2021,2,2274.49325,-0.002230622930803783,2691.6780619966225,0.006748835183084297
41860,2021,3,2305.98389,0.01384901397844418,2708.198475901643,0.006137589089226607
41860,2021,4,2338.42965,0.0140660360935414,2734.8520453463825,0.009841808007023944
41860,2021,5,2392.43748,0.02309532256772373,2761.364463150925,0.009694278653814484
41860,2021,6,2450.81575,0.024408523966664708,2786.447058565535,0.009083406319348564
41860,2021,7,2511.23675,0.02464592637889429,2797.0309957775135,0.0037983629293956893
41860,2021,8,2553.32804,0.016763646439456936,2796.742748762003,-1.0305463755881181e-4
41860,2021,9,2568.00635,0.005754294758246292,2786.0631619653736,-0.0038185803114559142
41860,2021,10,2550.44714,-0.006836466713910583,2758.0708168657934,-0.010047275841310635
41860,2021,11,2525.8215,-0.009664218258132129,2733.474054028831,-0.008918104164168642
41860,2021,12,2516.44196,-0.0037084520920968034,2712.0674617889167,-0.007831276908724686
41860,2022,1,2540.46193,0.009539610120282038,2715.457313148213,0.0012499140995039237
41860,2022,2,2568.91969,0.011208731011524753,2733.7834870013507,0.006748835183084297
41860,2022,3,2600.6947,0.012365871444942167,2750.562326703478,0.006137589089226607
41860,2022,4,2622.98877,0.00857198719861696,2777.6328330342467,0.009841808007023944
41860,2022,5,2646.01662,0.008784817875727047,2804.559979715665,0.009694278653814484
41860,2022,6,2676.24348,0.011418919602310007,2830.0349375584065,0.009083406319348564
41860,2022,7,2701.324,0.0093700000000001,2840.7844373541225,0.0037983629293956893
41860,2022,8,2714.77985,0.004983306418855138,2840.4916813435484,-1.0305463755881181e-4
41860,2022,9,2708.17788,-0.002434936908517371,2829.6450357343156,-0.0038185803114559142
41860,2022,10,2673.60104,-0.01276768155900121,2801.2148115272976,-0.010047275841310635
41860,2022,11,2621.19072,-0.01959940340937516,2776.2332860518845,-0.008918104164168642
41860,2022,12,2573.7389,-0.018102365661660347,2754.491834425594,-0.007831276908724686
41860,2023,1,2551.83659,-0.00851616928356036,2757.9347126064113,0.0012499140995039237
41860,2023,2,2561.48278,0.003786011683149626,2776.5475594274985,0.006748835183084297
41860,2023,3,2573.04614,0.004513540621865486,2793.5888674339594,0.006137589089226607
41860,2023,4,2581.38263,0.0032347312364786607,2821.0828327178033,0.009841808007023944
41860,2023,5,2592.09137,0.00415737908869418,2848.4311958036624,0.009694278653814484
41860,2023,6,2600.10035,0.003087057074419697,2874.3046537278547,0.009083406319348564
41860,2023,7,2603.84977,0.0014409963460448871,2885.222305972364,0.0037983629293956893
41860,2023,8,2596.02827,-0.003001181972352107,2884.9249704333456,-1.0305463755881181e-4
41860,2023,9,2580.88111,-0.005834871086461191,2873.908652741222,-0.0038185803114559142
41860,2023,10,2557.45716,-0.009083650466107374,2845.0336997644013,-0.010047275841310635
41860,2023,11,2526.97226,-0.011919088331013739,2819.6613928793327,-0.008918104164168642
41860,2023,12,2497.71423,-0.011575692105653346,2797.5798437228545,-0.007831276908724686
41860,2024,1,2489.84217,-0.0031501462567904426,2801.076578214012,0.0012499140995039237
41860,2024,2,2501.67441,0.004750900198849939,2819.9805823755755,0.006748835183084297
41860,2024,3,2516.50676,0.005926591567979367,2837.2884644297947,0.006137589089226607
41860,2024,4,2527.57351,0.0044028033308165515,2865.2125127572563,0.009841808007023944
41860,2024,5,2528.20641,2.4352797924720448e-4,2892.988681258322,0.009694278653814484
41860,2024,6,2539.67443,0.00454122030740578,2919.2668729274674,0.009083406319348564
41860,2024,7,2553.80363,0.005563927205285868,2930.3553079986077,0.0037983629293956893
41860,2024,8,2567.61587,0.005407388001047897,2930.0533212944238,-1.0305463755881181e-4
41860,2024,9,2563.38674,-0.0016468454571039182,2918.864677370213,-0.0038185803114559142
41860,2024,10,2546.15514,-0.006723531315577902,2889.538038813216,-0.010047275841310635
41860,2024,11,2532.29719,-0.005444665174113572,2863.7688375967523,-0.008918104164168642
41860,2024,12,2529.01936,-0.001289354371651119,2841.341870826956,-0.007831276908724686
41860,2025,1,2541.23665,0.004825447888337386,2844.893304092813,0.0012499140995039237
41860,2025,2,2563.59479,0.008804170396503608,2864.0930201155957,0.006748835183084297
41860,2025,3,2594.12998,0.011911348665323285,2881.671646186387,0.006137589089226607
41860,2025,4,2625.16802,0.011967152230429656,2910.032505267438,0.009841808007023944
41860,2025,5,2644.11152,0.007207519471516655,2938.2431712651587,0.009694278653814484
41860,2025,6,2664.83708,0.007844208949483233,2964.932427854812,0.009083406319348564
41860,2025,7,2674.02602,0.0034446743125715606,2976.194317276939,0.0037983629293956893
41860,2025,8,2689.70639,0.005864867840307486,2975.8876066502676,-1.0305463755881181e-4
41860,2025,9,2686.01362,-0.001373093340497511,2964.5239408264074,-0.0038185803114559142
41860,2025,10,2672.3261,-0.005091416330394005,2934.738551054755,-0.010047275841310635
41860,2025,11,2648.69246,-0.008842910649548341,2908.566246961848,-0.008918104164168642
41860,2025,12,2641.85435,-0.002586616281537002,2885.7884592745195,-0.007831276908724686
41860,2026,1,2660.0575,0.0068885174492225865,2889.3954469579526,0.0012499140995039237
41860,2026,2,2693.01356,0.012394989687610103,2908.8955006082256,0.006748835183084297
41860,2026,3,2730.01224,0.013733888518985937,2926.749105894459,0.006137589089226607
41860,2026,4,2766.81553,0.013479202815438018,2955.5536086794013,0.009841808007023944
41860,2026,5,2816.52228,0.017971833165673523,2984.2055689382264,0.009694278653814484
41860,2026,6,2868.6502,0.01850021854392736,3011.3123206613554,0.009083406319348564
41860,2026,7,2925.68563,0.019890100663314314,3022.750377748988,0.0037983629293956893
41860,2026,8,2985.1334,0.020316316169811888,3022.4388693043784,-1.0305463755881181e-4
41940,2017,1,2558.07292,NA,2558.07292,NA
41940,2017,2,2574.07412,0.006255327972720659,2574.07412,0.006255327972720659
41940,2017,3,2550.76085,-0.009055627425614499,2550.76085,-0.009055627425614499
41940,2017,4,2576.61368,0.010131934656530728,2576.61368,0.010131934656530728
41940,2017,5,2622.00975,0.01761308400526107,2622.00975,0.01761308400526107
41940,2017,6,2652.69121,0.01169991570665907,2652.69121,0.01169991570665907
41940,2017,7,2672.24382,0.007376466405972337,2672.24382,0.007376466405972337
41940,2017,8,2667.30764,-0.001852668725187523,2667.30764,-0.001852668725187523
41940,2017,9,2635.62741,-0.011876878203995078,2635.62741,-0.011876878203995078
41940,2017,10,2594.03227,-0.015776468352024287,2594.03227,-0.015776468352024287
41940,2017,11,2559.7838,-0.013200645263899413,2559.7838,-0.013200645263899413
41940,2017,12,2553.07651,-0.0026247927795173265,2553.07651,-0.0026247927795173265
41940,2018,1,2571.68242,0.007294888960709178,2571.68242,0.007294888960709178
41940,2018,2,2611.51172,0.015481046890039929,2611.51172,0.015481046890039929
41940,2018,3,2655.86828,0.016982814069217644,2655.86828,0.016982814069217644
41940,2018,4,2701.42125,0.017154143180506676,2701.42125,0.017154143180506676
41940,2018,5,2743.97729,0.015752154467110202,2743.97729,0.015752154467110202
41940,2018,6,2790.80428,0.017065102992031456,2790.80428,0.017065102992031456
41940,2018,7,2823.5271,0.011731412943623676,2823.5271,0.011731412943623676
41940,2018,8,2827.34704,0.0013463585697288671,2827.34704,0.0013463585697288671
41940,2018,9,2802.62933,-0.008744775543812477,2802.62933,-0.008744775543812477
41940,2018,10,2764.06383,-0.0137533647375504,2764.06383,-0.0137533647375504
41940,2018,11,2737.11355,-0.00975521344193786,2737.11355,-0.00975521344193786
41940,2018,12,2722.54786,-0.0053186335203110335,2722.54786,-0.0053186335203110335
41940,2019,1,2726.7821,0.0015586608505526733,2726.7821,0.0015586608505526733
41940,2019,2,2745.01936,0.00668964995515009,2745.01936,0.00668964995515009
41940,2019,3,2774.76285,0.010831991411701658,2774.76285,0.010831991411701658
41940,2019,4,2797.2543,0.008103314606144885,2797.2543,0.008103314606144885
41940,2019,5,2817.27917,0.007163776574450553,2817.27917,0.007163776574450553
41940,2019,6,2849.36664,0.01138051505198634,2849.36664,0.01138051505198634
41940,2019,7,2876.40015,0.009494260006205346,2876.40015,0.009494260006205346
41940,2019,8,2879.13641,9.527907548563253e-4,2879.13641,9.527907548563253e-4
41940,2019,9,2847.99181,-0.010818722428634353,2847.99181,-0.010818722428634353
41940,2019,10,2808.97069,-0.01369976408261242,2808.97069,-0.01369976408261242
41940,2019,11,2775.75313,-0.01183382291229551,2775.75313,-0.01183382291229551
41940,2019,12,2763.56922,-0.004384661117716959,2763.56922,-0.004384661117716959
41940,2020,1,2773.46896,0.003582891692169854,2773.46896,0.003582891692169854
41940,2020,2,2805.49515,0.011549699835307736,2805.49515,0.011549699835307736
41940,2020,3,2833.61676,0.010020797882397403,2823.038077684048,0.006253059351768267
41940,2020,4,2814.31365,-0.006811847414617822,2856.339945155117,0.011796464147727429
41940,2020,5,2762.82405,-0.018293002167516503,2894.9281600271274,0.013509671682273941
41940,2020,6,2702.13803,-0.021972395844443993,2933.6676387451785,0.013381844583558955
41940,2020,7,2645.24799,-0.0210482692433529,2961.63736228751,0.009534046451933786
41940,2020,8,2583.36377,-0.023394679381489314,2962.0781334957474,1.4882686646588983e-4
41940,2020,9,2490.43935,-0.03596687351706507,2931.0351832353745,-0.010480125392147302
41940,2020,10,2418.78595,-0.02877731892889679,2888.7993598124503,-0.014409865724062368
41940,2020,11,2359.2905,-0.024598252902691353,2855.2992231502694,-0.011596560539377595
41940,2020,12,2331.74724,-0.011666250312265869,2843.5657636748547,-0.004109362472515106
41940,2021,1,2336.34599,0.0019715390642771613,2856.153589240001,0.004426774905630926
41940,2021,2,2361.58483,0.01079690219722007,2883.2166201771684,0.009475341605970225
41940,2021,3,2391.40083,0.012628216326836306,2901.2455448271407,0.006253059351768267
41940,2021,4,2419.42117,0.011719038817005645,2935.4699838804486,0.011796464147727429
41940,2021,5,2461.40528,0.01734449032289498,2975.1272195958436,0.013509671682273941
41940,2021,6,2526.30022,0.026375336725531273,3014.9399096647912,0.013381844583558955
41940,2021,7,2597.69649,0.02825214632325479,3043.6844868133244,0.009534046451933786
41940,2021,8,2660.98839,0.02436755530346013,3044.1374688380074,1.4882686646588983e-4
41940,2021,9,2698.28671,0.014020244080710453,3012.2345264536516,-0.010480125392147302
41940,2021,10,2688.55943,-0.003604036520903353,2968.8286313980702,-0.014409865724062368
41940,2021,11,2664.57686,-0.008922112370388313,2934.4004304430246,-0.011596560539377595
41940,2021,12,2642.20022,-0.008405220084052312,2922.34191543483,-0.004109362472515106
41940,2022,1,2662.71956,0.007773812179344253,2935.2784652917503,0.004426774905630926
41940,2022,2,2708.48697,0.017187378952377763,2963.0912314590378,0.009475341605970225
41940,2022,3,2765.8061,0.02116200631052112,2981.619616794055,0.006253059351768267
41940,2022,4,2819.78878,0.01951947152522515,3016.7921857057277,0.011796464147727429
41940,2022,5,2879.80833,0.021277707525578338,3057.5480576682617,0.013509671682273941
41940,2022,6,2946.89504,0.02330055360559946,3098.4636905827415,0.013381844583558955
41940,2022,7,3007.15855,0.02045000000000008,3128.0045873383874,0.009534046451933786
41940,2022,8,3029.49577,0.007428095448086536,3128.4701184594114,1.4882686646588983e-4
41940,2022,9,3012.48405,-0.0056126766728598065,3095.683359332371,-0.010480125392147302
41940,2022,10,2952.61088,-0.019877526265333567,3051.074977800177,-0.014409865724062368
41940,2022,11,2881.43371,-0.024103239714952984,3015.693002109937,-0.011596560539377595
41940,2022,12,2825.68173,-0.01934975812802342,3003.3004264584397,-0.004109362472515106
41940,2023,1,2811.26065,-0.0051101817764660495,3016.5953614203563,0.004426774905630926
41940,2023,2,2830.57887,0.006876526515508852,3045.1786329567994,0.009475341605970225
41940,2023,3,2863.20139,0.011524887301802123,3064.2203156854152,0.006253059351768267
41940,2023,4,2883.97024,0.007256072457801466,3100.367280780136,0.011796464147727429
41940,2023,5,2901.04361,0.0059163132887141145,3142.25222483794,0.013509671682273941
41940,2023,6,2919.92854,0.0065113160781764545,3184.301355753064,0.013381844583558955
41940,2023,7,2933.1544,0.004531462885401405,3214.6606327957693,0.009534046451933786
41940,2023,8,2934.06442,3.1145136335331003e-4,3215.139060664499,1.4882686646588983e-4
41940,2023,9,2909.80369,-0.008276000602621458,3181.4440001555445,-0.010480125392147302
41940,2023,10,2872.5205,-0.012811294193901257,3135.599819304679,-0.014409865724062368
41940,2023,11,2822.39119,-0.017450449341376295,3099.2376461728504,-0.011596560539377595
41940,2023,12,2797.30371,-0.00888540850952757,3086.5017552962618,-0.004109362472515106
41940,2024,1,2807.83908,0.003760903459609777,3100.1650038127927,0.004426774905630926
41940,2024,2,2837.27498,0.010484776608137958,3129.5401262587934,0.009475341605970225
41940,2024,3,2874.30844,0.013055670959700949,3149.10932641203,0.006253059351768267
41940,2024,4,2907.59899,0.011585347099049681,3186.257681678324,0.011796464147727429
41940,2024,5,2953.96081,0.015942513707723815,3229.302976852922,0.013509671682273941
41940,2024,6,2984.15753,0.010215482841181123,3272.5170074023918,0.013381844583558955
41940,2024,7,3006.97164,0.007653262758729573,3303.7173365657095,0.009534046451933786
41940,2024,8,3004.36401,-8.722155254361486e-4,3304.209018464599,1.4882686646588983e-4
41940,2024,9,2979.4064,-0.00830799411476213,3269.580493629226,-0.010480125392147302
41940,2024,10,2939.12243,-0.013520864860587789,3222.4662777420153,-0.014409865724062368
41940,2024,11,2908.99368,-0.010247052217855157,3185.0967524660773,-0.011596560539377595
41940,2024,12,2899.20133,-0.003363251413173396,3172.008035400164,-0.004109362472515106
41940,2025,1,2914.00678,0.005102559411274354,3186.0498009717326,0.004426774905630926
41940,2025,2,2943.07888,0.009981392338497486,3216.2387112095735,0.009475341605970225
41940,2025,3,2975.68698,0.011074285828719166,3236.3500427602216,0.006253059351768267
41940,2025,4,3008.87486,0.011151054200461585,3274.527530009139,0.011796464147727429
41940,2025,5,3032.46172,0.0078450192452717,3318.76532185413,0.013509671682273941
41940,2025,6,3064.98661,0.010718728134960775,3363.1765236004867,0.013381844583558955
41940,2025,7,3082.38659,0.005682309844529554,3395.2412048025467,0.009534046451933786
41940,2025,8,3101.43477,0.006176026310254601,3395.746507911953,1.4882686646588983e-4
41940,2025,9,3090.60406,-0.0034871346585079177,3360.158658709089,-0.010480125392147302
41940,2025,10,3080.40552,-0.003299102758469452,3311.739223625546,-0.014409865724062368
41940,2025,11,3055.25414,-0.008169825219312976,3273.334439228141,-0.011596560539377595
41940,2025,12,3048.67754,-0.002150911002440248,3259.8831215235855,-0.004109362472515106
41940,2026,1,3053.54568,0.0015949117482165764,3274.3138903212357,0.004426774905630926
41940,2026,2,3077.18888,0.0077398932628187644,3305.3391329572028,0.009475341605970225
41940,2026,3,3112.51815,0.011482364658449873,3326.0076147333066,0.006253059351768267
41940,2026,4,3150.96009,0.012355614466956988,3365.242744315576,0.011796464147727429
41940,2026,5,3198.43689,0.01506663549216758,3410.7060689224345,0.013509671682273941
41940,2026,6,3255.44881,0.017818972506817854,3456.347607456956,0.013381844583558955
41940,2026,7,3316.52661,0.018765275640445278,3489.3005861004813,0.009534046451933786
41940,2026,8,3347.24936,0.009267568840354512,3489.819887772868,1.4882686646588983e-4
42660,2017,1,1552.3494,NA,1552.3494,NA
42660,2017,2,1565.28209,0.008331578393176775,1565.28209,0.008331578393176775
42660,2017,3,1582.16677,0.010782022999908492,1582.16677,0.010782022999908492
42660,2017,4,1609.80652,0.017472719054691055,1609.80652,0.017472719054691055
42660,2017,5,1643.62566,0.021005736914250894,1643.62566,0.021005736914250894
42660,2017,6,1673.62257,0.01824894645898345,1673.62257,0.01824894645898345
42660,2017,7,1687.96941,0.008582485868808831,1687.96941,0.008582485868808831
42660,2017,8,1677.84163,-0.0060038250175514785,1677.84163,-0.0060038250175514785
42660,2017,9,1648.22323,-0.01765751723130138,1648.22323,-0.01765751723130138
42660,2017,10,1618.84744,-0.017813755144543086,1618.84744,-0.017813755144543086
42660,2017,11,1593.85099,-0.015448498693693025,1593.85099,-0.015448498693693025
42660,2017,12,1575.99149,-0.011204122706936714,1575.99149,-0.011204122706936714
42660,2018,1,1573.67345,-0.0014650020095159366,1573.67345,-0.0014650020095159366
42660,2018,2,1591.15969,0.011113996364580547,1591.15969,0.011113996364580547
42660,2018,3,1615.6237,0.01537058914171241,1615.6237,0.01537058914171241
42660,2018,4,1642.02824,0.016339332009661867,1642.02824,0.016339332009661867
42660,2018,5,1667.32285,0.015404715983326156,1667.32285,0.015404715983326156
42660,2018,6,1691.81815,0.014693087263948579,1691.81815,0.014693087263948579
42660,2018,7,1704.37667,0.007427356827129694,1704.37667,0.007427356827129694
42660,2018,8,1704.12392,-1.5584353309272547e-4,1704.12392,-1.5584353309272547e-4
42660,2018,9,1691.09418,-0.00763752338017365,1691.09418,-0.00763752338017365
42660,2018,10,1672.61664,-0.01093430956782293,1672.61664,-0.01093430956782293
42660,2018,11,1656.2091,-0.009809191077667312,1656.2091,-0.009809191077667312
42660,2018,12,1646.36086,-0.005946286038564508,1646.36086,-0.005946286038564508
42660,2019,1,1649.65562,0.0019980887846406947,1649.65562,0.0019980887846406947
42660,2019,2,1659.22395,0.005808912779608155,1659.22395,0.005808912779608155
42660,2019,3,1684.01869,0.014937135961185621,1684.01869,0.014937135961185621
42660,2019,4,1709.67295,0.015239019655423292,1709.67295,0.015239019655423292
42660,2019,5,1738.32319,0.0167551030163966,1738.32319,0.0167551030163966
42660,2019,6,1763.77292,0.014645384235642656,1763.77292,0.014645384235642656
42660,2019,7,1776.8601,0.007413928918956536,1776.8601,0.007413928918956536
42660,2019,8,1774.90099,-0.0011039050641644677,1774.90099,-0.0011039050641644677
42660,2019,9,1757.27932,-0.0099231017175484,1757.27932,-0.0099231017175484
42660,2019,10,1733.02523,-0.01380136269562593,1733.02523,-0.01380136269562593
42660,2019,11,1716.28999,-0.009655855409754888,1716.28999,-0.009655855409754888
42660,2019,12,1715.50342,-4.6428571428569487e-4,1715.50342,-4.6428571428569487e-4
42660,2020,1,1731.56024,0.009361489262871947,1731.56024,0.009361489262871947
42660,2020,2,1754.48933,0.013239406704662171,1754.48933,0.013239406704662171
42660,2020,3,1768.22121,0.007825874296894186,1778.519838206254,0.013696582700935508
42660,2020,4,1760.86452,-0.004159877976912751,1807.5992723263805,0.016350356906592072
42660,2020,5,1742.20637,-0.01059398243232268,1839.6332790540228,0.01772185197132455
42660,2020,6,1723.95702,-0.010472862034995534,1868.8144116343053,0.01586247265285823
42660,2020,7,1717.00054,-0.004029629629629605,1883.405972290554,0.0078079238716316874
42660,2020,8,1708.44781,-0.004986017730707504,1878.8458863151195,-0.002421191204936224
42660,2020,9,1685.80295,-0.013251052430156895,1856.7893990356042,-0.011739380776341143
42660,2020,10,1646.7138,-0.023197750521161686,1830.4542904535394,-0.014183142469330648
42660,2020,11,1603.08077,-0.02649080576717866,1809.151740929634,-0.011637848393705075
42660,2020,12,1571.53317,-0.019679068048280013,1798.5291892136781,-0.005871564819928972
42660,2021,1,1567.24741,-0.002730286680101446,1799.008575276401,2.6654338756237905e-4
42660,2021,2,1585.54565,0.011681115963757316,1814.152921824378,0.00841816251245516
42660,2021,3,1616.52376,0.019535830723830916,1839.0006173502893,0.013696582700935508
42660,2021,4,1659.60502,0.02664408407801111,1869.0689337954097,0.016350356906592072
42660,2021,5,1712.32297,0.03177593105570953,1902.1922967643332,0.01772185197132455
42660,2021,6,1775.54787,0.036918597713767376,1932.365770052235,0.01586247265285823
42660,2021,7,1837.93353,0.035132336018411925,1947.4535348769498,0.0078079238716316874
42660,2021,8,1893.54251,0.030260247017886988,1942.7383775062835,-0.002421191204936224
42660,2021,9,1924.21735,0.016196385217156717,1919.931831943926,-0.011739380776341143
42660,2021,10,1925.02247,4.247366632688099e-4,1892.7011652400624,-0.014183142469330648
42660,2021,11,1903.51943,-0.011176445614333064,1870.6741960244094,-0.011637848393705075
42660,2021,12,1878.94642,-0.012902117793544554,1859.6904112254833,-0.005871564819928972
42660,2022,1,1873.28789,-0.003012146453387876,1860.1860994075087,2.6654338756237905e-4
42660,2022,2,1886.32523,0.006958684176083141,1875.845448295731,0.00841816251245516
42660,2022,3,1916.53692,0.016009185242953805,1901.538120612487,0.013696582700935508
42660,2022,4,1952.46559,0.018752665245202582,1932.6289475559915,0.016350356906592072
42660,2022,5,1994.81696,0.021693404074969225,1966.8787116800752,0.01772185197132455
42660,2022,6,2043.20887,0.024254342838413656,1998.0782714555896,0.01586247265285823
42660,2022,7,2076.2966500000002,0.016189999999999927,2013.6791144886763,0.0078079238716316874
42660,2022,8,2085.97276,0.00466448203583969,2008.8036123271124,-0.002421191204936224
42660,2022,9,2063.60345,-0.010725514971643313,1985.2215018171148,-0.011739380776341143
42660,2022,10,2020.79672,-0.020742985009604253,1957.0648224236643,-0.014183142469330648
42660,2022,11,1966.66513,-0.026783818488822386,1934.2887987236445,-0.011637848393705075
42660,2022,12,1922.13008,-0.02264840941675139,1922.931496661476,-0.005871564819928972
42660,2023,1,1905.80482,-0.008493313774262878,1923.4440413366467,2.6654338756237905e-4
42660,2023,2,1911.33478,0.0029053872956312787,1939.635905860232,0.00841816251245516
42660,2023,3,1930.00302,0.009759904218245685,1966.2022894545505,0.013696582700935508
42660,2023,4,1942.49346,0.006479001471537904,1998.350398637691,0.016350356906592072
42660,2023,5,1958.05686,0.00800454397239947,2033.7648685891852,0.01772185197132455
42660,2023,6,1973.18081,0.007732281492612181,2066.025408199525,0.01586247265285823
42660,2023,7,1988.25359,0.007631532622989878,2082.156777303604,0.0078079238716316874
42660,2023,8,1994.25042,0.0030212722227931366,2077.115477627098,-0.002421191204936224
42660,2023,9,1986.35053,-0.00396500143436751,2052.731428118802,-0.011739380776341143
42660,2023,10,1968.0388600000001,-0.009216495057448815,2023.6172458225203,-0.014183142469330648
42660,2023,11,1943.46237,-0.012489488273585203,2000.0666951087508,-0.011637848393705075
42660,2023,12,1917.65574,-0.01327824386551446,1988.3231738642387,-0.005871564819928972
42660,2024,1,1911.47364,-0.0032177294763199304,1988.8531482585693,2.6654338756237905e-4
42660,2024,2,1922.71406,0.00587902044830213,2005.595637274018,0.00841816251245516
42660,2024,3,1952.3056,0.015387394663294307,2033.065443784577,0.013696582700935508
42660,2024,4,1974.07053,0.011145880210568171,2066.3067894049136,0.016350356906592072
42660,2024,5,1994.35796,0.010277800778339063,2102.9255724540903,0.01772185197132455
42660,2024,6,2006.02941,0.005849870401295032,2136.2831718381394,0.01586247265285823
42660,2024,7,2017.60125,0.005775106946424913,2152.9631082120995,0.0078079238716316874
42660,2024,8,2017.16067,-2.2279157847837627e-4,2147.7503728699444,-0.002421191204936224
42660,2024,9,2003.13347,-0.006948594580906575,2122.537113430295,-0.011739380776341143
42660,2024,10,1980.64322,-0.011230224706494263,2092.4328671540716,-0.014183142469330648
42660,2024,11,1957.24347,-0.011811673440756065,2068.0814506721267,-0.011637848393705075
42660,2024,12,1944.32251,-0.006607998496758527,2055.938576381612,-0.005871564819928972
42660,2025,1,1946.38805,0.0010613703236652672,2056.486573214381,2.6654338756237905e-4
42660,2025,2,1959.47777,0.00672888170395014,2073.7984113923817,0.00841816251245516
42660,2025,3,1978.61418,0.009770390607078072,2102.202362839086,0.013696582700935508
42660,2025,4,1994.35499,0.007951341918029042,2136.5741217613863,0.016350356906592072
42660,2025,5,2010.55001,0.008124250837525215,2174.4381720730044,0.01772185197132455
42660,2025,6,2027.06173,0.008211215219202872,2208.930138112843,0.01586247265285823
42660,2025,7,2039.85003,0.006309847797601131,2226.1772964689812,0.0078079238716316874
42660,2025,8,2043.58164,0.0018229897031132314,2220.7872955781418,-0.002421191204936224
42660,2025,9,2034.95398,-0.004219240536703528,2194.716627892089,-0.011739380776341143
42660,2025,10,2013.66469,-0.010462267560946259,2163.588649278887,-0.014183142469330648
42660,2025,11,1986.10846,-0.013687927430647173,2138.409132592238,-0.011637848393705075
42660,2025,12,1963.47751,-0.01138830307082972,2125.8533247586947,-0.005871564819928972
42660,2026,1,1957.65325,-0.0029657224916230795,2126.419956905336,2.6654338756237905e-4
42660,2026,2,1962.30647,0.002369198334255307,2144.320505672293,0.00841816251245516
42660,2026,3,1973.44721,0.005685131195335202,2173.6903688155458,0.013696582700935508
42660,2026,4,1983.45597,0.005073199014349772,2209.2309821501017,0.016350356906592072
42660,2026,5,1996.0502,0.006345543697721334,2248.3826465862294,0.01772185197132455
42660,2026,6,2010.1236,0.0070527781189861916,2284.0475548308646,0.01586247265285823
42660,2026,7,2017.92943,0.0038828635610534956,2301.8812242581707,0.0078079238716316874
42660,2026,8,2020.36206,0.0012049046707776068,2296.307929683189,-0.002421191204936224
45300,2017,1,1007.55168,NA,1007.55168,NA
45300,2017,2,1010.95057,0.0033740232043670826,1010.95057,0.0033740232043670826
45300,2017,3,1017.08585,0.0060591640891427545,1017.08585,0.0060591640891427545
45300,2017,4,1020.835,0.003689280590284838,1020.835,0.003689280590284838
45300,2017,5,1025.22263,0.0043040480042726426,1025.22263,0.0043040480042726426
45300,2017,6,1030.25501,0.004895597090795567,1030.25501,0.004895597090795567
45300,2017,7,1039.99795,0.009463329597808379,1039.99795,0.009463329597808379
45300,2017,8,1046.04746,0.005812877759960422,1046.04746,0.005812877759960422
45300,2017,9,1047.54332,0.0014409884567627707,1047.54332,0.0014409884567627707
45300,2017,10,1048.4179,8.266107428780423e-4,1048.4179,8.266107428780423e-4
45300,2017,11,1050.07849,0.0015906761903305977,1050.07849,0.0015906761903305977
45300,2017,12,1049.93431,-1.3743605405824866e-4,1049.93431,-1.3743605405824866e-4
45300,2018,1,1047.58793,-0.00224509744028345,1047.58793,-0.00224509744028345
45300,2018,2,1050.72639,0.0030001989927903594,1050.72639,0.0030001989927903594
45300,2018,3,1058.39137,0.007294925600915603,1058.39137,0.007294925600915603
45300,2018,4,1069.13287,0.010151053739981597,1069.13287,0.010151053739981597
45300,2018,5,1079.24057,0.00944910233527807,1079.24057,0.00944910233527807
45300,2018,6,1088.02197,0.008142281919082173,1088.02197,0.008142281919082173
45300,2018,7,1097.72037,0.00891659666032929,1097.72037,0.00891659666032929
45300,2018,8,1100.09809,0.00216197265396767,1100.09809,0.00216197265396767
45300,2018,9,1095.80067,-0.003906477756399074,1095.80067,-0.003906477756399074
45300,2018,10,1089.78644,-0.005487590728166625,1089.78644,-0.005487590728166625
45300,2018,11,1083.86356,-0.0054295846147056626,1083.86356,-0.0054295846147056626
45300,2018,12,1082.22997,-0.0015090543259556055,1082.22997,-0.0015090543259556055
45300,2019,1,1083.61261,0.0012742628537560918,1083.61261,0.0012742628537560918
45300,2019,2,1085.83697,0.0020569432934769427,1085.83697,0.0020569432934769427
45300,2019,3,1092.43401,0.006069556228309736,1092.43401,0.006069556228309736
45300,2019,4,1097.18088,0.0043448903502334435,1097.18088,0.0043448903502334435
45300,2019,5,1106.26859,0.008286808336499973,1106.26859,0.008286808336499973
45300,2019,6,1115.62902,0.008465117627447727,1115.62902,0.008465117627447727
45300,2019,7,1123.45542,0.00701421528466506,1123.45542,0.00701421528466506
45300,2019,8,1126.57635,0.002769015572144262,1126.57635,0.002769015572144262
45300,2019,9,1124.44915,-0.0018788698313286778,1124.44915,-0.0018788698313286778
45300,2019,10,1121.35548,-0.0027523066611525593,1121.35548,-0.0027523066611525593
45300,2019,11,1119.1984,-0.0019305019305020377,1119.1984,-0.0019305019305020377
45300,2019,12,1117.14762,-0.0018339422594740862,1117.14762,-0.0018339422594740862
45300,2020,1,1120.42239,0.002928215654470545,1120.42239,0.002928215654470545
45300,2020,2,1124.80004,0.003907200412188061,1124.80004,0.003907200412188061
45300,2020,3,1129.12737,0.003849224452554756,1132.0826125686422,0.006474548639456031
45300,2020,4,1120.85839,-0.007313886443036877,1138.9450047907915,0.0060617415601666265
45300,2020,5,1114.75699,-0.005450721755676069,1147.312438404086,0.007346652892016896
45300,2020,6,1112.98638,-0.0015823240024166463,1155.5359902390742,0.007167665545775155
45300,2020,7,1124.18362,0.010056477639465156,1165.317271737052,0.00846471384760091
45300,2020,8,1134.18237,0.008900807348871664,1169.4906092699846,0.003581288662024118
45300,2020,9,1143.67022,0.008355718931146505,1167.7970468676647,-0.0014481197103216603
45300,2020,10,1148.82893,0.004514799287727245,1164.911308783232,-0.002471095548813714
45300,2020,11,1155.62716,0.005918233463143574,1162.6710249940961,-0.0019231367849590342
45300,2020,12,1161.85058,0.0053838788904769785,1161.3221589326374,-0.0011601442131626467
45300,2021,1,1171.61384,0.008405217031260737,1160.758433073641,-4.854172932636791e-4
45300,2021,2,1182.21404,0.009046863024197993,1164.0206152216056,0.002810388496878128
45300,2021,3,1198.55877,0.013821634452356735,1171.5571233121873,0.006474548639456031
45300,2021,4,1222.64999,0.020108637482607383,1178.658799816678,0.0060617415601666265
45300,2021,5,1264.64397,0.034335777145330315,1187.3179968970526,0.007346652892016896
45300,2021,6,1325.10698,0.047815887909719246,1195.8282951952901,0.007167665545775155
45300,2021,7,1396.15358,0.053620698000871325,1205.9506395249825,0.00846471384760091
45300,2021,8,1466.95743,0.05070807539021671,1210.2694968772742,0.003581288662024118
45300,2021,9,1514.06708,0.03211560744190112,1208.5168817640451,-0.0014481197103216603
45300,2021,10,1535.79486,0.014350773141283524,1205.5305210768515,-0.002471095548813714
45300,2021,11,1535.78938,-1.0441138084016366e-5,1203.212120986378,-0.0019231367849590342
45300,2021,12,1533.16763,-0.001701923277716344,1201.8162214070082,-0.0011601442131626467
45300,2022,1,1535.81371,0.0017257428538557384,1201.2328390298126,-4.854172932636791e-4
45300,2022,2,1546.17569,0.006744904777814975,1204.6087699826942,0.002810388496878128
45300,2022,3,1558.44316,0.00793387401215484,1212.4080680554625,0.006474548639456031
45300,2022,4,1572.83791,0.009239918919196954,1219.7573724294757,0.0060617415601666265
45300,2022,5,1585.2865,0.007911505327012236,1228.7185064571938,0.007346652892016896
45300,2022,6,1603.54773,0.011521226772943871,1237.5255497613832,0.007167665545775155
45300,2022,7,1614.79959,0.007020000000000026,1248.0008494192082,0.00846471384760091
45300,2022,8,1619.76232,0.0030684594149072986,1252.4703007114297,0.003581288662024118
45300,2022,9,1607.17374,-0.00777143083426568,1250.6565737823769,-0.0014481197103216603
45300,2022,10,1585.45847,-0.013509468600961694,1247.5660818898086,-0.002471095548813714
45300,2022,11,1561.75279,-0.014948620438546834,1245.166841666059,-0.0019231367849590342
45300,2022,12,1537.94075,-0.015247345832392178,1243.722268560278,-0.0011601442131626467
45300,2023,1,1535.01494,-0.0019080586806243804,1243.118544263102,-4.854172932636791e-4
45300,2023,2,1535.79348,5.118776507948564e-4,1246.612190320155,0.002810388496878128
45300,2023,3,1550.83863,0.009793787522839992,1254.6834415809215,0.006474548639456031
45300,2023,4,1554.96207,0.002657346995750265,1262.2890083436057,0.0060617415601666265
45300,2023,5,1558.25618,0.002124368361348772,1271.5626075373143,0.007346652892016896
45300,2023,6,1559.11651,5.454021569111234e-4,1280.6767430286557,0.007167665545775155
45300,2023,7,1562.00031,0.0018512995094055462,1291.5173051896707,0.00846471384760091
45300,2023,8,1564.67383,0.0017144206387500471,1296.1426014715544,0.003581288662024118
45300,2023,9,1557.42335,-0.0046322866278593056,1294.2656318229758,-0.0014481197103216603
45300,2023,10,1546.7251,-0.006877805691693162,1291.0673777811953,-0.002471095548813714
45300,2023,11,1529.05653,-0.011414530977855164,1288.5844786151238,-0.0019231367849590342
45300,2023,12,1518.28786,-0.007047349378637824,1287.089534789087,-0.0011601442131626467
45300,2024,1,1513.09196,-0.003421944805297561,1286.4647592709218,-4.854172932636791e-4
45300,2024,2,1517.74613,0.0030733687300628088,1290.080225032016,0.002810388496878128
45300,2024,3,1523.20412,0.0036027850267830175,1298.432912197786,0.006474548639456031
45300,2024,4,1525.22132,0.0013159279924204181,1306.3036769447433,0.0060617415601666265
45300,2024,5,1524.14816,-6.938968616938546e-4,1315.900636630822,0.007346652892016896
45300,2024,6,1526.62316,0.0016202169407359968,1325.3325722856641,0.007167665545775155
45300,2024,7,1527.89793,8.29805783431059e-4,1336.551133262967,0.00846471384760091
45300,2024,8,1525.56057,-0.001521798450914047,1341.3377086827372,0.003581288662024118
45300,2024,9,1514.32354,-0.007368321473243955,1339.395291108596,-0.0014481197103216603
45300,2024,10,1511.31221,-0.0019907662332161458,1336.0855173666355,-0.002471095548813714
45300,2024,11,1514.01986,0.0017931414990237649,1333.5160421603366,-0.0019231367849590342
45300,2024,12,1520.05982,0.003992925002912706,1331.9689712408647,-0.0011601442131626467
45300,2025,1,1521.52622,9.599763698124875e-4,1331.3224104681335,-4.854172932636791e-4
45300,2025,2,1523.85991,0.0015387047478527816,1335.0639436561494,0.002810388496878128
45300,2025,3,1530.69445,0.00448274773494961,1343.7078800961351,0.006474548639456031
45300,2025,4,1534.81431,0.0026923117215080783,1351.8530899976372,0.0060617415601666265
45300,2025,5,1532.54355,-0.0014835865181687113,1361.7846854108507,0.007346652892016896
45300,2025,6,1528.54522,-0.0026053655882476434,1371.5455025812341,0.007167665545775155
45300,2025,7,1523.74068,-0.0031471942763027227,1383.155242789548,0.00846471384760091
45300,2025,8,1518.28516,-0.0035780810961557608,1388.1087209783695,0.003581288662024118
45300,2025,9,1509.72834,-0.005639871993916468,1386.0985733794514,-0.0014481197103216603
45300,2025,10,1494.2796,-0.01022846764171692,1382.6733913645564,-0.002471095548813714
45300,2025,11,1478.09749,-0.010827806752087277,1380.0143213040392,-0.0019231367849590342
45300,2025,12,1467.63644,-0.007084196708506352,1378.4133056750966,-0.0011601442131626467
45300,2026,1,1464.22193,-0.00232725842402004,1377.7442000192573,-4.854172932636791e-4
45300,2026,2,1463.91091,-2.0808007797534778e-4,1381.6161964706318,0.002810388496878128
45300,2026,3,1463.52279,-2.628926959644673e-4,1390.561537735741,0.006474548639456031
45300,2026,4,1465.94656,0.001654468159705269,1398.9907624010032,0.0060617415601666265
45300,2026,5,1471.5936,0.003850403089073584,1409.2686619315016,0.007346652892016896
45300,2026,6,1475.45409,0.002626101927624136,1419.3698283643685,0.007167665545775155
45300,2026,7,1476.8828,9.672651393295428e-4,1431.3843878053913,0.00846471384760091
45300,2026,8,1479.60963,0.0018457997198728648,1436.510588484437,0.003581288662024118
47260,2017,1,1061.80239,NA,1061.80239,NA
47260,2017,2,1069.19307,0.006960720639313189,1069.19307,0.006960720639313189
47260,2017,3,1077.00568,0.0073052061862899365,1077.00568,0.0073052061862899365
47260,2017,4,1082.12085,0.0047466592427616305,1082.12085,0.0047466592427616305
47260,2017,5,1085.75917,0.0033665369002924272,1085.75917,0.0033665369002924272
47260,2017,6,1091.55761,0.005343532530652784,1091.55761,0.005343532530652784
47260,2017,7,1094.351,0.0025545590638775817,1094.351,0.0025545590638775817
47260,2017,8,1096.97523,0.0023973587955670173,1096.97523,0.0023973587955670173
47260,2017,9,1092.27128,-0.004291258951511501,1092.27128,-0.004291258951511501
47260,2017,10,1093.17987,8.372450520190977e-4,1093.17987,8.372450520190977e-4
47260,2017,11,1095.76522,0.0023587816618437785,1095.76522,0.0023587816618437785
47260,2017,12,1101.06152,0.004843277558112646,1101.06152,0.004843277558112646
47260,2018,1,1100.98369,-6.807815372045223e-5,1100.98369,-6.807815372045223e-5
47260,2018,2,1103.49706,0.0022739651416121553,1103.49706,0.0022739651416121553
47260,2018,3,1112.48439,0.008151398644150598,1112.48439,0.008151398644150598
47260,2018,4,1122.5839,0.009069225275243564,1122.5839,0.009069225275243564
47260,2018,5,1129.58263,0.006236645299145138,1129.58263,0.006236645299145138
47260,2018,6,1133.42358,0.003397613707247782,1133.42358,0.003397613707247782
47260,2018,7,1140.26108,0.006044733674589686,1140.26108,0.006044733674589686
47260,2018,8,1144.1895,0.0034446489613462195,1144.1895,0.0034446489613462195
47260,2018,9,1144.93711,6.420167186393932e-4,1144.93711,6.420167186393932e-4
47260,2018,10,1143.73772,-0.001047518036951245,1143.73772,-0.001047518036951245
47260,2018,11,1143.69052,-3.932311806109645e-5,1143.69052,-3.932311806109645e-5
47260,2018,12,1144.70746,8.913590604027188e-4,1144.70746,8.913590604027188e-4
47260,2019,1,1144.41626,-2.4883440725032013e-4,1144.41626,-2.4883440725032013e-4
47260,2019,2,1144.31322,-9.169865202984795e-5,1144.31322,-9.169865202984795e-5
47260,2019,3,1147.3918,0.0026857067994234818,1147.3918,0.0026857067994234818
47260,2019,4,1153.65948,0.005461553537597252,1153.65948,0.005461553537597252
47260,2019,5,1160.64362,0.006055644354346246,1160.64362,0.006055644354346246
47260,2019,6,1169.93691,0.008008370038362633,1169.93691,0.008008370038362633
47260,2019,7,1173.26383,0.0028447314804136425,1173.26383,0.0028447314804136425
47260,2019,8,1175.19474,0.0016483305861156872,1175.19474,0.0016483305861156872
47260,2019,9,1170.9007,-0.0036611812731216498,1170.9007,-0.0036611812731216498
47260,2019,10,1173.07432,0.0018565227968194709,1173.07432,0.0018565227968194709
47260,2019,11,1174.05971,8.434720376240268e-4,1174.05971,8.434720376240268e-4
47260,2019,12,1176.34293,0.0019409045636795685,1176.34293,0.0019409045636795685
47260,2020,1,1174.31879,-0.001720490403486985,1174.31879,-0.001720490403486985
47260,2020,2,1177.90268,0.003051154715246751,1177.90268,0.003051154715246751
47260,2020,3,1181.74885,0.0032709685630649687,1185.0259724967373,0.006047437209954672
47260,2020,4,1182.64307,7.611605160666723e-4,1192.640727423099,0.006425812685200816
47260,2020,5,1180.06499,-0.002180333895318576,1198.8658455203313,0.00521960885126127
47260,2020,6,1184.82793,0.004027186686146322,1205.5593198511979,0.005583172092087733
47260,2020,7,1198.77093,0.011767385362891014,1210.1581365357563,0.00381467473962697
47260,2020,8,1215.17766,0.013694004652209824,1213.1796344994968,0.002496779447676308
47260,2020,9,1229.44797,0.011744821545332185,1210.223348860484,-0.0024368078353312526
47260,2020,10,1236.87527,0.006035922886512557,1210.887458847285,5.487499372957745e-4
47260,2020,11,1242.8977,0.0048724910307378355,1212.1641098386951,0.0010543101938022363
47260,2020,12,1240.93697,-0.0015801027669891665,1215.2654483535769,0.0025585137273983114
47260,2021,1,1243.51766,0.002077922077922123,1215.0728819108283,-1.5845628048538618e-4
47260,2021,2,1249.7042,0.004979083028922027,1218.7760138174885,0.003047662376298499
47260,2021,3,1266.85598,0.013723608445297408,1226.1464852340487,0.006047437209954672
47260,2021,4,1294.57906,0.02188062103569055,1234.0254728727798,0.006425812685200816
47260,2021,5,1333.31153,0.029923685338088868,1240.4666031536683,0.00521960885126127
47260,2021,6,1387.74793,0.04082665257429419,1247.392341673563,0.005583172092087733
47260,2021,7,1426.06948,0.02761213378273264,1252.1507377297492,0.00381467473962697
47260,2021,8,1455.78161,0.020835961481855403,1255.2770819571053,0.002496779447676308
47260,2021,9,1467.36347,0.007950075175581217,1252.2182129282803,-0.0024368078353312526
47260,2021,10,1473.30507,0.004056069801181117,1252.9053675941054,5.487499372957745e-4
47260,2021,11,1471.88412,-9.666751462732437e-4,1254.2263184950295,0.0010543101938022363
47260,2021,12,1453.18375,-0.012701161132613548,1257.4352737481634,0.0025585137273983114
47260,2022,1,1439.2554,-0.009583939422075027,1257.2360252317342,-1.5845628048538618e-4
47260,2022,2,1430.61667,-0.006010166243073267,1261.06765616396,0.003047662376298499
47260,2022,3,1441.24977,0.007440242279438625,1268.6938836321162,0.006047437209954672
47260,2022,4,1462.84818,0.014978624254969652,1276.846272883196,0.006425812685200816
47260,2022,5,1482.12739,0.013179335294177807,1283.5109109908371,0.00521960885126127
47260,2022,6,1499.16923,0.01150076368307662,1290.6769732889713,0.005583172092087733
47260,2022,7,1508.26491,0.00607000000000002,1295.600486135995,0.00381467473962697
47260,2022,8,1516.17715,0.005238204101106092,1298.8353148021786,0.002496779447676308
47260,2022,9,1516.29112,7.910297229418717e-5,1295.6703027302638,-0.0024368078353312526
47260,2022,10,1510.04135,-0.00412291629590078,1296.381301727643,5.487499372957745e-4
47260,2022,11,1493.33878,-0.011059816331595806,1297.748089749109,0.0010543101938022363
47260,2022,12,1475.62352,-0.011866159359910089,1301.068396051437,0.0025585137273983114
47260,2023,1,1463.17195,-0.008432474169198123,1300.8622335927419,-1.5845628048538618e-4
47260,2023,2,1456.91851,-0.004272584760089737,1304.82682247881,0.003047662376298499
47260,2023,3,1469.26368,0.008468646457162832,1312.717680757615,0.006047437209954672
47260,2023,4,1486.89587,0.011999387786337357,1321.1529586827148,0.006425812685200816
47260,2023,5,1508.89695,0.014801222008247628,1328.048860359725,0.00521960885126127
47260,2023,6,1520.6354,0.007779510973780157,1335.4635856938144,0.005583172092087733
47260,2023,7,1522.65043,0.0013210821042668464,1340.5579448998526,0.00381467473962697
47260,2023,8,1522.30255,-2.264537345174622e-4,1343.9050224250975,0.002496779447676308
47260,2023,9,1521.31442,-6.499709482683524e-4,1340.630184136511,-0.0024368078353312526
47260,2023,10,1524.08373,0.0018230732087074486,1341.3658548659926,5.487499372957745e-4
47260,2023,11,1520.60905,-0.0022820719639591314,1342.7800705603963,0.0010543101938022363
47260,2023,12,1511.36026,-0.0060830129153111034,1346.2155918038018,0.0025585137273983114
47260,2024,1,1506.00418,-0.003541209963000891,1346.0022754883933,-1.5845628048538618e-4
47260,2024,2,1512.1764,0.004101298080751992,1350.1044359818113,0.003047662376298499
47260,2024,3,1524.96822,0.008456596740294087,1358.2691077852924,0.006047437209954672
47260,2024,4,1541.46624,0.010813892903137168,1366.9970906480155,0.006425812685200816
47260,2024,5,1555.39964,0.009044844924674722,1374.1322807620104,0.00521960885126127
47260,2024,6,1567.63647,0.00786498443388517,1381.804297762798,0.005583172092087733
47260,2024,7,1575.51003,0.005020704428739364,1387.0754317125816,0.00381467473962697
47260,2024,8,1580.3422,0.003073497506946188,1390.5386531428583,0.002496779447676308
47260,2024,9,1574.84759,-0.0034814779680309993,1387.1501776575485,-0.0024368078353312526
47260,2024,10,1567.28031,-0.004807326174701143,1387.911376230558,5.487499372957745e-4
47260,2024,11,1556.82013,-0.00666711305395884,1389.374665342612,0.0010543101938022363
47260,2024,12,1552.2377,-0.002946671032105108,1392.9293994963905,0.0025585137273983114
47260,2025,1,1550.95149,-8.305968707746914e-4,1392.7086810847675,-1.5845628048538618e-4
47260,2025,2,1557.72589,0.004369091576932771,1396.9531869332538,0.003047662376298499
47260,2025,3,1572.14306,0.00925836814043457,1405.401173616479,0.006047437209954672
47260,2025,4,1587.5325,0.009783728115345003,1414.4320183056998,0.006425812685200816
47260,2025,5,1600.70686,0.008300753583772469,1421.8148001879554,0.00521960885126127
47260,2025,6,1611.63838,0.006827568767385106,1429.7530369004821,0.005583172092087733
47260,2025,7,1619.09096,0.004623169801492022,1435.2070796942517,0.00381467473962697
47260,2025,8,1623.39516,0.0026574320132592977,1438.7904752339919,0.002496779447676308
47260,2025,9,1621.35955,-0.0012466985575235734,1435.2844193305414,-0.0024368078353312526
47260,2025,10,1620.37728,-6.102578801859826e-4,1436.0720315656506,5.487499372957745e-4
47260,2025,11,1621.95722,9.714576490724713e-4,1437.5860969475648,0.0010543101938022363
47260,2025,12,1622.86139,5.638229041500242e-4,1441.264180710922,0.0025585137273983114
47260,2026,1,1628.49743,0.0034734090216257396,1441.0358033496495,-1.5845628048538618e-4
47260,2026,2,1641.68158,0.008091910850893225,1445.4275939504175,0.003047662376298499
47260,2026,3,1658.832,0.010446916150713248,1454.1687265663684,0.006047437209954672
47260,2026,4,1671.94724,0.00790781744238589,1463.5129424159609,0.006425812685200816
47260,2026,5,1679.78658,0.004689531495180255,1471.1519075241306,0.00521960885126127
47260,2026,6,1694.00489,0.008460659717264063,1479.365601797441,0.005583172092087733
47260,2026,7,1713.74881,0.011655279832914367,1485.0089003892908,0.00381467473962697
47260,2026,8,1732.38552,0.010873653915127734,1488.7166400913989,0.002496779447676308
47900,2017,1,1736.24215,NA,1736.24215,NA
47900,2017,2,1742.93167,0.003843674648458917,1742.93167,0.003843674648458917
47900,2017,3,1755.29305,0.007099029680365243,1755.29305,0.007099029680365243
47900,2017,4,1771.79425,0.009398651600486474,1771.79425,0.009398651600486474
47900,2017,5,1784.71201,0.007287487279065141,1784.71201,0.007287487279065141
47900,2017,6,1795.83189,0.006236064659977725,1795.83189,0.006236064659977725
47900,2017,7,1800.83882,0.002781336195455175,1800.83882,0.002781336195455175
47900,2017,8,1800.75759,-4.603521694102053e-5,1800.75759,-4.603521694102053e-5
47900,2017,9,1786.17305,-0.008091061851161263,1786.17305,-0.008091061851161263
47900,2017,10,1772.11775,-0.007866980727057604,1772.11775,-0.007866980727057604
47900,2017,11,1755.23241,-0.009531606338810561,1755.23241,-0.009531606338810561
47900,2017,12,1747.83848,-0.004215373715904969,1747.83848,-0.004215373715904969
47900,2018,1,1744.95738,-0.0016482278586081867,1744.95738,-0.0016482278586081867
47900,2018,2,1754.19179,0.005297289593082732,1754.19179,0.005297289593082732
47900,2018,3,1769.18872,0.00854206049149342,1769.18872,0.00854206049149342
47900,2018,4,1786.91153,0.010016049107927305,1786.91153,0.010016049107927305
47900,2018,5,1805.90598,0.0106358301050824,1805.90598,0.0106358301050824
47900,2018,6,1823.41103,0.009697595684856841,1823.41103,0.009697595684856841
47900,2018,7,1836.90848,0.007399408956580977,1836.90848,0.007399408956580977
47900,2018,8,1839.19008,0.0012411007435322308,1839.19008,0.0012411007435322308
47900,2018,9,1830.70695,-0.004608918087468106,1830.70695,-0.004608918087468106
47900,2018,10,1818.11103,-0.006883122764117178,1818.11103,-0.006883122764117178
47900,2018,11,1806.19565,-0.006554648670831331,1806.19565,-0.006554648670831331
47900,2018,12,1804.43499,-9.753410825138475e-4,1804.43499,-9.753410825138475e-4
47900,2019,1,1807.91264,0.001929614995865192,1807.91264,0.001929614995865192
47900,2019,2,1819.25638,0.006270634629493843,1819.25638,0.006270634629493843
47900,2019,3,1834.3007,0.008270770913316516,1834.3007,0.008270770913316516
47900,2019,4,1853.22173,0.010315801367154265,1853.22173,0.010315801367154265
47900,2019,5,1872.14842,0.010210472164441153,1872.14842,0.010210472164441153
47900,2019,6,1888.42478,0.008690261372064967,1888.42478,0.008690261372064967
47900,2019,7,1896.35274,0.004203432986522593,1896.35274,0.004203432986522593
47900,2019,8,1895.52844,-4.3716324768572346e-4,1895.52844,-4.3716324768572346e-4
47900,2019,9,1880.71482,-0.007817710668168276,1880.71482,-0.007817710668168276
47900,2019,10,1865.254,-0.008220929207440775,1865.254,-0.008220929207440775
47900,2019,11,1848.98423,-0.008722416053690063,1848.98423,-0.008722416053690063
47900,2019,12,1841.75787,-0.003900776792619798,1841.75787,-0.003900776792619798
47900,2020,1,1839.45328,-0.0012490856917797277,1839.45328,-0.0012490856917797277
47900,2020,2,1849.02361,0.00519413209545494,1849.02361,0.00519413209545494
47900,2020,3,1865.37301,0.008843804292999913,1863.7614752351765,0.007970620361725059
47900,2020,4,1863.29203,-0.0011110617305897241,1882.2316633711243,0.009910167358522681
47900,2020,5,1860.57377,-0.001457109806015211,1899.8830998707822,0.009377929849529565
47900,2020,6,1845.73078,-0.007986811179307773,1915.477290778275,0.008207973905633178
47900,2020,7,1840.50185,-0.0028296802012216515,1924.6614796352476,0.004794726046186248
47900,2020,8,1823.30667,-0.00934642583667411,1925.1477147424268,2.526340929684956e-4
47900,2020,9,1801.62502,-0.011889876554436407,1911.9811863479374,-0.006839230202265882
47900,2020,10,1775.81793,-0.014322197680839421,1897.3411255643587,-0.007657010899538519
47900,2020,11,1745.0398,-0.017331325933965913,1881.650954938006,-0.008269557021110652
47900,2020,12,1723.38077,-0.012411221169148834,1875.9486169933098,-0.0030304971970128713
47900,2021,1,1721.39268,-0.001154498334395626,1876.212550898798,1.4069356862850269e-4
47900,2021,2,1732.14891,0.00624872075803351,1885.851029309216,0.005137199623678497
47900,2021,3,1752.32067,0.011642098210012497,1900.8824319226082,0.007970620361725059
47900,2021,4,1776.54777,0.013826301907769567,1919.7204949518368,0.009910167358522681
47900,2021,5,1814.14616,0.021162416295293696,1937.7234990841994,0.009377929849529565
47900,2021,6,1862.38481,0.026595987753050165,1953.6282830010146,0.008207973905633178
47900,2021,7,1910.19639,0.025673269530380738,1962.9953954140856,0.004794726046186248
47900,2021,8,1950.32273,0.021005348986079753,1963.4913149753074,2.526340929684956e-4
47900,2021,9,1975.50522,0.012911384334187037,1950.0625458720417,-0.006839230202265882
47900,2021,10,1982.18843,0.003388656916846644,1935.1308957035176,-0.007657010899538519
47900,2021,11,1977.60633,-0.00232118024696526,1919.1282204181844,-0.008269557021110652
47900,2021,12,1967.43586,-0.005135245600980998,1913.3123077254986,-0.0030304971970128713
47900,2022,1,1963.90592,-0.0018013462693170501,1913.5814984619733,1.4069356862850269e-4
47900,2022,2,1971.68042,0.00395744950294441,1923.4119486157504,0.005137199623678497
47900,2022,3,1988.05521,0.008314675244131875,1938.7427350573726,0.007970620361725059
47900,2022,4,2010.81729,0.011446561861473636,1957.9560000269112,0.009910167358522681
47900,2022,5,2039.1509,0.014089587928511227,1976.317574043629,0.009377929849529565
47900,2022,6,2072.54077,0.01637378162192915,1992.5391371206233,0.008207973905633178
47900,2022,7,2101.01884,0.013740000000000085,2002.0928164194213,0.004794726046186248
47900,2022,8,2115.13425,0.006717698818237361,2002.598613322136,2.526340929684956e-4
47900,2022,9,2108.92658,-0.0029297927588065598,1988.9023804028877,-0.006839230202265882
47900,2022,10,2084.59896,-0.011537403199811447,1973.6733331980245,-0.007657010899538519
47900,2022,11,2051.657,-0.015807997454812872,1957.3519290280979,-0.008269557021110652
47900,2022,12,2025.41564,-0.012788912235332184,1951.4201794936105,-0.0030304971970128713
47900,2023,1,2018.75348,-0.003284693940200145,1951.6947317625575,1.4069356862850269e-4
47900,2023,2,2028.36565,0.004763615830809531,1961.720977204103,0.005137199623678497
47900,2023,3,2050.87495,0.011096465683720247,1977.3571103690294,0.007970620361725059
47900,2023,4,2069.58715,0.009115254408569529,1996.9530502603516,0.009910167358522681
47900,2023,5,2091.08649,0.010394864656458891,2015.680335878497,0.009377929849529565
47900,2023,6,2105.87223,0.007066752564547363,2032.2249874774857,0.008207973905633178
47900,2023,7,2122.70836,0.008001338477285236,2041.9689495566545,0.004794726046186248
47900,2023,8,2128.96673,0.002948614053758458,2042.4848205300952,2.526340929684956e-4
47900,2023,9,2124.5361,-0.0020832724900947674,2028.5157966578563,-0.006839230202265882
47900,2023,10,2114.31218,-0.004819089055595249,2012.9834290929612,-0.007657010899538519
47900,2023,11,2097.32219,-0.00802823114247897,1996.3369478435259,-0.008269557021110652
47900,2023,12,2085.55369,-0.0056128700739158655,1990.287054318793,-0.0030304971970128713
47900,2024,1,2082.458,-0.0014807011964860228,1990.56707490706,1.4069356862850269e-4
47900,2024,2,2095.91408,0.006459061097343621,2000.7930153351795,0.005137199623678497
47900,2024,3,2119.28646,0.01114429238193182,2016.7405768828075,0.007970620361725059
47900,2024,4,2138.01474,0.008840643489315791,2036.7268135184395,0.009910167358522681
47900,2024,5,2160.28585,0.010420806715846442,2055.8270946982716,0.009377929849529565
47900,2024,6,2178.93441,0.008624824913176177,2072.7012698460485,0.008207973905633178
47900,2024,7,2197.87417,0.008693749821654384,2082.6393046105422,0.004794726046186248
47900,2024,8,2201.4566,0.0016313521363169325,2083.1654503022432,2.526340929684956e-4
47900,2024,9,2194.54736,-0.0031350028243268824,2068.9182022382192,-0.006839230202265882
47900,2024,10,2178.51958,-0.007309679186302431,2053.0764730134274,-0.007657010899538519
47900,2024,11,2161.08332,-0.008000913302826262,2036.0984400511422,-0.008269557021110652
47900,2024,12,2149.14968,-0.005524014116924936,2029.928049435725,-0.0030304971970128713
47900,2025,1,2154.53276,0.0025073291158770328,2030.213647257059,1.4069356862850269e-4
47900,2025,2,2168.26662,0.006377698256954778,2040.6432600417345,0.005137199623678497
47900,2025,3,2188.52469,0.009338647855552162,2056.9084527612404,0.007970620361725059
47900,2025,4,2200.2789,0.005369521572786917,2077.2927597692646,0.009910167358522681
47900,2025,5,2208.80338,0.003880824769458169,2096.7734655473164,0.009377929849529565
47900,2025,6,2211.39145,0.001172882946282039,2113.9837274385527,0.008207973905633178
47900,2025,7,2207.18426,-0.0019025304592314995,2124.119700277716,0.004794726046186248
47900,2025,8,2199.47043,-0.0035024460782933087,2124.6563253315526,2.526340929684956e-4
47900,2025,9,2184.8779,-0.006633749199050132,2110.12531162191,-0.006839230202265882
47900,2025,10,2166.22215,-0.008537279453614266,2093.968059111429,-0.007657010899538519
47900,2025,11,2143.11133,-0.010667814772292394,2076.651870846222,-0.008269557021110652
47900,2025,12,2122.73937,-0.009506310139741792,2070.3585831724513,-0.0030304971970128713
47900,2026,1,2116.56112,-0.002909531155415812,2070.6498693098583,1.4069356862850269e-4
47900,2026,2,2122.58782,0.002849477106263043,2081.287211039247,0.005137199623678497
47900,2026,3,2137.0118,0.00679587950983751,2097.8763612621547,0.007970620361725059
47900,2026,4,2149.06223,0.005634704347741826,2118.666667099751,0.009910167358522681
47900,2026,5,2160.38224,0.005265594259923567,2138.5353744783492,0.009377929849529565
47900,2026,6,2167.29023,0.003204205759895551,2156.0884170283407,0.008207973905633178
47900,2026,7,2172.3179,0.002314195004399,2166.4262703193467,0.004794726046186248
47900,2026,8,2173.87964,7.250939759955166e-4,2166.973583455132,2.526340929684956e-4
